model,state,year,median,q2.5,q97.5
Main,Andaman & Nicobar Islands,2023,1.2059077006213919,1.0052774102327209,1.4611466815513519
Main,Andaman & Nicobar Islands,2024,1.1984237863879437,0.9916351214815464,1.4512366192152766
Main,Andaman & Nicobar Islands,2025,1.1932004823184028,0.9750132855569286,1.4600497174189104
Main,Andaman & Nicobar Islands,2026,1.1853270793980883,0.964528395680226,1.4603661650158697
Main,Andaman & Nicobar Islands,2027,1.1789792374438335,0.9537425076064605,1.4603861263892606
Main,Andaman & Nicobar Islands,2028,1.1726600056383336,0.938983204409291,1.462763823689316
Main,Andaman & Nicobar Islands,2029,1.1667332703190239,0.9270576173061184,1.4631373506907004
Main,Andaman & Nicobar Islands,2030,1.158497631232049,0.9205111164231613,1.4622905574721061
Main,Andaman & Nicobar Islands,2031,1.153173766738142,0.917760099632711,1.4623334294271726
Main,Andaman & Nicobar Islands,2032,1.147629724309406,0.8990097760224021,1.4716621843573006
Main,Andaman & Nicobar Islands,2033,1.1408426981576083,0.8959574726907977,1.4650539737123232
Main,Andaman & Nicobar Islands,2034,1.1352789946484236,0.8860624200591423,1.461043233705287
Main,Andaman & Nicobar Islands,2035,1.131887620898734,0.8816088397706684,1.4518783407663756
Main,Andaman & Nicobar Islands,2036,1.12498744783526,0.8706923327705308,1.4509772851132292
Main,Andaman & Nicobar Islands,2037,1.1212174945823432,0.8582529559812904,1.4510902668949737
Main,Andaman & Nicobar Islands,2038,1.1133029763595013,0.8521609535274351,1.447381504153263
Main,Andaman & Nicobar Islands,2039,1.1078369126734922,0.8477627196136971,1.4401127275242922
Main,Andaman & Nicobar Islands,2040,1.1055596627704276,0.8417836908177752,1.4420774510100056
Main,Andaman & Nicobar Islands,2041,1.100403115456687,0.8336277991261818,1.4424857710911658
Main,Andaman & Nicobar Islands,2042,1.094377388884795,0.8307592953196532,1.4522454512896212
Main,Andaman & Nicobar Islands,2043,1.0910334544436737,0.8200010463388712,1.4471767467534444
Main,Andaman & Nicobar Islands,2044,1.0871990441762134,0.8160778223917778,1.4466066071680317
Main,Andaman & Nicobar Islands,2045,1.080384349075682,0.8037238016822416,1.4429568501514856
Main,Andaman & Nicobar Islands,2046,1.0779080129947367,0.8043718753290311,1.4517428540313297
Main,Andaman & Nicobar Islands,2047,1.0746859766094086,0.7971292351262826,1.447778257560185
Main,Andaman & Nicobar Islands,2048,1.0691662706556042,0.7913747170358147,1.4408111742761824
Main,Andaman & Nicobar Islands,2049,1.068536567915957,0.7876194800793357,1.4422627400137777
Main,Andaman & Nicobar Islands,2050,1.0653524011613396,0.7823432453995438,1.4367503038142437
Main,Andhra Pradesh,2024,1.4941298030868726,1.3459052518348316,1.6583669155431302
Main,Andhra Pradesh,2025,1.4772070390354997,1.3031815252950156,1.6694529364585282
Main,Andhra Pradesh,2026,1.4608135588881561,1.2712945607212995,1.6738580650014245
Main,Andhra Pradesh,2027,1.4441210506649438,1.2396700839406876,1.6786070353187839
Main,Andhra Pradesh,2028,1.4306455904732085,1.2112829989197247,1.6845567463303284
Main,Andhra Pradesh,2029,1.4105033237627205,1.186202112074729,1.6807186882846503
Main,Andhra Pradesh,2030,1.4000756328539705,1.1679925832602391,1.6819852187822764
Main,Andhra Pradesh,2031,1.3871551810361034,1.1479412988699986,1.6813944228626785
Main,Andhra Pradesh,2032,1.372546619467185,1.1304690091957215,1.671042396142016
Main,Andhra Pradesh,2033,1.3608815164426136,1.102178971649382,1.6696551512386855
Main,Andhra Pradesh,2034,1.3479621124990604,1.0894601747487762,1.6662242891338719
Main,Andhra Pradesh,2035,1.3365793948061508,1.0663935853863458,1.6636713930999563
Main,Andhra Pradesh,2036,1.3258104757417757,1.053191189472677,1.663556434892334
Main,Andhra Pradesh,2037,1.313981930150407,1.0436264655359901,1.6494018955990208
Main,Andhra Pradesh,2038,1.300977031686522,1.0300782238053883,1.6456517858576354
Main,Andhra Pradesh,2039,1.2884880920616362,1.0203541905522928,1.6398560023501088
Main,Andhra Pradesh,2040,1.2786210410013101,1.0004974352958584,1.6296968398009426
Main,Andhra Pradesh,2041,1.270953403605736,0.9850883602962,1.6183983940676752
Main,Andhra Pradesh,2042,1.2579787173166668,0.9815386909760233,1.6225635458220309
Main,Andhra Pradesh,2043,1.2512200175408832,0.9654930237741739,1.6151881153277425
Main,Andhra Pradesh,2044,1.2443719144622165,0.9619563229521414,1.6093459459720572
Main,Andhra Pradesh,2045,1.236306912277023,0.9456867948801223,1.6067876148561897
Main,Andhra Pradesh,2046,1.2245455087789634,0.9452209429618249,1.5956110841071576
Main,Andhra Pradesh,2047,1.2166383709152089,0.9301388205816905,1.590912745140464
Main,Andhra Pradesh,2048,1.2069306918278064,0.9198417830387539,1.5987348092730158
Main,Andhra Pradesh,2049,1.199358260228896,0.9130102747759125,1.5820286642348032
Main,Andhra Pradesh,2050,1.1929063080233373,0.9006121949285502,1.5702482455237199
Main,Arunachal Pradesh,2023,1.737556429527619,1.470633046777996,2.037522478517127
Main,Arunachal Pradesh,2024,1.7167964199013568,1.4407171712600733,2.0272735971911193
Main,Arunachal Pradesh,2025,1.699096345083051,1.4173575095076165,2.0192596664433444
Main,Arunachal Pradesh,2026,1.6782247451906058,1.391772179973661,2.0109373423589356
Main,Arunachal Pradesh,2027,1.6595881193334665,1.3705517833153984,2.0055147600579843
Main,Arunachal Pradesh,2028,1.641887795082207,1.3507855698107392,1.9946840877700855
Main,Arunachal Pradesh,2029,1.623258081764266,1.3263348367774084,1.9861319142228797
Main,Arunachal Pradesh,2030,1.6045183713513154,1.3110807272538063,1.9655494327523124
Main,Arunachal Pradesh,2031,1.5880236037374083,1.2910827964206857,1.9591865857784716
Main,Arunachal Pradesh,2032,1.5727345160746653,1.2714850586597828,1.959955520011481
Main,Arunachal Pradesh,2033,1.555962587922786,1.2569513272876187,1.9403496233119304
Main,Arunachal Pradesh,2034,1.543658091300276,1.237631259638715,1.9350305871494076
Main,Arunachal Pradesh,2035,1.5272047281926053,1.2161646924867637,1.9321308073832355
Main,Arunachal Pradesh,2036,1.512258827145607,1.1984857682660968,1.9067152551109943
Main,Arunachal Pradesh,2037,1.5005444841540294,1.1868625263954367,1.8979621786492844
Main,Arunachal Pradesh,2038,1.4860486850748806,1.1744792037904352,1.8913380825546033
Main,Arunachal Pradesh,2039,1.4735347522477502,1.1577813178448348,1.8812500945938135
Main,Arunachal Pradesh,2040,1.462779663783076,1.1408144955822797,1.8795935098287446
Main,Arunachal Pradesh,2041,1.450332487228748,1.1288648453992052,1.8623223585985897
Main,Arunachal Pradesh,2042,1.435139173200393,1.1167294008721056,1.853001196147651
Main,Arunachal Pradesh,2043,1.4272896470861638,1.1091687541202657,1.8375413384802555
Main,Arunachal Pradesh,2044,1.4188693568131483,1.0957751585618318,1.8280087124340643
Main,Arunachal Pradesh,2045,1.4057256735549564,1.0792954869885145,1.820513134101059
Main,Arunachal Pradesh,2046,1.392451629788778,1.065319994196322,1.8076085138188933
Main,Arunachal Pradesh,2047,1.3852711224885468,1.0574439521877959,1.7983699740333439
Main,Arunachal Pradesh,2048,1.3778641645628145,1.050091832149804,1.7811558627753747
Main,Arunachal Pradesh,2049,1.3687633083572415,1.0427752982906506,1.7739402754234075
Main,Arunachal Pradesh,2050,1.3602784921401485,1.0321514969887133,1.7603116922029507
Main,Assam,2024,2.0080558416262333,1.8499741538359504,2.1795760657354
Main,Assam,2025,1.9872868453751624,1.8019573087204608,2.18366635847501
Main,Assam,2026,1.9649441835455557,1.756997557545821,2.188708604838061
Main,Assam,2027,1.9450960139623503,1.725455307384707,2.1959810029503672
Main,Assam,2028,1.927146900784252,1.6943777148780967,2.1844392918628537
Main,Assam,2029,1.9063679584920699,1.665529753426231,2.180573636525125
Main,Assam,2030,1.8863442310467744,1.6314743411577808,2.182819937985787
Main,Assam,2031,1.8685163332693415,1.6116014984154265,2.177492707912541
Main,Assam,2032,1.8503517613140832,1.5838157905834678,2.1811901375017464
Main,Assam,2033,1.8341869000680053,1.5601302263986847,2.165035116177625
Main,Assam,2034,1.8146259144215984,1.5310537393938533,2.1614555531243784
Main,Assam,2035,1.7971772808311632,1.507598344477848,2.1473674272309955
Main,Assam,2036,1.7800841390066382,1.4808958481827657,2.133717743906173
Main,Assam,2037,1.7633979400467226,1.457919813775896,2.131025870972626
Main,Assam,2038,1.7467100335674388,1.4379945389878732,2.1270387779417694
Main,Assam,2039,1.7296046184472529,1.423396312580333,2.1134810342750896
Main,Assam,2040,1.7153927900150852,1.3953319153573587,2.0929682338049886
Main,Assam,2041,1.7010889814986188,1.3807476301921575,2.088223272756032
Main,Assam,2042,1.6845561800362228,1.3667820617020805,2.0799755417905974
Main,Assam,2043,1.671135917638574,1.351132764502935,2.0668301416776855
Main,Assam,2044,1.6585433454560454,1.3370488025396978,2.048331358202387
Main,Assam,2045,1.6481630490512948,1.3248208376152537,2.0423065622029384
Main,Assam,2046,1.6355782195086017,1.3091118146770824,2.0328051503387576
Main,Assam,2047,1.6233981220375644,1.2906155115037787,2.0270464095310574
Main,Assam,2048,1.6126832099413198,1.2758611620650302,2.0273584705308396
Main,Assam,2049,1.597470716510958,1.258213818466996,2.0225568113952517
Main,Assam,2050,1.5867403032585203,1.2456876669138006,1.9969552487900404
Main,Bihar,2024,2.82812086353697,2.599987867013357,3.084481195422693
Main,Bihar,2025,2.789165004797169,2.5243895534897782,3.0731839139947366
Main,Bihar,2026,2.746179560584098,2.4548871071538843,3.0557258041442763
Main,Bihar,2027,2.7097590169263874,2.3995794408767726,3.03803667287782
Main,Bihar,2028,2.668463561972744,2.339137169482104,3.016132886284236
Main,Bihar,2029,2.6311433098215717,2.285395193853782,3.0032350685146425
Main,Bihar,2030,2.5952117914443966,2.247475749951199,2.9819085556811076
Main,Bihar,2031,2.5567224236512116,2.1895812934089554,2.964853006719067
Main,Bihar,2032,2.520277068333243,2.1418324253181122,2.9422321490919705
Main,Bihar,2033,2.485410209449083,2.092989849718297,2.920836830843081
Main,Bihar,2034,2.4566011031998993,2.050883336993646,2.8931783329197036
Main,Bihar,2035,2.427699881696431,2.0203873092732554,2.872510784874912
Main,Bihar,2036,2.3964314261813726,1.9874676511315872,2.855288403360019
Main,Bihar,2037,2.365451585658218,1.9578793165389572,2.8380314054637292
Main,Bihar,2038,2.3362574984739872,1.917106401281182,2.820369913287169
Main,Bihar,2039,2.308464561311219,1.8946327715942735,2.792166413884135
Main,Bihar,2040,2.279690992199769,1.8569062245797117,2.760619247571577
Main,Bihar,2041,2.252735136640856,1.8261389525464131,2.747327192243803
Main,Bihar,2042,2.2237672771322763,1.8056127594505502,2.728960831499165
Main,Bihar,2043,2.200191127529588,1.771646578938777,2.699920188844536
Main,Bihar,2044,2.1763072917229724,1.7641745906279351,2.670424801767237
Main,Bihar,2045,2.153308589631941,1.7348272999418541,2.6550702450590147
Main,Bihar,2046,2.126346957652197,1.7094482107818423,2.6291205037398715
Main,Bihar,2047,2.1051898603131334,1.6770817111969416,2.613133132871287
Main,Bihar,2048,2.080615670082694,1.6491892773966876,2.597584025497146
Main,Bihar,2049,2.057297673250497,1.6209779248469192,2.5794735003006606
Main,Bihar,2050,2.0375466133705595,1.6047089240612333,2.566290272783721
Main,Chandigarh,2023,1.4649490127744214,1.2181113163075672,1.7556111762620148
Main,Chandigarh,2024,1.4480982142475112,1.1992025166948248,1.7594830795725753
Main,Chandigarh,2025,1.4335159817126906,1.1796090782292044,1.7493815311888623
Main,Chandigarh,2026,1.412994956453861,1.1515366944891605,1.7488096719008377
Main,Chandigarh,2027,1.4003480660291636,1.1352769424449498,1.7434444298756333
Main,Chandigarh,2028,1.384703410184239,1.1207414664753232,1.7290992028887062
Main,Chandigarh,2029,1.3703166964298519,1.0943785103724963,1.7255838318341759
Main,Chandigarh,2030,1.3578208610589875,1.077608408614471,1.7052015938761074
Main,Chandigarh,2031,1.3437561939830251,1.0625476110985363,1.698229718083359
Main,Chandigarh,2032,1.3300043585121744,1.0474892115338759,1.6904800920315517
Main,Chandigarh,2033,1.3159972271133853,1.0384562325475377,1.6836586831284095
Main,Chandigarh,2034,1.3066487568181175,1.0207907864796504,1.6835961533583614
Main,Chandigarh,2035,1.2973681879386518,1.0106232715146015,1.6776769811735148
Main,Chandigarh,2036,1.285131516145591,0.9950334752555545,1.6710868536585204
Main,Chandigarh,2037,1.2743239647481217,0.9900090205067602,1.6548941266197823
Main,Chandigarh,2038,1.2635820057324016,0.976757867772089,1.6463615152381834
Main,Chandigarh,2039,1.2550858482260214,0.9676835143458913,1.638383099673623
Main,Chandigarh,2040,1.2470792778591129,0.9588682779971981,1.6277111014521526
Main,Chandigarh,2041,1.2367357407977344,0.9448614256702947,1.6211316283598156
Main,Chandigarh,2042,1.225318663507341,0.9361448461182366,1.6168657726831468
Main,Chandigarh,2043,1.216990409636093,0.9303836047031219,1.6066131037686302
Main,Chandigarh,2044,1.2071713330701677,0.92598770173494,1.5988605714577115
Main,Chandigarh,2045,1.1965430510110764,0.9159648757491071,1.5915371144374943
Main,Chandigarh,2046,1.1899212539342847,0.902774044249763,1.5785412698513348
Main,Chandigarh,2047,1.1817175080256073,0.8960725245087378,1.5832595233973652
Main,Chandigarh,2048,1.1754752281328824,0.8932304573631034,1.592200081270674
Main,Chandigarh,2049,1.1655563415022896,0.8837568316306774,1.5823864787801218
Main,Chandigarh,2050,1.1608808602629264,0.8779284221146482,1.5777056822971844
Main,Chhattisgarh,2024,2.169295303006235,1.9970648479298805,2.360946650126971
Main,Chhattisgarh,2025,2.142451487884655,1.9462915886276975,2.362767318133917
Main,Chhattisgarh,2026,2.11868024471367,1.901037209506227,2.3571794315924426
Main,Chhattisgarh,2027,2.0975188791756096,1.854294277377826,2.354007706067717
Main,Chhattisgarh,2028,2.0733061176446164,1.8198423037426201,2.353793657201492
Main,Chhattisgarh,2029,2.049229004639791,1.783930261964369,2.3408983979027633
Main,Chhattisgarh,2030,2.0282550236164383,1.755026277295755,2.3341636324887602
Main,Chhattisgarh,2031,2.007940920522878,1.7224944810959162,2.3276898806075197
Main,Chhattisgarh,2032,1.9814148509711036,1.6869932241009322,2.315064526911636
Main,Chhattisgarh,2033,1.964513372579467,1.6605203834227056,2.311482315464566
Main,Chhattisgarh,2034,1.9418771261069598,1.6294415306313395,2.310808728554755
Main,Chhattisgarh,2035,1.9212558733181346,1.6055563931791763,2.2949538338529303
Main,Chhattisgarh,2036,1.9015228318386517,1.5859709389102368,2.2863487861218763
Main,Chhattisgarh,2037,1.8817648823481428,1.5636517508417183,2.2753837385873523
Main,Chhattisgarh,2038,1.8635757807610223,1.5373657985983467,2.2567003405582082
Main,Chhattisgarh,2039,1.8506552531187865,1.5124736668138183,2.2500110437566745
Main,Chhattisgarh,2040,1.831064623600672,1.4817193502436685,2.2416282995838905
Main,Chhattisgarh,2041,1.813269166219162,1.4658316151414783,2.22003222473331
Main,Chhattisgarh,2042,1.7925971468250572,1.4479682267253893,2.21850617366057
Main,Chhattisgarh,2043,1.7774252719710355,1.428030367700567,2.205956670966711
Main,Chhattisgarh,2044,1.76111148215527,1.406519899298704,2.1915033136273685
Main,Chhattisgarh,2045,1.7465184145436505,1.3930080286412825,2.182970606381426
Main,Chhattisgarh,2046,1.7315443033278033,1.3761469527446681,2.1622147082340217
Main,Chhattisgarh,2047,1.7159691401883057,1.3627322368279773,2.150970787973703
Main,Chhattisgarh,2048,1.7019208610153653,1.345486731617632,2.143907819742152
Main,Chhattisgarh,2049,1.6891071634812054,1.3305798761896288,2.1227368249732934
Main,Chhattisgarh,2050,1.6713694983149878,1.3233432001741008,2.110395709506676
Main,Dadra & Nagar Haveli and Daman & Diu,2023,1.9496516109683029,1.6874108739295324,2.2648708717464405
Main,Dadra & Nagar Haveli and Daman & Diu,2024,1.9297107564947653,1.6548212726219502,2.2567476710568086
Main,Dadra & Nagar Haveli and Daman & Diu,2025,1.9103365681994264,1.626920603042122,2.247814359786017
Main,Dadra & Nagar Haveli and Daman & Diu,2026,1.89047129854207,1.606415995050619,2.236829817789486
Main,Dadra & Nagar Haveli and Daman & Diu,2027,1.8704993323806178,1.5748840618749917,2.2346070351387333
Main,Dadra & Nagar Haveli and Daman & Diu,2028,1.8523121825249809,1.5458872978432774,2.214839710467748
Main,Dadra & Nagar Haveli and Daman & Diu,2029,1.835676971758115,1.515887319353387,2.208206962781491
Main,Dadra & Nagar Haveli and Daman & Diu,2030,1.8176070417563506,1.4908025103633624,2.195660666640518
Main,Dadra & Nagar Haveli and Daman & Diu,2031,1.8004078265345989,1.4785582925520662,2.1847353398527973
Main,Dadra & Nagar Haveli and Daman & Diu,2032,1.7794381178913419,1.461131451413538,2.175443574075313
Main,Dadra & Nagar Haveli and Daman & Diu,2033,1.7669688806082036,1.4371919252835865,2.1633220481249538
Main,Dadra & Nagar Haveli and Daman & Diu,2034,1.750618681976337,1.42525775726943,2.140404944127648
Main,Dadra & Nagar Haveli and Daman & Diu,2035,1.7336165817423494,1.4004136698723886,2.1284651524713953
Main,Dadra & Nagar Haveli and Daman & Diu,2036,1.7194823791165608,1.383473002128837,2.115576128011018
Main,Dadra & Nagar Haveli and Daman & Diu,2037,1.7051512897284593,1.36404168817599,2.1046523349651403
Main,Dadra & Nagar Haveli and Daman & Diu,2038,1.6917305740333068,1.3475276614937748,2.1001250476760704
Main,Dadra & Nagar Haveli and Daman & Diu,2039,1.6771043335818496,1.3275972437401267,2.094772044798522
Main,Dadra & Nagar Haveli and Daman & Diu,2040,1.6591719637503446,1.311890410537938,2.0850958053456834
Main,Dadra & Nagar Haveli and Daman & Diu,2041,1.645173585611682,1.2972123223864622,2.0719395335062862
Main,Dadra & Nagar Haveli and Daman & Diu,2042,1.6350628771889522,1.2945789200272997,2.0675250577217006
Main,Dadra & Nagar Haveli and Daman & Diu,2043,1.619550023381715,1.278256090114202,2.048108907184768
Main,Dadra & Nagar Haveli and Daman & Diu,2044,1.6098968142823977,1.261583808349081,2.050372335405348
Main,Dadra & Nagar Haveli and Daman & Diu,2045,1.5994947358644582,1.2466110527841743,2.0472266276105127
Main,Dadra & Nagar Haveli and Daman & Diu,2046,1.5824316489051666,1.2341477122063143,2.0297200683633743
Main,Dadra & Nagar Haveli and Daman & Diu,2047,1.57214609413503,1.2270897459526235,2.0156859762819472
Main,Dadra & Nagar Haveli and Daman & Diu,2048,1.5626248008825123,1.216880427460235,2.0031140341033287
Main,Dadra & Nagar Haveli and Daman & Diu,2049,1.5525583815663984,1.1926433279810789,1.995126856503851
Main,Dadra & Nagar Haveli and Daman & Diu,2050,1.5421745530509803,1.1817910105517178,1.9821679389661657
Main,Delhi,2024,1.2946957887602193,1.1786858874110797,1.4146304068615534
Main,Delhi,2025,1.2865665469091447,1.152029534440714,1.4277576505487084
Main,Delhi,2026,1.2794584914514782,1.1365566638388056,1.4381828085653625
Main,Delhi,2027,1.2696452537439458,1.118128260503002,1.4520149034135528
Main,Delhi,2028,1.2628472071257741,1.1012354256298091,1.4554455387375518
Main,Delhi,2029,1.254798852486113,1.0867648909719205,1.4608796722101667
Main,Delhi,2030,1.249304689830899,1.0650630102586705,1.4701346830477997
Main,Delhi,2031,1.2430136333518225,1.0569350366991308,1.4729894977489346
Main,Delhi,2032,1.238801692008868,1.0438145527640807,1.4817900581886823
Main,Delhi,2033,1.2311568589042947,1.029318085687709,1.4851360085548637
Main,Delhi,2034,1.2241705467990964,1.0121324447401825,1.4808938021277556
Main,Delhi,2035,1.2179955047898199,1.001742999063198,1.4753087938874707
Main,Delhi,2036,1.2130810496048676,0.9938041582436885,1.480297930076357
Main,Delhi,2037,1.2077396071436786,0.9793633845510455,1.4770251802628829
Main,Delhi,2038,1.1998963856302418,0.9749168155379367,1.4765192905957565
Main,Delhi,2039,1.1959409297538497,0.9611579762419442,1.4785857336067576
Main,Delhi,2040,1.189339914438781,0.9543599885189499,1.4826797719274465
Main,Delhi,2041,1.1836428498704157,0.9413450918393453,1.475606533078553
Main,Delhi,2042,1.1783440432725638,0.9378022717828882,1.4764263861373048
Main,Delhi,2043,1.1733789049039394,0.9250862976320475,1.4815196419049104
Main,Delhi,2044,1.170095499796148,0.920340797672204,1.474022917639059
Main,Delhi,2045,1.164283875559097,0.9089925614710498,1.4701582905549542
Main,Delhi,2046,1.1594880140093922,0.9081578450586367,1.4748434878553547
Main,Delhi,2047,1.1543508444917054,0.9019658978330094,1.4731898396835523
Main,Delhi,2048,1.1496314562145433,0.8970720403125588,1.4701850167690587
Main,Delhi,2049,1.1456784562663678,0.8877172003962919,1.4793475390042992
Main,Delhi,2050,1.1404489568213827,0.8821566231233192,1.4798705322714492
Main,Goa,2023,1.3502319658874353,1.1422288229588196,1.6057508339838125
Main,Goa,2024,1.338320541236266,1.1230082210264838,1.5994859698863042
Main,Goa,2025,1.3286882914377536,1.1008367913679626,1.6061814503050875
Main,Goa,2026,1.3210512685742377,1.0883238372120938,1.5969438171391135
Main,Goa,2027,1.3097418811512451,1.0716695786687307,1.5928861652524136
Main,Goa,2028,1.3024014633721892,1.056484208839431,1.5958899407336962
Main,Goa,2029,1.292575225289621,1.053576300806076,1.5979664403191565
Main,Goa,2030,1.2831842848367208,1.0383840454151523,1.5972516821542757
Main,Goa,2031,1.274829059113443,1.0260182386479293,1.5884531718689046
Main,Goa,2032,1.26657778197421,1.0103760904861756,1.587370950927244
Main,Goa,2033,1.2578594110420522,1.0046478830991534,1.5857351429204738
Main,Goa,2034,1.2525402584351022,0.9916017769125267,1.58640647473364
Main,Goa,2035,1.2460423956901818,0.9867229035984129,1.575791185057398
Main,Goa,2036,1.2346988411869302,0.9773154898443144,1.5742111534824013
Main,Goa,2037,1.2267039618303817,0.9655271777820479,1.5678108990690836
Main,Goa,2038,1.2193443997399522,0.9519854009542049,1.5727356101715255
Main,Goa,2039,1.2138523323867063,0.9425279502700469,1.5721350916196375
Main,Goa,2040,1.2080024169452264,0.9353122709774028,1.5604090445996073
Main,Goa,2041,1.2014483812035157,0.9236558011617235,1.5605802084355147
Main,Goa,2042,1.1962571612734627,0.9210974529240484,1.5456153935952277
Main,Goa,2043,1.18956919381437,0.9121666224180374,1.5524363740351796
Main,Goa,2044,1.184171627488237,0.9051689770965701,1.5443882223798902
Main,Goa,2045,1.178610532076442,0.8976862555809219,1.542687482346233
Main,Goa,2046,1.1708435868447062,0.888921398126169,1.5428559180476105
Main,Goa,2047,1.1672116223077245,0.8828760232297174,1.5410459479543435
Main,Goa,2048,1.1645971788088954,0.8789496655726527,1.5344340381525505
Main,Goa,2049,1.158158808397614,0.8686934135295898,1.536510054357329
Main,Goa,2050,1.1505861838125537,0.8653862643426353,1.521367045500179
Main,Gujarat,2024,1.8469776019296786,1.6897230083453012,2.0230556578600116
Main,Gujarat,2025,1.8222145379288888,1.640036706675576,2.019563936801045
Main,Gujarat,2026,1.7976263947076327,1.5950301229132318,2.02957252570282
Main,Gujarat,2027,1.776382305923914,1.5564468344364133,2.0186668975588957
Main,Gujarat,2028,1.7569822330598872,1.526384084735838,2.0239158654795952
Main,Gujarat,2029,1.731619733948031,1.4882685113035619,2.0157750839274544
Main,Gujarat,2030,1.712658765795541,1.463995870992426,2.014884385576053
Main,Gujarat,2031,1.6931918132560568,1.4298649506824574,2.0008628900952012
Main,Gujarat,2032,1.6731719582855806,1.4078294562167646,1.9959718960524238
Main,Gujarat,2033,1.6571831853258168,1.388867693012358,1.986735333060677
Main,Gujarat,2034,1.6407135699497348,1.3600394228815393,1.974006176344866
Main,Gujarat,2035,1.6252635845657513,1.3362591479300077,1.9644519396265179
Main,Gujarat,2036,1.6085205155240074,1.3085727623537864,1.9655153919306796
Main,Gujarat,2037,1.592438397183519,1.2898361074825357,1.945981249233156
Main,Gujarat,2038,1.5752102078807728,1.2679553889817807,1.9430191006482247
Main,Gujarat,2039,1.5593967193274563,1.2475206125885994,1.9399250419149707
Main,Gujarat,2040,1.5474054053840467,1.2356044262602641,1.9362248574342713
Main,Gujarat,2041,1.5329677639625334,1.2231684666524982,1.927833108690806
Main,Gujarat,2042,1.5155670365619003,1.206455850352423,1.9084614693495086
Main,Gujarat,2043,1.5038076030353302,1.1882321938904004,1.9119625072862165
Main,Gujarat,2044,1.4882936895205188,1.1803003277943722,1.8905448269961183
Main,Gujarat,2045,1.4760002799668333,1.1656397329737678,1.8804583276730764
Main,Gujarat,2046,1.4647353361597868,1.150165177226155,1.8699110468834492
Main,Gujarat,2047,1.453519923049563,1.1318407482113122,1.8544600638703193
Main,Gujarat,2048,1.4411519070379,1.1208831911803876,1.8547054924307873
Main,Gujarat,2049,1.4294183898246544,1.1129186421705521,1.8523105286030181
Main,Gujarat,2050,1.4160368698126131,1.1051285833932196,1.8297398811855106
Main,Haryana,2024,1.909013319407397,1.7433536582955604,2.0902958866620995
Main,Haryana,2025,1.8841335798494547,1.6938042462438871,2.102261221513427
Main,Haryana,2026,1.8604548505036886,1.651284782091993,2.1038917570169904
Main,Haryana,2027,1.8331016772673396,1.6086471566519107,2.094216939874142
Main,Haryana,2028,1.8130599656398922,1.568794179110452,2.0879120850027415
Main,Haryana,2029,1.7892013225722128,1.5366230466361555,2.086467972388057
Main,Haryana,2030,1.768744134163303,1.5082232845396426,2.073415657229554
Main,Haryana,2031,1.7478196586694026,1.4765348237002889,2.0693815193922913
Main,Haryana,2032,1.7273997335779252,1.4543975775925448,2.0608097519123647
Main,Haryana,2033,1.7069479938353367,1.4241000212348707,2.0445401326663073
Main,Haryana,2034,1.6883506642155197,1.395338229041282,2.036514198451916
Main,Haryana,2035,1.6714863081431712,1.376404841115956,2.0345919854050263
Main,Haryana,2036,1.6506032624250842,1.3514817631778502,2.0243447760677014
Main,Haryana,2037,1.634281219302283,1.3269951630937353,2.0205551856410175
Main,Haryana,2038,1.6146475154908053,1.3049021527036189,2.0025750108183735
Main,Haryana,2039,1.5984022564282774,1.2833253081918254,1.9949228579209808
Main,Haryana,2040,1.5800355346790997,1.261731930224372,1.9886794469240132
Main,Haryana,2041,1.5636129339492686,1.2408601164971946,1.9732296317669191
Main,Haryana,2042,1.5479111604248081,1.2296401685160192,1.9636533759851167
Main,Haryana,2043,1.537910466623197,1.2192803510368861,1.9496604152264532
Main,Haryana,2044,1.5237416556581893,1.2030775564860838,1.9308713431753817
Main,Haryana,2045,1.5095976129745976,1.1845951668980013,1.919947172031493
Main,Haryana,2046,1.4950098742797924,1.169476552636942,1.9064364283837734
Main,Haryana,2047,1.482183289814774,1.1569161238836645,1.89873025891543
Main,Haryana,2048,1.4684876527641166,1.1434026862368492,1.8853148106249398
Main,Haryana,2049,1.4546151164549437,1.1353305705100123,1.8696217338994152
Main,Haryana,2050,1.442809638644042,1.1225270112603698,1.8712725972581232
Main,Himachal Pradesh,2024,1.5312795669590114,1.3831579808682368,1.6860230123485762
Main,Himachal Pradesh,2025,1.5096027731109722,1.3452785774846796,1.6988195749320945
Main,Himachal Pradesh,2026,1.4923929321582545,1.3072007589058845,1.7090942671898601
Main,Himachal Pradesh,2027,1.4755679589141502,1.2720433335904708,1.7065050314326387
Main,Himachal Pradesh,2028,1.4563368335430251,1.2423068117045637,1.7104610162387142
Main,Himachal Pradesh,2029,1.4420785910189182,1.2187980738855164,1.7029299279798575
Main,Himachal Pradesh,2030,1.426151182796325,1.1935517482613538,1.7055181201964211
Main,Himachal Pradesh,2031,1.410058678449976,1.1668113493504808,1.7033112122718281
Main,Himachal Pradesh,2032,1.3941970867914808,1.1505923807186562,1.6957226087774333
Main,Himachal Pradesh,2033,1.3794271081187341,1.1296161998155332,1.6856634672921353
Main,Himachal Pradesh,2034,1.367974259203894,1.1177304857798904,1.6891031809419181
Main,Himachal Pradesh,2035,1.3570966926971724,1.0908413623014241,1.681119906188499
Main,Himachal Pradesh,2036,1.3423254635904338,1.0774009279878172,1.6748916312778428
Main,Himachal Pradesh,2037,1.3320812317570363,1.0592421567647825,1.6602723127111236
Main,Himachal Pradesh,2038,1.3193738160463675,1.0442474693595387,1.6505575232037584
Main,Himachal Pradesh,2039,1.3084706645219168,1.035396646931789,1.6555174539220125
Main,Himachal Pradesh,2040,1.2971404765567578,1.0234692499029105,1.6468110091599628
Main,Himachal Pradesh,2041,1.2853758574395893,1.0053060901839166,1.638591175093636
Main,Himachal Pradesh,2042,1.2747690340171771,0.9914307644856569,1.6385546531217585
Main,Himachal Pradesh,2043,1.2649782918673909,0.9818967327673811,1.6374582168566583
Main,Himachal Pradesh,2044,1.2550232761849651,0.9747788429469089,1.6301843976824955
Main,Himachal Pradesh,2045,1.2449848212483992,0.9627438578827145,1.619570585300231
Main,Himachal Pradesh,2046,1.2379480505927862,0.9520860692339194,1.6200782094151598
Main,Himachal Pradesh,2047,1.227662710927902,0.9384634049308066,1.6102874891030716
Main,Himachal Pradesh,2048,1.2179028602300788,0.9250949900886171,1.599094938494915
Main,Himachal Pradesh,2049,1.2125955611518535,0.9148497098422665,1.5847005614565832
Main,Himachal Pradesh,2050,1.205986572868676,0.9037547491934197,1.5815402055880803
Main,Jammu & Kashmir,2024,1.5023582212772244,1.3732852416892678,1.652006610954296
Main,Jammu & Kashmir,2025,1.4914236367166078,1.3407138466063948,1.6698891827951157
Main,Jammu & Kashmir,2026,1.4767647964607789,1.311635689549666,1.66407162243268
Main,Jammu & Kashmir,2027,1.4633238448083365,1.289012423217637,1.6778478526484382
Main,Jammu & Kashmir,2028,1.451344648722181,1.2658621564250412,1.6781580626167412
Main,Jammu & Kashmir,2029,1.4391825370492377,1.239343154311353,1.686587275488213
Main,Jammu & Kashmir,2030,1.4308492652459632,1.219082091786827,1.6816511215424634
Main,Jammu & Kashmir,2031,1.4195313472336069,1.2010539471008035,1.6813419828697338
Main,Jammu & Kashmir,2032,1.4092769327322656,1.187180395450031,1.6772400389597382
Main,Jammu & Kashmir,2033,1.3981661199712903,1.1691192412879867,1.6728144631957238
Main,Jammu & Kashmir,2034,1.386343192316171,1.1518547618326278,1.68509262895118
Main,Jammu & Kashmir,2035,1.3756808346130152,1.1387892281939165,1.677118083256127
Main,Jammu & Kashmir,2036,1.3692931768548586,1.1233778550920541,1.6689634501563197
Main,Jammu & Kashmir,2037,1.3594026911927377,1.1086697371672443,1.6724198122366423
Main,Jammu & Kashmir,2038,1.3494087054467978,1.0899604868489339,1.6749377879265261
Main,Jammu & Kashmir,2039,1.339746618271247,1.0747024835152872,1.6634298767070468
Main,Jammu & Kashmir,2040,1.3313326687015135,1.063644747646655,1.6640154764670032
Main,Jammu & Kashmir,2041,1.323385824723058,1.051473642577496,1.661714541113032
Main,Jammu & Kashmir,2042,1.3167773824657294,1.0357523274181433,1.6465652772842858
Main,Jammu & Kashmir,2043,1.3078464303123214,1.0280081029593378,1.6478961651299562
Main,Jammu & Kashmir,2044,1.2975552307019527,1.018282242337121,1.6367677428416028
Main,Jammu & Kashmir,2045,1.2887486792069793,1.0058114146039159,1.6448238430091346
Main,Jammu & Kashmir,2046,1.281567559903957,0.9960833415738153,1.643323322717209
Main,Jammu & Kashmir,2047,1.27368286327505,0.9885296331626989,1.6358642229560645
Main,Jammu & Kashmir,2048,1.2638015383804817,0.981903708575394,1.6294773534960565
Main,Jammu & Kashmir,2049,1.25666381863976,0.9750650576047207,1.624594538472869
Main,Jammu & Kashmir,2050,1.2526047944424215,0.9634262730127919,1.6178666543556948
Main,Jharkhand,2024,2.1768893306864046,1.99924314794559,2.36100318481597
Main,Jharkhand,2025,2.151928384631294,1.9489610227047869,2.3699029916939662
Main,Jharkhand,2026,2.129030054122909,1.9090529826328728,2.3710685204100383
Main,Jharkhand,2027,2.1079589595807953,1.8663195252224885,2.370447260266993
Main,Jharkhand,2028,2.086560040732762,1.830463232851749,2.363998505159167
Main,Jharkhand,2029,2.065524610068806,1.797681943841662,2.359231229452808
Main,Jharkhand,2030,2.0412846323360565,1.7605271822318838,2.3532240709903025
Main,Jharkhand,2031,2.0200958705673373,1.731039000164687,2.353731492321436
Main,Jharkhand,2032,2.0002339187627296,1.6980073015532127,2.3362248247498436
Main,Jharkhand,2033,1.9800124832067372,1.6692333404368354,2.321160526345429
Main,Jharkhand,2034,1.9626691217189043,1.64383024161437,2.306838467701176
Main,Jharkhand,2035,1.9442767998105912,1.6222246842711459,2.305371652740086
Main,Jharkhand,2036,1.9219652974732058,1.5987020688001243,2.295793487394618
Main,Jharkhand,2037,1.903563331734361,1.5880802570662773,2.283813916360627
Main,Jharkhand,2038,1.8891957339367504,1.558223066963995,2.280559345100954
Main,Jharkhand,2039,1.8738542531249671,1.5442953903159893,2.2717190570537453
Main,Jharkhand,2040,1.8568437817742545,1.5204756700597457,2.2583158609777176
Main,Jharkhand,2041,1.8372506948200733,1.5033516631678194,2.246220393706975
Main,Jharkhand,2042,1.8259255098674902,1.475378540887177,2.2277530917133257
Main,Jharkhand,2043,1.8126439220753363,1.461492959746561,2.221582752329432
Main,Jharkhand,2044,1.7936320348662877,1.4434224309595374,2.202683095604294
Main,Jharkhand,2045,1.773995127903115,1.4279884647484944,2.198285919478659
Main,Jharkhand,2046,1.7603768087491625,1.40989188623897,2.190573765358097
Main,Jharkhand,2047,1.745420975380548,1.3944421647430876,2.195749355894952
Main,Jharkhand,2048,1.7319138221714157,1.382828484046816,2.1843891238051496
Main,Jharkhand,2049,1.7129518229707004,1.362253298027614,2.171568278173716
Main,Jharkhand,2050,1.7000658433513225,1.3420663565121063,2.1576607032866146
Main,Karnataka,2024,1.5243644132467122,1.382375224663117,1.6856044182146748
Main,Karnataka,2025,1.5078809914237306,1.3418827576838661,1.7015021994468429
Main,Karnataka,2026,1.4891307774596543,1.300090168411528,1.707602885626461
Main,Karnataka,2027,1.4733928096299473,1.2632332718037969,1.7061336381827132
Main,Karnataka,2028,1.4547971030094557,1.2375123578552976,1.710888063955597
Main,Karnataka,2029,1.4351256923264142,1.2059792892644412,1.7085641648041658
Main,Karnataka,2030,1.42109415895098,1.1806881103566718,1.706247210576841
Main,Karnataka,2031,1.408152520100114,1.163320511591203,1.7077175417147543
Main,Karnataka,2032,1.393805638131385,1.1448913623063544,1.6929190736017132
Main,Karnataka,2033,1.3821094565949956,1.1275532312574357,1.686745192706972
Main,Karnataka,2034,1.3675413997638164,1.1039579059096405,1.6812256673868262
Main,Karnataka,2035,1.354735162887011,1.0894843644515504,1.6773882221354421
Main,Karnataka,2036,1.3388685799835427,1.074749468325303,1.664334999110419
Main,Karnataka,2037,1.3300572366199779,1.0565436819630663,1.6487080491995665
Main,Karnataka,2038,1.314561165624386,1.0474844964898171,1.6496064711537888
Main,Karnataka,2039,1.3020232686763065,1.0248669094347473,1.637447378437398
Main,Karnataka,2040,1.2912023587584511,1.0081978369574651,1.6340907610659063
Main,Karnataka,2041,1.279566176739856,0.9949113178856658,1.635823733822563
Main,Karnataka,2042,1.270670432433202,0.9831748089610357,1.6324188157217658
Main,Karnataka,2043,1.2607219236238505,0.9746578700161168,1.621162510873299
Main,Karnataka,2044,1.2499423505077942,0.9679669279015654,1.6315546965910375
Main,Karnataka,2045,1.240523453076603,0.958948635956505,1.614388046646349
Main,Karnataka,2046,1.2311174336359212,0.9486468480268907,1.6111343852345212
Main,Karnataka,2047,1.2222530351385759,0.9412468550461461,1.6140900055975669
Main,Karnataka,2048,1.216706900165125,0.9344302815695804,1.60543436325031
Main,Karnataka,2049,1.2091748237951667,0.9225960586305284,1.5940619966359724
Main,Karnataka,2050,1.2010556206484113,0.9165572958211503,1.5906373484532739
Main,Kerala,2024,1.4866691772786575,1.3498957531006701,1.6331210608556215
Main,Kerala,2025,1.4708000778817247,1.3112976132967409,1.6463237014569923
Main,Kerala,2026,1.4552824692058306,1.2784013390319142,1.6571328665581593
Main,Kerala,2027,1.4399348822621705,1.244620135524631,1.6622448343119292
Main,Kerala,2028,1.430410394547863,1.2256528162104885,1.6661512225019135
Main,Kerala,2029,1.414223417345214,1.2069781183781818,1.6550285051881117
Main,Kerala,2030,1.4000299773467764,1.1814997807229284,1.659943801131928
Main,Kerala,2031,1.3886076449103597,1.161669205783317,1.6631273480685285
Main,Kerala,2032,1.378872240239429,1.1422363153711137,1.6635624068179247
Main,Kerala,2033,1.367425631248522,1.12614286252093,1.6688062961904604
Main,Kerala,2034,1.3572430447443382,1.1143751006618932,1.65790462636919
Main,Kerala,2035,1.3475034774443144,1.0956172870075893,1.660227103644636
Main,Kerala,2036,1.3349784951266228,1.0804241900666216,1.6547650078191105
Main,Kerala,2037,1.3249558510889492,1.070043042269773,1.6460405741875401
Main,Kerala,2038,1.3190586515474831,1.0565462677745332,1.6428610279735454
Main,Kerala,2039,1.3090800853916837,1.042664781298338,1.644127583577885
Main,Kerala,2040,1.2983835493043272,1.03027898659635,1.637632604775308
Main,Kerala,2041,1.2889168035106782,1.013585406955469,1.6269915161728665
Main,Kerala,2042,1.2810587477672084,1.0014532182302496,1.6337908694687497
Main,Kerala,2043,1.2695011711510698,0.9944536538233695,1.6174108188301277
Main,Kerala,2044,1.2659042928375854,0.9788848902356623,1.6181061006996513
Main,Kerala,2045,1.2582089829664391,0.9770658790303416,1.6141198166870976
Main,Kerala,2046,1.2493339368914915,0.9659919763047391,1.6037792490154223
Main,Kerala,2047,1.2378700814185102,0.9530201323372204,1.6055158818266042
Main,Kerala,2048,1.2301871839977383,0.9431046831733769,1.6058306643896207
Main,Kerala,2049,1.224180124306554,0.9351158221197401,1.5978465723624709
Main,Kerala,2050,1.2180130258547894,0.9249862786733923,1.5962559977442565
Main,Ladakh,2023,1.2899979361424316,1.1332454769975913,1.462764328634969
Main,Ladakh,2024,1.2830651296775133,1.1186104363894058,1.4726955744991759
Main,Ladakh,2025,1.274713014824193,1.101236361119721,1.4792110719427891
Main,Ladakh,2026,1.2701460913861005,1.0865811515266104,1.479463883469627
Main,Ladakh,2027,1.2607297717621035,1.0746339401365685,1.4831411497977784
Main,Ladakh,2028,1.2558167099691682,1.0602916652892707,1.4871859302890025
Main,Ladakh,2029,1.2487924243896544,1.04368260159981,1.491011467972501
Main,Ladakh,2030,1.2417008000296526,1.0296406303380945,1.4935252534569956
Main,Ladakh,2031,1.2351576322122864,1.0178232969383842,1.4908720247197569
Main,Ladakh,2032,1.2289658718736987,1.0070254719249885,1.4893047945286058
Main,Ladakh,2033,1.2218407321903042,1.0002050247517862,1.4853726908329399
Main,Ladakh,2034,1.217871276024406,0.9890174861500804,1.488320905002857
Main,Ladakh,2035,1.2124723172462983,0.9790712959800421,1.4892295720785402
Main,Ladakh,2036,1.2064154903967685,0.9707759427337012,1.4950142385720147
Main,Ladakh,2037,1.1997967043261601,0.9614356257044266,1.4949103759564912
Main,Ladakh,2038,1.1934986772952008,0.9528183864022518,1.501635714840877
Main,Ladakh,2039,1.1884022644020376,0.9450726328045163,1.503080501343919
Main,Ladakh,2040,1.1835775481910287,0.9354044524053633,1.4965023535027697
Main,Ladakh,2041,1.1798823497770563,0.9285648706578048,1.501943909068997
Main,Ladakh,2042,1.1747212173616663,0.9245271088007501,1.5038950009762841
Main,Ladakh,2043,1.1685650086795587,0.9148822135663905,1.4968368880300493
Main,Ladakh,2044,1.1660261839750232,0.9077709566177129,1.5016426386092614
Main,Ladakh,2045,1.159618528773148,0.9002625302986935,1.4924790965357628
Main,Ladakh,2046,1.1574556531935798,0.8929046515944762,1.4960657073064545
Main,Ladakh,2047,1.1520462335936164,0.8829521518458281,1.483094905804291
Main,Ladakh,2048,1.1493628923779895,0.8810045574928171,1.4883072879672155
Main,Ladakh,2049,1.1439013888122254,0.8780993956868567,1.4881258845731578
Main,Ladakh,2050,1.1387367593964595,0.8710653257901484,1.4852057592329297
Main,Lakshadweep,2023,1.5392584563467602,1.2906840784354194,1.8424190946215846
Main,Lakshadweep,2024,1.5190538539511982,1.2678586350943875,1.8388086423164296
Main,Lakshadweep,2025,1.5005862216249541,1.24048482144549,1.8254312199536489
Main,Lakshadweep,2026,1.4792909870061224,1.215164067273511,1.8173438605527394
Main,Lakshadweep,2027,1.4602559653004736,1.1881756722320662,1.811357321187324
Main,Lakshadweep,2028,1.4462923551751345,1.1673292738434977,1.7998667571571663
Main,Lakshadweep,2029,1.4303726174296152,1.1462614845539632,1.7962602819792886
Main,Lakshadweep,2030,1.4117711307613234,1.133899032670344,1.7710000064282838
Main,Lakshadweep,2031,1.3965803149965512,1.1151920987985422,1.7622740260031993
Main,Lakshadweep,2032,1.3802987268836444,1.0940797383027572,1.756311742941927
Main,Lakshadweep,2033,1.3705843657299688,1.0693435498600854,1.7519228948567618
Main,Lakshadweep,2034,1.3557899208836497,1.0577927691444022,1.748994331045748
Main,Lakshadweep,2035,1.3456951101161367,1.0402448875240546,1.7254537956639775
Main,Lakshadweep,2036,1.3340986043419543,1.0243638725057043,1.7142550981445992
Main,Lakshadweep,2037,1.3198575501281837,1.009939770061019,1.7147505902253548
Main,Lakshadweep,2038,1.307252107896752,0.9981798559500653,1.703808469751443
Main,Lakshadweep,2039,1.2968122104929374,0.9846005664948403,1.6942370026301632
Main,Lakshadweep,2040,1.2818377546944633,0.9735005278218525,1.6841281415621956
Main,Lakshadweep,2041,1.2714506751909829,0.9567115306661803,1.6695020900728093
Main,Lakshadweep,2042,1.2645038631985752,0.9491469494086496,1.6590463023870192
Main,Lakshadweep,2043,1.252231864555284,0.938302851293457,1.6594766391281344
Main,Lakshadweep,2044,1.2426312670059683,0.9342498499592236,1.6437487316107042
Main,Lakshadweep,2045,1.232048124539556,0.9241937577469904,1.6377933029540128
Main,Lakshadweep,2046,1.2226381733737106,0.9213574711455591,1.6188343126474805
Main,Lakshadweep,2047,1.217365972910933,0.9138120395967693,1.608825049092546
Main,Lakshadweep,2048,1.208234832905228,0.9055594560455403,1.6078886482436168
Main,Lakshadweep,2049,1.1984395282057494,0.8940210153446868,1.5948272171159947
Main,Lakshadweep,2050,1.1914138900814248,0.8787007217443202,1.5970952786212405
Main,Madhya Pradesh,2024,2.41446295954739,2.2221753039588537,2.6261480329928775
Main,Madhya Pradesh,2025,2.3844290616090875,2.1621652236381634,2.6296077173445127
Main,Madhya Pradesh,2026,2.3539634190408614,2.1064168522858515,2.6290143919081346
Main,Madhya Pradesh,2027,2.3248457675765333,2.0573649917333476,2.622195217635228
Main,Madhya Pradesh,2028,2.297212924170123,2.0245271289356928,2.6147860616603835
Main,Madhya Pradesh,2029,2.2655238634169828,1.9803821543355808,2.599367816924058
Main,Madhya Pradesh,2030,2.237123407038136,1.9408797142635934,2.5809529826718616
Main,Madhya Pradesh,2031,2.2097093341164573,1.8955988087760194,2.5711356304288127
Main,Madhya Pradesh,2032,2.187697360260307,1.867541411116538,2.5502036616780726
Main,Madhya Pradesh,2033,2.160066676294478,1.8304589832792797,2.5416679421158097
Main,Madhya Pradesh,2034,2.1325363212833732,1.8017569595084606,2.526564824807961
Main,Madhya Pradesh,2035,2.104841725406973,1.7708794893210018,2.517319395387967
Main,Madhya Pradesh,2036,2.0827377975418107,1.7331662208473402,2.496848369339478
Main,Madhya Pradesh,2037,2.063349486034743,1.7113031626368458,2.4901757713937056
Main,Madhya Pradesh,2038,2.0415141962991887,1.678682783359297,2.4745394172815853
Main,Madhya Pradesh,2039,2.0140630567018896,1.6481211043830604,2.442484555778817
Main,Madhya Pradesh,2040,1.992156376711089,1.6274175726354774,2.440832642510148
Main,Madhya Pradesh,2041,1.9734703061340113,1.6042188827230648,2.4086995788994887
Main,Madhya Pradesh,2042,1.9546011011038564,1.5772956254111807,2.4034815356749233
Main,Madhya Pradesh,2043,1.9360494713764331,1.5612500989661593,2.3878649521997106
Main,Madhya Pradesh,2044,1.9165709076222726,1.5370747895096062,2.3698818658492593
Main,Madhya Pradesh,2045,1.8960429009334603,1.5086301576084475,2.354581768327213
Main,Madhya Pradesh,2046,1.8744761622631856,1.4938445757781,2.337238453211965
Main,Madhya Pradesh,2047,1.8567001003166168,1.4677987454849228,2.3196956618117053
Main,Madhya Pradesh,2048,1.8384979684443852,1.4547343454114035,2.304848983425985
Main,Madhya Pradesh,2049,1.821115881746031,1.4310312538742291,2.2920447033164315
Main,Madhya Pradesh,2050,1.803291383813916,1.4180428562623253,2.2697994234922168
Main,Maharashtra,2024,1.4549840697399987,1.3270656215578285,1.5999812738177537
Main,Maharashtra,2025,1.4431556795202434,1.2995417261457525,1.605783685920825
Main,Maharashtra,2026,1.4310189189620928,1.2715291323646059,1.6142611001434786
Main,Maharashtra,2027,1.4209593072610929,1.2470870213298226,1.619994998141777
Main,Maharashtra,2028,1.4100775815866333,1.2234414518179892,1.62320231254967
Main,Maharashtra,2029,1.4000456740822054,1.1984043729084795,1.6210983548868498
Main,Maharashtra,2030,1.3892114821586317,1.176422254427989,1.6293536065960348
Main,Maharashtra,2031,1.380312486268612,1.1524421956855007,1.6331290761456858
Main,Maharashtra,2032,1.367744921544186,1.1384339030770103,1.631664525636282
Main,Maharashtra,2033,1.3613899327599288,1.1269807598518544,1.6217755059001657
Main,Maharashtra,2034,1.3487273324087683,1.1089913032953518,1.6182324790289806
Main,Maharashtra,2035,1.338612933033705,1.0940766994648359,1.6191800849663878
Main,Maharashtra,2036,1.3291045374968138,1.0819886711478828,1.6179939583815484
Main,Maharashtra,2037,1.3237076960729195,1.0650457382866496,1.615225120828057
Main,Maharashtra,2038,1.3158971620567492,1.0509179713539798,1.6157940879979
Main,Maharashtra,2039,1.3071481794577506,1.0425000469884125,1.6069801200111926
Main,Maharashtra,2040,1.2996271957657344,1.03287589828547,1.6132029235967176
Main,Maharashtra,2041,1.2942339625292063,1.0194520749090874,1.6099662405117754
Main,Maharashtra,2042,1.284102897949682,1.0159116583648882,1.6068602289014888
Main,Maharashtra,2043,1.2735590695161474,1.0076407093308966,1.6016787389939928
Main,Maharashtra,2044,1.267702559388316,0.9955511653488185,1.595966062233158
Main,Maharashtra,2045,1.2613540443367333,0.9867954631653842,1.5964498226969677
Main,Maharashtra,2046,1.2514224649837415,0.9785597771768048,1.5931678000974305
Main,Maharashtra,2047,1.2456159827968118,0.9764321851865712,1.5927215323855468
Main,Maharashtra,2048,1.2373641332612544,0.9670660487914932,1.5854520319281578
Main,Maharashtra,2049,1.2311446481242632,0.9547869558966087,1.5835687569199737
Main,Maharashtra,2050,1.224967076795958,0.9470265833296804,1.5789801882955792
Main,Manipur,2019,1.583866772163534,1.3927028306839269,1.8122251869830082
Main,Manipur,2020,1.5711315398779662,1.370775738929956,1.812318291906344
Main,Manipur,2021,1.5609898011358792,1.3459725651119148,1.8112890832326916
Main,Manipur,2022,1.550569860839901,1.3296067998749965,1.814451726536434
Main,Manipur,2023,1.5392783698058707,1.3075237873428942,1.815921274903911
Main,Manipur,2024,1.5279649270651268,1.2928159697018675,1.810628071322633
Main,Manipur,2025,1.518461202339596,1.2800470796549663,1.8072228769310792
Main,Manipur,2026,1.50760213886053,1.2705112215146097,1.8102100056563564
Main,Manipur,2027,1.5001172129059257,1.2532757520519777,1.8066962914157925
Main,Manipur,2028,1.490007635228034,1.2359545051203407,1.809296015227065
Main,Manipur,2029,1.4830862251059025,1.2235798969094156,1.8069081681314845
Main,Manipur,2030,1.4736296156946387,1.213574090981254,1.8037308400233052
Main,Manipur,2031,1.461839878254122,1.1932590262632718,1.796846961188973
Main,Manipur,2032,1.454261138473579,1.1841413145036603,1.7969436675880694
Main,Manipur,2033,1.4461797300039507,1.177670942666051,1.7928610386911235
Main,Manipur,2034,1.4365119132403876,1.1649757992303937,1.7880876826187435
Main,Manipur,2035,1.4269447422630626,1.1527891683935223,1.7856242685093238
Main,Manipur,2036,1.4197411500590307,1.1418674561987132,1.7724745092058272
Main,Manipur,2037,1.4138205346092803,1.1281524176396338,1.7660968959809789
Main,Manipur,2038,1.4016450205965638,1.121116195671165,1.7561439987740015
Main,Manipur,2039,1.394965694656732,1.1098511242247024,1.7667475228596956
Main,Manipur,2040,1.388552639551311,1.1015291904271314,1.757664906340859
Main,Manipur,2041,1.3827533226014572,1.0981711505084446,1.7537156620778835
Main,Manipur,2042,1.3762118114317536,1.0894230541997139,1.755325089406472
Main,Manipur,2043,1.370915448548758,1.0820389540224566,1.7491418405994281
Main,Manipur,2044,1.3607698691684016,1.0689465182424789,1.7420416260067466
Main,Manipur,2045,1.3555191983360588,1.0637976004738254,1.7358121112090685
Main,Manipur,2046,1.3483349899721098,1.0504369360194155,1.7305350030113142
Main,Manipur,2047,1.3427063854323906,1.0453964362341595,1.7317072397696829
Main,Manipur,2048,1.3357495473403609,1.0362963186546674,1.7262524022509895
Main,Manipur,2049,1.3313239569123088,1.0288166369023088,1.7175067615982247
Main,Manipur,2050,1.3230843330564945,1.0143835324417176,1.7100394270375072
Main,Meghalaya,2023,2.3976377198976717,2.0646518615715004,2.77291651850985
Main,Meghalaya,2024,2.3692566434337974,2.0255767964277194,2.7520160002645837
Main,Meghalaya,2025,2.332390804173359,1.990288738897921,2.737992910582298
Main,Meghalaya,2026,2.3055133709763336,1.9503744614848875,2.711396284242848
Main,Meghalaya,2027,2.2770525162663207,1.9167278282765112,2.6939593611945702
Main,Meghalaya,2028,2.253826375997016,1.8818236012279463,2.671402734554232
Main,Meghalaya,2029,2.224452015187274,1.8494213630007648,2.6636111238446616
Main,Meghalaya,2030,2.1996246848642733,1.8211166381513078,2.6440861690124993
Main,Meghalaya,2031,2.176368756154292,1.7902001954082292,2.629476202028344
Main,Meghalaya,2032,2.1512454671142183,1.75830214705461,2.6057521678830278
Main,Meghalaya,2033,2.1310248073925324,1.736578256797418,2.5889680342324044
Main,Meghalaya,2034,2.1045893278245,1.7144874542810458,2.5730679088054176
Main,Meghalaya,2035,2.083779650562263,1.6831212927333856,2.5537451413635224
Main,Meghalaya,2036,2.062350298231412,1.6597501865434183,2.536967910176664
Main,Meghalaya,2037,2.0418193877447828,1.6330296066937593,2.509481575672047
Main,Meghalaya,2038,2.0187845941544875,1.6089478416470586,2.504921226411167
Main,Meghalaya,2039,1.997974146091432,1.586606233341092,2.48334450968219
Main,Meghalaya,2040,1.9755777950078164,1.5644443334954254,2.46358011636911
Main,Meghalaya,2041,1.9593132495430916,1.5508171867833864,2.456355270997831
Main,Meghalaya,2042,1.936945068897499,1.5273073440581788,2.4380734157250874
Main,Meghalaya,2043,1.9212462104927313,1.5055659804117818,2.4265628447526466
Main,Meghalaya,2044,1.9029929279031847,1.488910894779466,2.4012797279271503
Main,Meghalaya,2045,1.8868574810048506,1.4756568461747244,2.393546336584429
Main,Meghalaya,2046,1.8667113889718572,1.4595465990507517,2.372175157478479
Main,Meghalaya,2047,1.8507403375656666,1.4431856142755366,2.34707838679174
Main,Meghalaya,2048,1.8361326223224037,1.4287143650055993,2.338099983592251
Main,Meghalaya,2049,1.8199895642776658,1.4120751118845094,2.306821076693215
Main,Meghalaya,2050,1.8040845575627054,1.391925039971318,2.302336536890898
Main,Mizoram,2023,1.5841000516484727,1.364872624508118,1.84637601220268
Main,Mizoram,2024,1.5710344894996495,1.346736887214454,1.8409718941832331
Main,Mizoram,2025,1.5599477650491593,1.3271822290927797,1.8463433041026245
Main,Mizoram,2026,1.549135949398631,1.303803459521642,1.8422929256476286
Main,Mizoram,2027,1.5378140569652277,1.2857702386158507,1.838590713043682
Main,Mizoram,2028,1.5289254215446344,1.2744428953132652,1.8305012542174028
Main,Mizoram,2029,1.5191479462879742,1.2576420865713336,1.8347032738012146
Main,Mizoram,2030,1.5104648711288933,1.242482927374398,1.8232032364497899
Main,Mizoram,2031,1.4973834452281944,1.232354147843705,1.814799382516798
Main,Mizoram,2032,1.4899851653242577,1.2210342902885793,1.8180045954648545
Main,Mizoram,2033,1.4764964290998348,1.20976925179839,1.8134501946438917
Main,Mizoram,2034,1.465952839274539,1.1980620511147682,1.8126071714134273
Main,Mizoram,2035,1.456480364476131,1.1845219758897827,1.8217754496753522
Main,Mizoram,2036,1.44901818345863,1.1680737871427282,1.8140243011491954
Main,Mizoram,2037,1.435817602446376,1.1538254310712486,1.8011612001774153
Main,Mizoram,2038,1.4299925367363688,1.1376782579892672,1.7945566933871793
Main,Mizoram,2039,1.422211109353828,1.1298130957048524,1.7911284642363534
Main,Mizoram,2040,1.4137003674254922,1.1180768074184062,1.7788626388824393
Main,Mizoram,2041,1.408128688994028,1.1062115752960529,1.7824810548038397
Main,Mizoram,2042,1.4011993067620647,1.0972293361912382,1.7777610881312913
Main,Mizoram,2043,1.3929924597101095,1.0932124220274857,1.7656117153737074
Main,Mizoram,2044,1.3847288354474572,1.0762787230566575,1.76185233947735
Main,Mizoram,2045,1.3754119156445235,1.0736216360673239,1.7597938514790665
Main,Mizoram,2046,1.3713697712770805,1.0694609374761914,1.7560911773196597
Main,Mizoram,2047,1.3616446122827308,1.05901558898974,1.744182434623451
Main,Mizoram,2048,1.356128770345903,1.048396006713896,1.736274465429359
Main,Mizoram,2049,1.3508941839019446,1.0383740396136045,1.7356901759415961
Main,Mizoram,2050,1.3444484711705023,1.0325974305974501,1.7319187828361997
Main,Nagaland,2023,1.6629078713229222,1.4182487542645312,1.9391644634995742
Main,Nagaland,2024,1.6497018929066058,1.4039428291221827,1.9312013411176263
Main,Nagaland,2025,1.6384571079654693,1.3817100200400936,1.9307567108690002
Main,Nagaland,2026,1.6240403861918398,1.3645994360006353,1.9277935433821312
Main,Nagaland,2027,1.6123791699172472,1.3493714444693679,1.9277974185460893
Main,Nagaland,2028,1.6019002932086681,1.332670618630365,1.9261415165103133
Main,Nagaland,2029,1.5896983887635838,1.3107073684821502,1.9091957350869506
Main,Nagaland,2030,1.5777558906990135,1.2909451411691837,1.9062517827201515
Main,Nagaland,2031,1.5676750700036468,1.2740633620079966,1.8969916889893998
Main,Nagaland,2032,1.5549903969278467,1.2620930152775058,1.8908283294736383
Main,Nagaland,2033,1.5458674016277891,1.2526109947810589,1.880651521468626
Main,Nagaland,2034,1.537136024004441,1.2431863829393277,1.8690306770402279
Main,Nagaland,2035,1.5242629703599977,1.2217248718996656,1.8705291270810298
Main,Nagaland,2036,1.5144851322838566,1.2153785430229846,1.8618849680191056
Main,Nagaland,2037,1.501914968726367,1.197442590275689,1.855238686159205
Main,Nagaland,2038,1.492860648192499,1.1884956231236226,1.850457342054634
Main,Nagaland,2039,1.4833839480039857,1.1774678689580589,1.8476364121193563
Main,Nagaland,2040,1.4748945961162976,1.1697340668115142,1.8400951736546134
Main,Nagaland,2041,1.4675708951794282,1.1587053876839633,1.8294783482676011
Main,Nagaland,2042,1.4601342127488344,1.1465754054203892,1.8236103300585047
Main,Nagaland,2043,1.4514469684608757,1.1389930517347686,1.8160274539172745
Main,Nagaland,2044,1.4408611100374036,1.1290848632308255,1.8080651998946558
Main,Nagaland,2045,1.4319468263765924,1.1177299912398515,1.8040256190524122
Main,Nagaland,2046,1.424805494945828,1.1150210205863966,1.793412507906018
Main,Nagaland,2047,1.417811708004351,1.1034015053420778,1.7946292251985352
Main,Nagaland,2048,1.4059549236294773,1.1016265319353746,1.7840920268017222
Main,Nagaland,2049,1.3987342332121435,1.0888780727367735,1.7721088730890315
Main,Nagaland,2050,1.3905756015040898,1.0779213559859118,1.7714134146855742
Main,Odisha,2024,1.6956134832482295,1.5426259816291525,1.8555128405617625
Main,Odisha,2025,1.6748387483546678,1.5041866190124749,1.8680052288067321
Main,Odisha,2026,1.65524788181997,1.4664761566800752,1.8690470226689246
Main,Odisha,2027,1.6373346001700222,1.4365303164176781,1.8721705292047504
Main,Odisha,2028,1.6191026603613161,1.401692051080796,1.8652133380068128
Main,Odisha,2029,1.602949352023828,1.3755791087652278,1.8580159480105434
Main,Odisha,2030,1.586097750762446,1.3531080655618908,1.8623055715620258
Main,Odisha,2031,1.571095353516927,1.3260270722538416,1.8565813659355206
Main,Odisha,2032,1.5565747438731754,1.3005320935317732,1.843357991484861
Main,Odisha,2033,1.5401722574447467,1.282419365309209,1.8459214277735836
Main,Odisha,2034,1.5244430672732514,1.2623815369691402,1.8395215821878608
Main,Odisha,2035,1.512527367627743,1.244780353959815,1.8411511154173896
Main,Odisha,2036,1.4981269167400355,1.2259346286851354,1.8330259355265885
Main,Odisha,2037,1.4868145494566194,1.2070777837593747,1.8267653833311328
Main,Odisha,2038,1.4701604154696437,1.1907025421158617,1.8166493281085205
Main,Odisha,2039,1.458649952687635,1.1732299824343921,1.8126823691620704
Main,Odisha,2040,1.4451798552014559,1.1640733684701565,1.8037981497479845
Main,Odisha,2041,1.4311148145490167,1.1470767565198552,1.7915025135793763
Main,Odisha,2042,1.4206108816122143,1.128299684174701,1.7778906213591106
Main,Odisha,2043,1.4101797826766322,1.1156257290343605,1.781976346469487
Main,Odisha,2044,1.3987216248770353,1.10082471262389,1.7658113548832621
Main,Odisha,2045,1.3890152914576783,1.0889699919368538,1.7642714630963021
Main,Odisha,2046,1.3802506146124889,1.0733091034220243,1.7532609492032238
Main,Odisha,2047,1.3694191681166001,1.0674719140398496,1.7424811019479103
Main,Odisha,2048,1.3592785489153734,1.053743159447088,1.7360978018130782
Main,Odisha,2049,1.3472658739685763,1.044431625781295,1.732681245284572
Main,Odisha,2050,1.3378203640256094,1.0304238585418233,1.718329543928972
Main,Puducherry,2023,1.4981196922092253,1.2538567884830718,1.7875487401105266
Main,Puducherry,2024,1.4850349702954757,1.235959438581292,1.7764362112399115
Main,Puducherry,2025,1.468051677159256,1.2128036926319767,1.7672530585480497
Main,Puducherry,2026,1.4551924888042138,1.1889655973382764,1.7726245096227278
Main,Puducherry,2027,1.4428628536661718,1.1706197260284026,1.7590064136395056
Main,Puducherry,2028,1.4281910550808203,1.1527631272846566,1.7470712143575675
Main,Puducherry,2029,1.4164358904255698,1.1324674272495256,1.744320653724173
Main,Puducherry,2030,1.4041447174086183,1.1228179533108087,1.7481992087480454
Main,Puducherry,2031,1.3908492372979215,1.1087690807823956,1.7459697588548555
Main,Puducherry,2032,1.3783214647648514,1.0895795451006187,1.742430545090017
Main,Puducherry,2033,1.368971058151487,1.0749255238260977,1.7398454844680205
Main,Puducherry,2034,1.352800928796039,1.0652690078288338,1.7288892516200276
Main,Puducherry,2035,1.3464587109301636,1.0544564387254287,1.7194087411618133
Main,Puducherry,2036,1.3348901513809364,1.0399495930124878,1.7124511261571864
Main,Puducherry,2037,1.3256446709089809,1.0257654471459963,1.695460293185346
Main,Puducherry,2038,1.3164330571158507,1.014326472884038,1.6933833467275725
Main,Puducherry,2039,1.3043476749156802,1.0105426035615008,1.6880366154214068
Main,Puducherry,2040,1.2961178122353498,0.9955605490109507,1.6785798915172396
Main,Puducherry,2041,1.2897288743995874,0.9888845800450086,1.6734632961891807
Main,Puducherry,2042,1.281598929453558,0.9826456980070349,1.6683158275155172
Main,Puducherry,2043,1.2732543963289444,0.9633842481487922,1.6691585989838955
Main,Puducherry,2044,1.2641593830717124,0.9565706684566628,1.6599882989472434
Main,Puducherry,2045,1.2561855076662114,0.9477753658370686,1.6510423492210105
Main,Puducherry,2046,1.247967177704517,0.9325736048300353,1.637405057108993
Main,Puducherry,2047,1.2387347842624399,0.9258030147238547,1.6184796501288838
Main,Puducherry,2048,1.2320347332124582,0.9172785717036714,1.618532535165988
Main,Puducherry,2049,1.2235404734286814,0.908834523779388,1.6158105108600729
Main,Puducherry,2050,1.215165152421406,0.9010148274645973,1.6039076320378995
Main,Punjab,2024,1.4703862336415134,1.3309981725321338,1.626594001839099
Main,Punjab,2025,1.4538987721872751,1.2864693672192673,1.635299972591059
Main,Punjab,2026,1.4394095575765546,1.256819790054258,1.6406517187421321
Main,Punjab,2027,1.4257947428557909,1.2224917137628555,1.648955356802373
Main,Punjab,2028,1.4070695688094497,1.1945836350950374,1.6499965374199197
Main,Punjab,2029,1.3930600058490976,1.1704492722400877,1.653057022456974
Main,Punjab,2030,1.377509721102725,1.1470144010056535,1.6547810899135391
Main,Punjab,2031,1.365600504671638,1.1271870940895707,1.6586329348466644
Main,Punjab,2032,1.3541333365849857,1.1058514001807278,1.6598477461118575
Main,Punjab,2033,1.3412529396092803,1.0880161801135801,1.650827435300698
Main,Punjab,2034,1.3302066545094786,1.0729262722051311,1.6429623115979068
Main,Punjab,2035,1.317505282078319,1.061510421085465,1.6340004620754618
Main,Punjab,2036,1.3035525571505087,1.0445018150857628,1.6292381010642387
Main,Punjab,2037,1.2973023115598448,1.0298200498120818,1.6266964879277954
Main,Punjab,2038,1.2847512858805814,1.0163269276482207,1.6215722953117262
Main,Punjab,2039,1.272149351443579,1.001568429598674,1.6065526201059368
Main,Punjab,2040,1.260683645999017,0.9876213639130875,1.600676015029886
Main,Punjab,2041,1.2528483339451277,0.9808238418390347,1.5979541752322375
Main,Punjab,2042,1.24743142647811,0.9665300081095334,1.5835835397853606
Main,Punjab,2043,1.2366514034996194,0.9557379534758842,1.5796870076072382
Main,Punjab,2044,1.2274098022348672,0.9454147085676907,1.576000616556702
Main,Punjab,2045,1.2198575777977219,0.9368009767801467,1.5753858042975424
Main,Punjab,2046,1.2128585731199628,0.926206833088241,1.5598633924265237
Main,Punjab,2047,1.2028753755324253,0.9113732406868693,1.560070464364997
Main,Punjab,2048,1.1953324687712814,0.8986225406905933,1.5531762424767988
Main,Punjab,2049,1.1896500193641306,0.8901861081956851,1.5498986313683423
Main,Punjab,2050,1.1814616623651575,0.8876478008590692,1.542684602921527
Main,Rajasthan,2024,2.318243782557631,2.1335995548739213,2.52631952943499
Main,Rajasthan,2025,2.2898878382861376,2.0794043059644056,2.5198126840206188
Main,Rajasthan,2026,2.260094980514375,2.0281466875418235,2.517982689735697
Main,Rajasthan,2027,2.2352393203815124,1.978430567900322,2.5100305188262415
Main,Rajasthan,2028,2.2046306711928185,1.940285277939677,2.5105955492195307
Main,Rajasthan,2029,2.181172360198291,1.8992466668880275,2.5033518665327494
Main,Rajasthan,2030,2.1488042281267763,1.863498912867684,2.4946820591026784
Main,Rajasthan,2031,2.1280192664683053,1.822257547740716,2.4832152282013884
Main,Rajasthan,2032,2.1031369215358326,1.7980481775234498,2.465886181054556
Main,Rajasthan,2033,2.079010637520745,1.7597907906726935,2.4575917993365444
Main,Rajasthan,2034,2.052048171162437,1.7332730339801419,2.430939108939932
Main,Rajasthan,2035,2.030790628173946,1.7127182126113352,2.4211556197251656
Main,Rajasthan,2036,2.009529867744833,1.6761992910950383,2.3957106538796906
Main,Rajasthan,2037,1.988951292129701,1.6404259499474623,2.381115833282318
Main,Rajasthan,2038,1.9665710995877648,1.6160664126961672,2.3699060971636934
Main,Rajasthan,2039,1.9453498002151393,1.5913298170412462,2.3642905563317176
Main,Rajasthan,2040,1.9248905177972926,1.5691903222486678,2.344552316541116
Main,Rajasthan,2041,1.9046070337720211,1.5439209485903913,2.3348786939216946
Main,Rajasthan,2042,1.883183546465745,1.5199795832485254,2.321653591033015
Main,Rajasthan,2043,1.8640206687043923,1.5037903051577655,2.2964261552949328
Main,Rajasthan,2044,1.8535457074400354,1.4834335621100374,2.2787309592579024
Main,Rajasthan,2045,1.8331559162035325,1.4698844361999774,2.270222349359305
Main,Rajasthan,2046,1.8151046106973066,1.4427854950902015,2.254456133789889
Main,Rajasthan,2047,1.796830512898773,1.4323429215984875,2.245946157332707
Main,Rajasthan,2048,1.7805894573031207,1.4092148239527853,2.2438397885743875
Main,Rajasthan,2049,1.7636273313498994,1.3901194505793621,2.220586284920225
Main,Rajasthan,2050,1.74593122996255,1.3720845494204592,2.194563301825479
Main,Sikkim,2023,1.2240285051509705,1.0279556348265981,1.4669743804587658
Main,Sikkim,2024,1.2157709153142329,1.014990649477252,1.4737143375513995
Main,Sikkim,2025,1.2070313788675764,0.9966828575099603,1.467078744481588
Main,Sikkim,2026,1.2007973482223027,0.9821466614964384,1.4662249223672226
Main,Sikkim,2027,1.195293965054571,0.9676617730232084,1.4688000221540196
Main,Sikkim,2028,1.1856996869091114,0.9598216994491643,1.4629078791101384
Main,Sikkim,2029,1.1806318037428223,0.9422265098807948,1.4626511802518403
Main,Sikkim,2030,1.1742897084617576,0.938841666097037,1.4630111350358554
Main,Sikkim,2031,1.166726227514764,0.9239718033250689,1.4684217144200014
Main,Sikkim,2032,1.1626572425089037,0.9169153858562439,1.4708202145919425
Main,Sikkim,2033,1.1567118453512164,0.9031532698646151,1.4757306723018768
Main,Sikkim,2034,1.1493668503751175,0.8943723680461181,1.4776706944455957
Main,Sikkim,2035,1.1403144059002188,0.8845059540448207,1.462978286175757
Main,Sikkim,2036,1.1357029219293757,0.8744501520107824,1.4621283409101704
Main,Sikkim,2037,1.1315898016300894,0.8593910870058621,1.4633075554492574
Main,Sikkim,2038,1.1250463419976269,0.854673792871804,1.464216532856036
Main,Sikkim,2039,1.1228711392301807,0.8515382524786653,1.4714280253694958
Main,Sikkim,2040,1.1150181189361543,0.8429986462677833,1.4636907819353648
Main,Sikkim,2041,1.1136025497597695,0.8432750565572983,1.4720451040244213
Main,Sikkim,2042,1.1091924849221093,0.8301228009802387,1.4591080366606881
Main,Sikkim,2043,1.104860996962273,0.8289086972671241,1.4628202229059963
Main,Sikkim,2044,1.1000843486496323,0.8231469933456673,1.4500792817116763
Main,Sikkim,2045,1.0952531806346864,0.81742544665025485,1.4477269816410319
Main,Sikkim,2046,1.089273254276053,0.8160967229628922,1.4438211807963397
Main,Sikkim,2047,1.087202474404375,0.8034344477199669,1.4491761196243544
Main,Sikkim,2048,1.0793821540097368,0.7994520024253196,1.4404085369973492
Main,Sikkim,2049,1.0750380066968388,0.797240462442155,1.4256949141397617
Main,Sikkim,2050,1.070201491014597,0.7874386126730618,1.4259515887131418
Main,Tamil Nadu,2024,1.3399849323430786,1.2201493241484072,1.4750878920103225
Main,Tamil Nadu,2025,1.329769959622408,1.1877433801373158,1.4918176015995408
Main,Tamil Nadu,2026,1.3194133862703876,1.1535910747373963,1.50773874562694
Main,Tamil Nadu,2027,1.3097024920545777,1.1319691196458586,1.5115701459222264
Main,Tamil Nadu,2028,1.2990131449648776,1.111361624400764,1.510627298083
Main,Tamil Nadu,2029,1.2901335960302784,1.0934497680713515,1.5140313958940732
Main,Tamil Nadu,2030,1.2870359638403603,1.0732453787110023,1.523254507238708
Main,Tamil Nadu,2031,1.275187519381424,1.0594589792682367,1.5249789595656014
Main,Tamil Nadu,2032,1.2662410139091378,1.0481762982609308,1.5274454029667168
Main,Tamil Nadu,2033,1.2602494196760547,1.034698915506293,1.5306831342538396
Main,Tamil Nadu,2034,1.2495630718619166,1.0164506732141279,1.5368412659187471
Main,Tamil Nadu,2035,1.2422807914141722,1.0054486953230957,1.5258009994966615
Main,Tamil Nadu,2036,1.2333808862517495,0.9947466901709912,1.5246845941676554
Main,Tamil Nadu,2037,1.225391523767646,0.9855820334462458,1.523545776994783
Main,Tamil Nadu,2038,1.2187551476264762,0.9827759845472963,1.5240672117213019
Main,Tamil Nadu,2039,1.2087255126952963,0.9663502154859203,1.5146540704542246
Main,Tamil Nadu,2040,1.2042610838821304,0.961833696498754,1.5216074369350157
Main,Tamil Nadu,2041,1.198864580073116,0.9552892489841776,1.5075764427305185
Main,Tamil Nadu,2042,1.1909766499713652,0.9455540609586088,1.507278278292465
Main,Tamil Nadu,2043,1.1857617533251852,0.9369232668920892,1.5111403561115508
Main,Tamil Nadu,2044,1.1762715421618648,0.9248001933108455,1.508489648888686
Main,Tamil Nadu,2045,1.1714421093917644,0.9174719563202252,1.5056084869861572
Main,Tamil Nadu,2046,1.1664939080383796,0.9132521359821623,1.504187810887308
Main,Tamil Nadu,2047,1.1632272615809944,0.8980786985487604,1.5071148817012068
Main,Tamil Nadu,2048,1.1565032296927749,0.890612041566238,1.505846099316787
Main,Tamil Nadu,2049,1.1503966481326149,0.8877412297141175,1.4929652635769783
Main,Tamil Nadu,2050,1.1482459959309244,0.8781948480686469,1.4936639189710874
Main,Telangana,2024,1.513087637869258,1.3681344390172594,1.6780390939513081
Main,Telangana,2025,1.4959526016881817,1.3280647823053973,1.6825786532699054
Main,Telangana,2026,1.4786688187977628,1.2935793621721214,1.698222904207038
Main,Telangana,2027,1.4597892661622622,1.2579971784709243,1.6948587020671508
Main,Telangana,2028,1.4444264700496237,1.2250974292423498,1.694039091094386
Main,Telangana,2029,1.4294194438032988,1.2045117391750473,1.7003192116149561
Main,Telangana,2030,1.4095854227762066,1.1814349232724521,1.6890641531962256
Main,Telangana,2031,1.3954390506147722,1.159634371562842,1.6896874790135568
Main,Telangana,2032,1.3802500154190251,1.1379933349595714,1.6810283877532208
Main,Telangana,2033,1.3662949281665555,1.120295207912868,1.6802837104184982
Main,Telangana,2034,1.3548829320784694,1.100072642158078,1.679508204902677
Main,Telangana,2035,1.340826587368575,1.0851395090771743,1.678822545862341
Main,Telangana,2036,1.3305711196840382,1.0660614681564462,1.6835660362770277
Main,Telangana,2037,1.3192596973110688,1.0507254440471028,1.665661208199977
Main,Telangana,2038,1.30723030060353,1.0384303751341077,1.6620575139441776
Main,Telangana,2039,1.295245698432515,1.022707060349074,1.6341400933626138
Main,Telangana,2040,1.2861966059549055,1.011476910906628,1.6313360046387553
Main,Telangana,2041,1.270571153812156,0.9950052655298748,1.6267166980039134
Main,Telangana,2042,1.2621720844560378,0.9847753128265496,1.6304744772911781
Main,Telangana,2043,1.2510553789899004,0.9712019220298284,1.6358971255910086
Main,Telangana,2044,1.2424900508062238,0.9603701921278291,1.62917075746419
Main,Telangana,2045,1.234381881117233,0.9537888539613658,1.6143851672963847
Main,Telangana,2046,1.2250069763561497,0.9431107868329885,1.603107357802037
Main,Telangana,2047,1.2163199424367408,0.9323509184423935,1.6058970439252565
Main,Telangana,2048,1.2115552704514752,0.9215347745069407,1.59449502089732
Main,Telangana,2049,1.201515133256229,0.9173513304320331,1.5865559875827095
Main,Telangana,2050,1.1895795854766766,0.9117358366532411,1.579277737487266
Main,Tripura,2023,1.4030570373839093,1.1900891054002543,1.6496057573471217
Main,Tripura,2024,1.3912614785587236,1.1734448157277746,1.6476412838887393
Main,Tripura,2025,1.3798854135362535,1.160272805857925,1.6561852866655413
Main,Tripura,2026,1.368775351952425,1.140465473488531,1.6486615067142145
Main,Tripura,2027,1.3599391220849264,1.1291337925374068,1.6468815682994902
Main,Tripura,2028,1.3506215139512632,1.1202022351605694,1.6425918165594535
Main,Tripura,2029,1.3439477733365979,1.107099809996014,1.6452480231228934
Main,Tripura,2030,1.3349333878858674,1.0890834102262243,1.6455811903801683
Main,Tripura,2031,1.3268951038846817,1.0748854197690292,1.6347519695277284
Main,Tripura,2032,1.3180100060266495,1.067073379884739,1.630570252345733
Main,Tripura,2033,1.309108980515667,1.0526424256895506,1.632745303805955
Main,Tripura,2034,1.3009792912120468,1.045545286331856,1.6220407822584846
Main,Tripura,2035,1.294479588306885,1.029249042703005,1.6207910841327657
Main,Tripura,2036,1.2850669351442678,1.0213929578007552,1.612338578751166
Main,Tripura,2037,1.277176083692201,1.008982154419365,1.6160569971520755
Main,Tripura,2038,1.2692637337685677,0.9952037551834527,1.6083379443604688
Main,Tripura,2039,1.2603549872117528,0.9890416550241634,1.6039277760426813
Main,Tripura,2040,1.253248165193194,0.9810143163666207,1.6011212906369388
Main,Tripura,2041,1.2477409838085636,0.9723316670055577,1.5823349445694337
Main,Tripura,2042,1.2399779483906888,0.9652232921017112,1.584811399340204
Main,Tripura,2043,1.2347109301629964,0.9507286428213416,1.582384079281353
Main,Tripura,2044,1.2307571854672248,0.9440436597541517,1.590398445311303
Main,Tripura,2045,1.22392455343687,0.9394219510151383,1.592069866906073
Main,Tripura,2046,1.2168771504181668,0.9334989162565549,1.5915026351437525
Main,Tripura,2047,1.2124935872377396,0.9227416265098338,1.5849232151662387
Main,Tripura,2048,1.2048393760302512,0.9160044826954373,1.5834482423594425
Main,Tripura,2049,1.1994605692343767,0.9071586268088552,1.573558901270456
Main,Tripura,2050,1.1937259659803883,0.9055330908145717,1.5610257268362615
Main,Uttar Pradesh,2024,2.5721567374194976,2.3607094506942508,2.7925560231546616
Main,Uttar Pradesh,2025,2.537277122930397,2.291827745106284,2.7857714398526965
Main,Uttar Pradesh,2026,2.5012905249485673,2.2362237984436493,2.775243796532814
Main,Uttar Pradesh,2027,2.471075538534908,2.1764892971706113,2.764110358143818
Main,Uttar Pradesh,2028,2.4366833836636084,2.1400973705007518,2.751276749677795
Main,Uttar Pradesh,2029,2.4098524367324927,2.096006788170544,2.7389562863335386
Main,Uttar Pradesh,2030,2.37509234909683,2.0494256503995674,2.7193229488856847
Main,Uttar Pradesh,2031,2.3446070459225696,2.016644255560765,2.70697509640402
Main,Uttar Pradesh,2032,2.315175225514175,1.9840049117378187,2.6966467758224852
Main,Uttar Pradesh,2033,2.2862877882519,1.9383475349188735,2.674877413814208
Main,Uttar Pradesh,2034,2.261165921074113,1.9037061826967032,2.648781933212804
Main,Uttar Pradesh,2035,2.234291541890782,1.8789501318462623,2.6386137933947027
Main,Uttar Pradesh,2036,2.2071079459345526,1.8458179965881927,2.6291916505750006
Main,Uttar Pradesh,2037,2.1812194218953405,1.8147303953016507,2.606563977985472
Main,Uttar Pradesh,2038,2.153372872943403,1.7788469970383511,2.589655552061097
Main,Uttar Pradesh,2039,2.1297825690233037,1.7547549676992698,2.5895779657646334
Main,Uttar Pradesh,2040,2.1047362116859434,1.7336250233000585,2.5486178313195085
Main,Uttar Pradesh,2041,2.0786938358187177,1.7014372048355364,2.5278107021278533
Main,Uttar Pradesh,2042,2.0605822674253513,1.679838253295011,2.5102691217801434
Main,Uttar Pradesh,2043,2.035267850831305,1.6551829079605924,2.4897148966541893
Main,Uttar Pradesh,2044,2.015501025665751,1.6246704564554963,2.4801034941599562
Main,Uttar Pradesh,2045,1.9945872285302269,1.6057200680798962,2.4643707103212122
Main,Uttar Pradesh,2046,1.976820482367334,1.5811539949871753,2.44387784576006
Main,Uttar Pradesh,2047,1.9562907182837326,1.5531460350096336,2.425883509319722
Main,Uttar Pradesh,2048,1.9374963491295467,1.5373425195924186,2.4152055994994077
Main,Uttar Pradesh,2049,1.9224315429888947,1.516035683819033,2.406763412491974
Main,Uttar Pradesh,2050,1.9036107525770711,1.4956848419538717,2.3745402604557286
Main,Uttarakhand,2024,1.7229581184431764,1.571516641422069,1.884697805044903
Main,Uttarakhand,2025,1.705064386555006,1.5293848419500737,1.8938271738260428
Main,Uttarakhand,2026,1.6869201901410213,1.4989741119856126,1.9000591709083439
Main,Uttarakhand,2027,1.667017857000566,1.4648965144853607,1.898097818242597
Main,Uttarakhand,2028,1.6487759470193257,1.4294411556542124,1.8892892856394694
Main,Uttarakhand,2029,1.6345332402848833,1.4027838590665365,1.8961473997292562
Main,Uttarakhand,2030,1.6153291793536095,1.3765746903007843,1.8844403677345403
Main,Uttarakhand,2031,1.5984251284459243,1.3480343982127494,1.8838239727615291
Main,Uttarakhand,2032,1.5802447374592592,1.3272630305598758,1.877904963601609
Main,Uttarakhand,2033,1.56549494416463,1.3034211161184663,1.8686199679256081
Main,Uttarakhand,2034,1.5516011330615929,1.2777188418090362,1.865855849251548
Main,Uttarakhand,2035,1.5369505645158585,1.262574066735921,1.8666735438430186
Main,Uttarakhand,2036,1.5241033086847269,1.2413112590708197,1.8529022302750997
Main,Uttarakhand,2037,1.508624327551736,1.226909741808616,1.8497007722140835
Main,Uttarakhand,2038,1.4962721573144129,1.2089167441133895,1.826504660227838
Main,Uttarakhand,2039,1.4840268325226025,1.1932947574795176,1.8270086878828948
Main,Uttarakhand,2040,1.4694246544118221,1.179095324034998,1.8279813242547747
Main,Uttarakhand,2041,1.4560340792824809,1.1622154193569603,1.8265079598410332
Main,Uttarakhand,2042,1.4452100643744261,1.1535975931025333,1.820684086329588
Main,Uttarakhand,2043,1.4328066296970587,1.1358019822464227,1.8116278673403403
Main,Uttarakhand,2044,1.423628782780129,1.119191262674849,1.7907621116767138
Main,Uttarakhand,2045,1.4129341132998685,1.1114292586927794,1.7859941611042076
Main,Uttarakhand,2046,1.4015355137286307,1.0983359337863388,1.7811365408210804
Main,Uttarakhand,2047,1.3918969824577765,1.089727376766072,1.7711351935381927
Main,Uttarakhand,2048,1.379295959267842,1.0822570637917384,1.7586995810605057
Main,Uttarakhand,2049,1.3678354891199764,1.0652533179557473,1.7528441032190574
Main,Uttarakhand,2050,1.3563328912296506,1.0559719123748783,1.7468284135556047
Main,West Bengal,2024,1.340496390477063,1.2142488256315238,1.4842491560299553
Main,West Bengal,2025,1.327203189922079,1.180426540380241,1.5007217907376833
Main,West Bengal,2026,1.3129406166394735,1.1525504289886945,1.5097022202311803
Main,West Bengal,2027,1.3013488378503837,1.1296309101555027,1.5136223207433368
Main,West Bengal,2028,1.2891261794770634,1.1052051203495425,1.5200851971513407
Main,West Bengal,2029,1.279772251586143,1.082181589561132,1.5331670796736572
Main,West Bengal,2030,1.2669832760731292,1.0612643180786485,1.534986431394958
Main,West Bengal,2031,1.2590833101265837,1.0451269129766947,1.5320008433552867
Main,West Bengal,2032,1.248133496646873,1.023234867260383,1.5258872583083485
Main,West Bengal,2033,1.2385577901967428,1.0095958887305108,1.5330843612229303
Main,West Bengal,2034,1.233646949810626,1.0018097205588383,1.5380713454572528
Main,West Bengal,2035,1.2231326213425793,0.987019056911585,1.5371817663053973
Main,West Bengal,2036,1.2124483308876985,0.9668108169272079,1.5226065160804967
Main,West Bengal,2037,1.205459348432216,0.9514692347912823,1.524872565292267
Main,West Bengal,2038,1.1965554697876124,0.941601629836136,1.5204369038353927
Main,West Bengal,2039,1.1925508160296372,0.9334655372676963,1.5262246514944164
Main,West Bengal,2040,1.183025801650305,0.9210762613131528,1.5268738789979301
Main,West Bengal,2041,1.176445552869897,0.9130614372306588,1.5104791630011145
Main,West Bengal,2042,1.171184470787571,0.9033873334215003,1.5088346882526615
Main,West Bengal,2043,1.1615344250697617,0.8943456965027115,1.5070324029484097
Main,West Bengal,2044,1.158253851153833,0.887062918665606,1.4948898267728512
Main,West Bengal,2045,1.1518249291905902,0.8817861060737574,1.4981504746768017
Main,West Bengal,2046,1.145682847953685,0.8768408565844015,1.5019925025371543
Main,West Bengal,2047,1.1390910738988735,0.8735330503272108,1.502984653786389
Main,West Bengal,2048,1.1314269514645465,0.8669843400371748,1.4920991932709717
Main,West Bengal,2049,1.129667802079076,0.8609527844011694,1.4853328818860692
Main,West Bengal,2050,1.1221131320348863,0.8542184935455996,1.475648244478743
Wide Prior,Andaman & Nicobar Islands,2023,1.2031836766786341,1.002928164451024,1.4336161967315837
Wide Prior,Andaman & Nicobar Islands,2024,1.1968775915370373,0.9850512388266667,1.4397911602969797
Wide Prior,Andaman & Nicobar Islands,2025,1.1891688881582594,0.9723319633745098,1.440965682024951
Wide Prior,Andaman & Nicobar Islands,2026,1.180894640730168,0.9543310787244658,1.4459182060570233
Wide Prior,Andaman & Nicobar Islands,2027,1.1728293938141268,0.9436075017780355,1.4519966374204634
Wide Prior,Andaman & Nicobar Islands,2028,1.1662107113823676,0.9364986510324813,1.4540121592959474
Wide Prior,Andaman & Nicobar Islands,2029,1.1593171629708263,0.9240916255563536,1.4488798044754387
Wide Prior,Andaman & Nicobar Islands,2030,1.152578420334481,0.9109967125754662,1.4415830218160162
Wide Prior,Andaman & Nicobar Islands,2031,1.1470593896070747,0.90200947258697,1.4439026874090204
Wide Prior,Andaman & Nicobar Islands,2032,1.1390720085180597,0.8939859996615621,1.4310856683600268
Wide Prior,Andaman & Nicobar Islands,2033,1.1326466748894377,0.8775356855152325,1.4380440808055275
Wide Prior,Andaman & Nicobar Islands,2034,1.1279995349562515,0.8688246948800709,1.429853349460413
Wide Prior,Andaman & Nicobar Islands,2035,1.1228118243382181,0.8617899952475906,1.4362627742133587
Wide Prior,Andaman & Nicobar Islands,2036,1.1158960033038157,0.8595930124600327,1.4258710669262367
Wide Prior,Andaman & Nicobar Islands,2037,1.1088325935693,0.8471786489025541,1.4264878250784767
Wide Prior,Andaman & Nicobar Islands,2038,1.1033486054933503,0.8397075003043167,1.4377699011459557
Wide Prior,Andaman & Nicobar Islands,2039,1.0962566356198984,0.829214910161929,1.4258841143251737
Wide Prior,Andaman & Nicobar Islands,2040,1.092213006732242,0.823440535376647,1.4218322103923933
Wide Prior,Andaman & Nicobar Islands,2041,1.0861930374205744,0.8153834142591108,1.421607686197417
Wide Prior,Andaman & Nicobar Islands,2042,1.0825580073567294,0.8089863181995118,1.4101907568300285
Wide Prior,Andaman & Nicobar Islands,2043,1.0747787602603376,0.8008601083753302,1.412561642269281
Wide Prior,Andaman & Nicobar Islands,2044,1.072474094840975,0.7925187693947738,1.409943711037675
Wide Prior,Andaman & Nicobar Islands,2045,1.0698604580258326,0.7900112223632431,1.4062725378971759
Wide Prior,Andaman & Nicobar Islands,2046,1.0645721686282876,0.7833549364827102,1.4120192727229017
Wide Prior,Andaman & Nicobar Islands,2047,1.057240575337949,0.7798102895252603,1.4008240811680075
Wide Prior,Andaman & Nicobar Islands,2048,1.05553912300156,0.7737808042643466,1.393372082899847
Wide Prior,Andaman & Nicobar Islands,2049,1.0537716753522308,0.7691160780744267,1.4116282930319894
Wide Prior,Andaman & Nicobar Islands,2050,1.049180134721846,0.7647480478528755,1.4041395936646581
Wide Prior,Andhra Pradesh,2024,1.4933023018303977,1.3476351231228145,1.6548691356816347
Wide Prior,Andhra Pradesh,2025,1.473304676647043,1.3032225747488084,1.664799985165298
Wide Prior,Andhra Pradesh,2026,1.4579595312405338,1.2715630137717906,1.6723250072241602
Wide Prior,Andhra Pradesh,2027,1.4394894373736922,1.2362565503781486,1.674692386920663
Wide Prior,Andhra Pradesh,2028,1.4224263232050323,1.21057415827818,1.6647299664515618
Wide Prior,Andhra Pradesh,2029,1.407988149147085,1.189949144912479,1.6721972129814051
Wide Prior,Andhra Pradesh,2030,1.3912063958276533,1.16546849830824,1.6657457025597115
Wide Prior,Andhra Pradesh,2031,1.3739652678494447,1.1371877265566022,1.6565737426996188
Wide Prior,Andhra Pradesh,2032,1.360402415695542,1.1162633493930678,1.6564563230147535
Wide Prior,Andhra Pradesh,2033,1.3421995560858382,1.0945832634206534,1.6629014723382514
Wide Prior,Andhra Pradesh,2034,1.334039127241394,1.0828681944271936,1.6468423863450512
Wide Prior,Andhra Pradesh,2035,1.320149285797477,1.0591208507253067,1.632490947664895
Wide Prior,Andhra Pradesh,2036,1.3073721233772204,1.0454123709417815,1.6379073043004266
Wide Prior,Andhra Pradesh,2037,1.2973522841554435,1.031811805931875,1.6209572191920223
Wide Prior,Andhra Pradesh,2038,1.284047569432009,1.0187078799289828,1.6285371214988316
Wide Prior,Andhra Pradesh,2039,1.2726328992789226,1.0040362772772162,1.606663319583511
Wide Prior,Andhra Pradesh,2040,1.262005977408165,0.9894879609137612,1.6058734373339405
Wide Prior,Andhra Pradesh,2041,1.251176512135683,0.9804624606997228,1.5909884222221737
Wide Prior,Andhra Pradesh,2042,1.2419265583930308,0.9607394644172694,1.590473621788357
Wide Prior,Andhra Pradesh,2043,1.2348629328088343,0.954916985340098,1.5794331183610928
Wide Prior,Andhra Pradesh,2044,1.2247026016935947,0.9457270708538947,1.5767611239448645
Wide Prior,Andhra Pradesh,2045,1.215008911468762,0.9276754444972112,1.5620222097537542
Wide Prior,Andhra Pradesh,2046,1.2051407494665374,0.9157233992537082,1.559325131917219
Wide Prior,Andhra Pradesh,2047,1.1966283613624271,0.9048980752904217,1.5459484311958707
Wide Prior,Andhra Pradesh,2048,1.188221042327334,0.8967987243674126,1.538422656063968
Wide Prior,Andhra Pradesh,2049,1.1833477842296474,0.8901668199995547,1.5405149535234242
Wide Prior,Andhra Pradesh,2050,1.173617344172669,0.8825841826663828,1.52870294454185
Wide Prior,Arunachal Pradesh,2023,1.7321136065303904,1.4647482209398806,2.0484578398036097
Wide Prior,Arunachal Pradesh,2024,1.7100499699707123,1.437458441400161,2.042261978328634
Wide Prior,Arunachal Pradesh,2025,1.6890017205320291,1.415789753012574,2.035549220348327
Wide Prior,Arunachal Pradesh,2026,1.6685933413045553,1.3902635064074738,2.022115996060269
Wide Prior,Arunachal Pradesh,2027,1.6507508133807272,1.3666865789957956,2.0119971224236965
Wide Prior,Arunachal Pradesh,2028,1.6361804549814454,1.3482196903082861,1.9990836040024629
Wide Prior,Arunachal Pradesh,2029,1.6167030080074916,1.3288102932932,1.9846704920585612
Wide Prior,Arunachal Pradesh,2030,1.5978030450174927,1.3066336912293532,1.9748638721679066
Wide Prior,Arunachal Pradesh,2031,1.57906081249586,1.2868114756566809,1.9698611377967687
Wide Prior,Arunachal Pradesh,2032,1.5629430191564402,1.2630715617701256,1.9484794747783776
Wide Prior,Arunachal Pradesh,2033,1.5491813175553681,1.2419079275129776,1.9387797964190803
Wide Prior,Arunachal Pradesh,2034,1.5346314058017005,1.2194423238916314,1.9329508746291897
Wide Prior,Arunachal Pradesh,2035,1.5194304544838027,1.2116486598005272,1.9141094428214946
Wide Prior,Arunachal Pradesh,2036,1.5013930302271459,1.19480651033483,1.901951784777851
Wide Prior,Arunachal Pradesh,2037,1.489181210483825,1.1807457051550048,1.892936807304932
Wide Prior,Arunachal Pradesh,2038,1.474167830012206,1.1624265799786528,1.886996761170737
Wide Prior,Arunachal Pradesh,2039,1.4631448088946728,1.1525012073801209,1.8757146665196898
Wide Prior,Arunachal Pradesh,2040,1.4508648532473694,1.140015092182857,1.8569733041565506
Wide Prior,Arunachal Pradesh,2041,1.4418639266627908,1.1275423521270025,1.8541213880884433
Wide Prior,Arunachal Pradesh,2042,1.426222368849933,1.119912454502745,1.84867469393304
Wide Prior,Arunachal Pradesh,2043,1.4140855086074404,1.1004901509841913,1.8350334782694708
Wide Prior,Arunachal Pradesh,2044,1.402999322535663,1.0873547896423037,1.8154107281126077
Wide Prior,Arunachal Pradesh,2045,1.3920417854014837,1.0745148797960746,1.8076557114947067
Wide Prior,Arunachal Pradesh,2046,1.377257210239477,1.0649453852630044,1.8036997398291472
Wide Prior,Arunachal Pradesh,2047,1.369246942124204,1.0545305858194192,1.7964631734271315
Wide Prior,Arunachal Pradesh,2048,1.3565990349219785,1.0429862247574149,1.775456056335588
Wide Prior,Arunachal Pradesh,2049,1.3488693582428342,1.0356302215652122,1.763678193659399
Wide Prior,Arunachal Pradesh,2050,1.3392839704440422,1.0309392540722646,1.7570733021068445
Wide Prior,Assam,2024,2.0076706803061986,1.8554124467349358,2.182056084557112
Wide Prior,Assam,2025,1.9858863771273298,1.806349948028992,2.186090851571639
Wide Prior,Assam,2026,1.9632815161306598,1.7678819452246635,2.188315482051671
Wide Prior,Assam,2027,1.9436800697663679,1.7290242439422163,2.185008412250564
Wide Prior,Assam,2028,1.9206113799603983,1.69599825192445,2.1808748590144638
Wide Prior,Assam,2029,1.9015539218228352,1.6612686346506573,2.1812343738170497
Wide Prior,Assam,2030,1.883737285674751,1.6340270687520755,2.1747071625026777
Wide Prior,Assam,2031,1.863356387709504,1.6065174873001082,2.167864076199996
Wide Prior,Assam,2032,1.8441470975307275,1.5809880602931616,2.161744868392857
Wide Prior,Assam,2033,1.8278022661277016,1.554927841645459,2.154893649687123
Wide Prior,Assam,2034,1.809986383318349,1.5243759292256254,2.140462121765841
Wide Prior,Assam,2035,1.795865171850966,1.5033538994173405,2.128785127669382
Wide Prior,Assam,2036,1.7759586407282897,1.4822916645779685,2.1223302505269386
Wide Prior,Assam,2037,1.7580581705301102,1.458856611011845,2.11686601454676
Wide Prior,Assam,2038,1.7447205824541634,1.4399617518519394,2.093844818528044
Wide Prior,Assam,2039,1.7343748221286606,1.4162479241467736,2.0920190056029666
Wide Prior,Assam,2040,1.7146941111284866,1.3960904803039211,2.0822924869957045
Wide Prior,Assam,2041,1.699047522463662,1.3770027537679737,2.0707496956433182
Wide Prior,Assam,2042,1.684584769808966,1.3575383907117793,2.0713795723526984
Wide Prior,Assam,2043,1.6696308362966148,1.3504963225545792,2.055593341243014
Wide Prior,Assam,2044,1.6582171903840492,1.3260899883328643,2.0451959599452763
Wide Prior,Assam,2045,1.6447284847471502,1.3093097076985105,2.030494232326746
Wide Prior,Assam,2046,1.6311895451677558,1.2932295918438392,2.0162428928889002
Wide Prior,Assam,2047,1.6182955672248074,1.287088553122333,2.0213315375087113
Wide Prior,Assam,2048,1.6042665548780695,1.2761282575525918,2.0067381357015286
Wide Prior,Assam,2049,1.592973848750192,1.2600246647655777,2.0005459867493673
Wide Prior,Assam,2050,1.5795262586773906,1.2429265599836752,1.9895631630813355
Wide Prior,Bihar,2024,2.8294965427167034,2.5988444051438044,3.072104846186835
Wide Prior,Bihar,2025,2.7891682813788803,2.525535754153381,3.0660169553894367
Wide Prior,Bihar,2026,2.7472451966639335,2.461476678638971,3.0577592845679042
Wide Prior,Bihar,2027,2.705885824215323,2.4081233124052193,3.0431405891344956
Wide Prior,Bihar,2028,2.6701629379752214,2.349769108416116,3.020929020493718
Wide Prior,Bihar,2029,2.631415873992837,2.2993527273012946,3.0096651442755387
Wide Prior,Bihar,2030,2.593270491188197,2.2452427522085667,2.9646668242249077
Wide Prior,Bihar,2031,2.560651726517218,2.192843331957687,2.9537479023844972
Wide Prior,Bihar,2032,2.5219765881516043,2.155129095235759,2.9358854255018887
Wide Prior,Bihar,2033,2.4884681243089233,2.111232583164201,2.9191584460550315
Wide Prior,Bihar,2034,2.452939439791493,2.0666802714346706,2.903434567777911
Wide Prior,Bihar,2035,2.426697436108046,2.031684340776802,2.8765827993685438
Wide Prior,Bihar,2036,2.395156766808858,1.9951249703661755,2.8605903453971786
Wide Prior,Bihar,2037,2.3643573111426908,1.9572065401783985,2.842125868821619
Wide Prior,Bihar,2038,2.3332055340991404,1.9224649609550142,2.8378256653530443
Wide Prior,Bihar,2039,2.3042486722161675,1.9000757279160954,2.8027883878610758
Wide Prior,Bihar,2040,2.2751110698222243,1.8682337921785162,2.77162564635195
Wide Prior,Bihar,2041,2.2438488269341725,1.8401646427446559,2.7531607783663405
Wide Prior,Bihar,2042,2.2171425589717937,1.8080500595413902,2.7370462088370027
Wide Prior,Bihar,2043,2.1909300997897136,1.7846963951467003,2.7005308058115483
Wide Prior,Bihar,2044,2.1661901447713108,1.7679531487996287,2.681668693918427
Wide Prior,Bihar,2045,2.1424778462369156,1.7382083277374925,2.6660219550704536
Wide Prior,Bihar,2046,2.1160613285711545,1.7061815128757387,2.6508271235683716
Wide Prior,Bihar,2047,2.0916299200987556,1.677960330792672,2.626261172857648
Wide Prior,Bihar,2048,2.0676917799656103,1.6569928877574291,2.603675529812687
Wide Prior,Bihar,2049,2.044873214616671,1.6369937988903842,2.580259960416569
Wide Prior,Bihar,2050,2.018333845325456,1.6111573577292657,2.5534807414208096
Wide Prior,Chandigarh,2023,1.4582853365932857,1.2192143578442327,1.7443596001051227
Wide Prior,Chandigarh,2024,1.4430579658258715,1.2012190063363248,1.7438978246385435
Wide Prior,Chandigarh,2025,1.4272966991548164,1.1766295669720472,1.7345976980300748
Wide Prior,Chandigarh,2026,1.4145002468392376,1.1554710440182272,1.7231335205843368
Wide Prior,Chandigarh,2027,1.3997533901933177,1.1397501847446017,1.7194419203515365
Wide Prior,Chandigarh,2028,1.3850972833642101,1.1186791389114157,1.7139219357511257
Wide Prior,Chandigarh,2029,1.3673582701215503,1.095137602529227,1.7048556177521903
Wide Prior,Chandigarh,2030,1.3560091025953511,1.0786224694405024,1.699335268952848
Wide Prior,Chandigarh,2031,1.3442383314170336,1.0665498834444969,1.6912592788465477
Wide Prior,Chandigarh,2032,1.3292211646005496,1.0509399314970052,1.6847152614717475
Wide Prior,Chandigarh,2033,1.3201578628848816,1.038332103876905,1.672471941429317
Wide Prior,Chandigarh,2034,1.306115744537295,1.023553051714082,1.6730698833159992
Wide Prior,Chandigarh,2035,1.293670456551902,1.010280105756065,1.6685204474283428
Wide Prior,Chandigarh,2036,1.2790512078316585,0.9989343993124525,1.654439023755663
Wide Prior,Chandigarh,2037,1.2681744441698206,0.9869192344389697,1.6374537869634593
Wide Prior,Chandigarh,2038,1.25806237875409,0.9725686023208193,1.634803099131366
Wide Prior,Chandigarh,2039,1.248196335046324,0.9551142017489556,1.6238984585867544
Wide Prior,Chandigarh,2040,1.2366198640369213,0.9463468219059784,1.6260111686637213
Wide Prior,Chandigarh,2041,1.2264738356089802,0.9319576221302096,1.6188095100240383
Wide Prior,Chandigarh,2042,1.2163550071816736,0.9254823920660263,1.6124570089465606
Wide Prior,Chandigarh,2043,1.2047653157432534,0.9145296732104308,1.6128342656814079
Wide Prior,Chandigarh,2044,1.1942424772611826,0.9083631733705313,1.586964844042343
Wide Prior,Chandigarh,2045,1.1891430768331852,0.9004722524320654,1.5791807700736689
Wide Prior,Chandigarh,2046,1.180336875644259,0.8854307612570175,1.5754424825975075
Wide Prior,Chandigarh,2047,1.1735898499503072,0.8756030780009889,1.5694524739226845
Wide Prior,Chandigarh,2048,1.167322672239647,0.8752477069039901,1.5673808742243949
Wide Prior,Chandigarh,2049,1.158742439412114,0.8666412734597011,1.5551911642700342
Wide Prior,Chandigarh,2050,1.151570808184364,0.8596681588373083,1.5427423499011375
Wide Prior,Chhattisgarh,2024,2.168780062143182,1.993706254564516,2.356914614057747
Wide Prior,Chhattisgarh,2025,2.1441778777936675,1.9485183510187687,2.361160469161334
Wide Prior,Chhattisgarh,2026,2.119020180666074,1.8937246213898782,2.3587250899545773
Wide Prior,Chhattisgarh,2027,2.093698474585623,1.8579558977131085,2.354373712924335
Wide Prior,Chhattisgarh,2028,2.069930510413254,1.8144127297665538,2.3468173922217344
Wide Prior,Chhattisgarh,2029,2.0474562458956225,1.7852972049172575,2.3437732024894258
Wide Prior,Chhattisgarh,2030,2.0221037752215647,1.751162474152482,2.341233230173936
Wide Prior,Chhattisgarh,2031,2.0018201888606466,1.7159147302371214,2.3385626042530414
Wide Prior,Chhattisgarh,2032,1.978213945641667,1.6911265256726933,2.3205414220444593
Wide Prior,Chhattisgarh,2033,1.958618902536283,1.6605554269908127,2.310581312697698
Wide Prior,Chhattisgarh,2034,1.935539948062477,1.6362184269548399,2.3030357260417413
Wide Prior,Chhattisgarh,2035,1.917062602382186,1.6148613051633223,2.2883897877520045
Wide Prior,Chhattisgarh,2036,1.8983391704425132,1.5825938544527014,2.2794395247545025
Wide Prior,Chhattisgarh,2037,1.8836088277539704,1.5631773184184397,2.2710968912389613
Wide Prior,Chhattisgarh,2038,1.8653120057620418,1.5331333348418024,2.259430839536677
Wide Prior,Chhattisgarh,2039,1.8437975827638298,1.5135896829115076,2.2459715908342583
Wide Prior,Chhattisgarh,2040,1.8281463834503398,1.4877659076975838,2.2375602385934936
Wide Prior,Chhattisgarh,2041,1.8078433339299573,1.4671468428987395,2.2265411965116106
Wide Prior,Chhattisgarh,2042,1.790455410921163,1.4510314027559905,2.2153734981679616
Wide Prior,Chhattisgarh,2043,1.775052611222831,1.434899672153039,2.210869278213753
Wide Prior,Chhattisgarh,2044,1.7588109098249087,1.4141668579224131,2.1961151512962283
Wide Prior,Chhattisgarh,2045,1.744715738671474,1.4010228615562303,2.1748496574286267
Wide Prior,Chhattisgarh,2046,1.7293180198452545,1.3845280540490135,2.1525318433046405
Wide Prior,Chhattisgarh,2047,1.712817116159358,1.3682759503297883,2.131687034689783
Wide Prior,Chhattisgarh,2048,1.6972804986463945,1.3455783638896672,2.126167412773165
Wide Prior,Chhattisgarh,2049,1.683213211903391,1.3315779035286037,2.123584845054453
Wide Prior,Chhattisgarh,2050,1.6647969346066802,1.3128664918980624,2.1171077197761154
Wide Prior,Dadra & Nagar Haveli and Daman & Diu,2023,1.951459527567326,1.6771446993541133,2.262674281297239
Wide Prior,Dadra & Nagar Haveli and Daman & Diu,2024,1.9301014156179577,1.6441910442541852,2.246841379279424
Wide Prior,Dadra & Nagar Haveli and Daman & Diu,2025,1.9113542022580559,1.618637371440241,2.2323517720146047
Wide Prior,Dadra & Nagar Haveli and Daman & Diu,2026,1.891321823135119,1.5906721161238744,2.2318299761412916
Wide Prior,Dadra & Nagar Haveli and Daman & Diu,2027,1.8728511060293878,1.561897017322464,2.2245743811089356
Wide Prior,Dadra & Nagar Haveli and Daman & Diu,2028,1.854545494194464,1.5362623553609733,2.217199175201947
Wide Prior,Dadra & Nagar Haveli and Daman & Diu,2029,1.8375664508160745,1.514844333516512,2.2103757798481203
Wide Prior,Dadra & Nagar Haveli and Daman & Diu,2030,1.8168119482956837,1.4918801657598424,2.1927059459667286
Wide Prior,Dadra & Nagar Haveli and Daman & Diu,2031,1.7987035434187604,1.474831113142072,2.173681464601827
Wide Prior,Dadra & Nagar Haveli and Daman & Diu,2032,1.7799350740793953,1.451778081479332,2.1655586253903047
Wide Prior,Dadra & Nagar Haveli and Daman & Diu,2033,1.7644224427704498,1.4312516906422257,2.1526321339281833
Wide Prior,Dadra & Nagar Haveli and Daman & Diu,2034,1.7467404188560878,1.41354177902725,2.1415925557514712
Wide Prior,Dadra & Nagar Haveli and Daman & Diu,2035,1.729543840513953,1.398794003217335,2.141447315705867
Wide Prior,Dadra & Nagar Haveli and Daman & Diu,2036,1.7173027147346471,1.3765689644765093,2.125835237292478
Wide Prior,Dadra & Nagar Haveli and Daman & Diu,2037,1.7017458140382136,1.3603792065207179,2.111515573021586
Wide Prior,Dadra & Nagar Haveli and Daman & Diu,2038,1.686280037158776,1.3442993430862051,2.090977182365812
Wide Prior,Dadra & Nagar Haveli and Daman & Diu,2039,1.6728024088483555,1.3257349900341513,2.0782397578789737
Wide Prior,Dadra & Nagar Haveli and Daman & Diu,2040,1.6588912935194762,1.3020224831191738,2.0633662344686376
Wide Prior,Dadra & Nagar Haveli and Daman & Diu,2041,1.6458977956536154,1.2973932618481199,2.063805726548091
Wide Prior,Dadra & Nagar Haveli and Daman & Diu,2042,1.63291637336385,1.2808477470268087,2.060356288185436
Wide Prior,Dadra & Nagar Haveli and Daman & Diu,2043,1.6196292417602263,1.2598220972259988,2.0410636613821875
Wide Prior,Dadra & Nagar Haveli and Daman & Diu,2044,1.606398673332092,1.2549068046997993,2.0280710257631167
Wide Prior,Dadra & Nagar Haveli and Daman & Diu,2045,1.5951546196857949,1.2395259748116398,2.010612006011204
Wide Prior,Dadra & Nagar Haveli and Daman & Diu,2046,1.5788592887528268,1.2216173009739284,2.011143827707503
Wide Prior,Dadra & Nagar Haveli and Daman & Diu,2047,1.5667406893593627,1.2093212652012206,1.9928564146889813
Wide Prior,Dadra & Nagar Haveli and Daman & Diu,2048,1.5534588620344159,1.194130606629386,1.978803724074881
Wide Prior,Dadra & Nagar Haveli and Daman & Diu,2049,1.5408762428029839,1.1902138988738309,1.9707216563667056
Wide Prior,Dadra & Nagar Haveli and Daman & Diu,2050,1.5308384987119257,1.1738588642928462,1.9679335898115828
Wide Prior,Delhi,2024,1.2915881869603725,1.1828894189014734,1.4176435489559045
Wide Prior,Delhi,2025,1.2822948456541186,1.15230833572268,1.4266760505377747
Wide Prior,Delhi,2026,1.275111910322625,1.1348825194388281,1.4318224137332125
Wide Prior,Delhi,2027,1.265226166859878,1.104815032982436,1.4402018871760445
Wide Prior,Delhi,2028,1.257909572659138,1.0921024730942346,1.4503584841884043
Wide Prior,Delhi,2029,1.2495741931809712,1.0725320446859574,1.4520931689327694
Wide Prior,Delhi,2030,1.2439192470128226,1.055907054512018,1.4543870945900936
Wide Prior,Delhi,2031,1.2349844373432755,1.0375337814513013,1.458671751879975
Wide Prior,Delhi,2032,1.2263560099705977,1.0254368505272247,1.4605281916413488
Wide Prior,Delhi,2033,1.2185494192886095,1.0170976185259595,1.4589040816740142
Wide Prior,Delhi,2034,1.2123113829802328,1.0025270146846,1.462702468829473
Wide Prior,Delhi,2035,1.2040487218678333,0.9891820527675443,1.461081612877167
Wide Prior,Delhi,2036,1.1996967657983175,0.9796728249720493,1.4607170747900922
Wide Prior,Delhi,2037,1.193460738433042,0.9706999208764411,1.4647831155508717
Wide Prior,Delhi,2038,1.1882705018324176,0.9619400232520284,1.4680237623540495
Wide Prior,Delhi,2039,1.1818951294746416,0.9527215774979051,1.4659673470568022
Wide Prior,Delhi,2040,1.1766625129743131,0.9429764719262522,1.472066498900921
Wide Prior,Delhi,2041,1.1693813018610546,0.9406586016236641,1.4648392702589876
Wide Prior,Delhi,2042,1.1650543532444684,0.9343491427919335,1.4673436051687228
Wide Prior,Delhi,2043,1.1587628827631193,0.9244707347314335,1.472296420354061
Wide Prior,Delhi,2044,1.1556396274003604,0.9112305408773362,1.4658786034536202
Wide Prior,Delhi,2045,1.1495674818020345,0.9021272102231307,1.4632100403478743
Wide Prior,Delhi,2046,1.1412397958104619,0.8983516483701242,1.4562352100066032
Wide Prior,Delhi,2047,1.1372330743102352,0.8906021834242508,1.4630535602978376
Wide Prior,Delhi,2048,1.132356720958994,0.8814504824176361,1.4657957504792425
Wide Prior,Delhi,2049,1.1264133028434358,0.8763802906753307,1.46179290892745
Wide Prior,Delhi,2050,1.1212635643155564,0.8647651129500369,1.460926362225679
Wide Prior,Goa,2023,1.3473048555582037,1.1331282606299322,1.5937747222167544
Wide Prior,Goa,2024,1.33314092628315,1.1168722056429077,1.59500273660224
Wide Prior,Goa,2025,1.3224619744485853,1.0895826183653274,1.5991599688116358
Wide Prior,Goa,2026,1.3098736259613049,1.0727128257112724,1.5975141573520502
Wide Prior,Goa,2027,1.298510095042424,1.0595003789108983,1.5914801363237037
Wide Prior,Goa,2028,1.2903324903595998,1.0459173565230884,1.5861891173896323
Wide Prior,Goa,2029,1.2820385157072716,1.031645547454812,1.5857756291549603
Wide Prior,Goa,2030,1.2725313950871742,1.014915608856511,1.5829111056687355
Wide Prior,Goa,2031,1.2641881595500308,1.000722719752264,1.575276914516981
Wide Prior,Goa,2032,1.2546973376239152,0.9931318059988702,1.572335416644943
Wide Prior,Goa,2033,1.248443506493151,0.9837324332337936,1.5679246955899684
Wide Prior,Goa,2034,1.236331005548986,0.9718420599607772,1.5651198852482286
Wide Prior,Goa,2035,1.2307236084603446,0.9652971745848022,1.5621750586192968
Wide Prior,Goa,2036,1.222967119593123,0.9536948711915476,1.5524823906024965
Wide Prior,Goa,2037,1.2158924839805423,0.9473695500350299,1.5548249592962025
Wide Prior,Goa,2038,1.2091868953227367,0.9421558801505984,1.5494750864084192
Wide Prior,Goa,2039,1.1986378176351926,0.9298648347005124,1.5502590371780294
Wide Prior,Goa,2040,1.1925334607788622,0.921396784915332,1.5375846596115184
Wide Prior,Goa,2041,1.1852055991808674,0.9182310113696662,1.5441473347341907
Wide Prior,Goa,2042,1.1818774305942865,0.9034155152230553,1.5306492032766634
Wide Prior,Goa,2043,1.1731128599140441,0.9009733929330918,1.5349041697641226
Wide Prior,Goa,2044,1.1639100988202933,0.8927987639755158,1.5226393154804183
Wide Prior,Goa,2045,1.1610173553340783,0.8832996999259864,1.5289612513378124
Wide Prior,Goa,2046,1.1552373992715725,0.8769345945551348,1.543234477997439
Wide Prior,Goa,2047,1.1477884214242144,0.8739744298431966,1.531785184263753
Wide Prior,Goa,2048,1.1409468224677792,0.868075208361951,1.515822910763398
Wide Prior,Goa,2049,1.1375186171964689,0.860185198029944,1.5225173025499599
Wide Prior,Goa,2050,1.1325979316547363,0.851870017022022,1.5192694801329296
Wide Prior,Gujarat,2024,1.8437067497831714,1.6846876653956406,2.0227181031277053
Wide Prior,Gujarat,2025,1.8195536278454454,1.6384427953064398,2.023279538464938
Wide Prior,Gujarat,2026,1.79948535298105,1.5943008558593035,2.0319892172126486
Wide Prior,Gujarat,2027,1.7761692374966778,1.5598732253750633,2.0321691455811606
Wide Prior,Gujarat,2028,1.7527118960115424,1.5221328630598647,2.025205002850081
Wide Prior,Gujarat,2029,1.7327695431569055,1.4897180271855648,2.0135576211180615
Wide Prior,Gujarat,2030,1.7129446188097504,1.4585044897135668,2.0120350155009206
Wide Prior,Gujarat,2031,1.6924265135104024,1.4263405494442738,2.005737218524549
Wide Prior,Gujarat,2032,1.671271163538509,1.4032816512382291,1.989646345174182
Wide Prior,Gujarat,2033,1.6510567973339392,1.3719332058148281,1.9807494828143422
Wide Prior,Gujarat,2034,1.6317600373616332,1.3507142927936702,1.9667266413758426
Wide Prior,Gujarat,2035,1.616972467307589,1.331427937363097,1.9536525184637146
Wide Prior,Gujarat,2036,1.6001379232936481,1.3052460764778824,1.9370442908548864
Wide Prior,Gujarat,2037,1.584844428169537,1.290254294511385,1.930983553763593
Wide Prior,Gujarat,2038,1.5671966074833712,1.265093079018958,1.9244453613950459
Wide Prior,Gujarat,2039,1.5509282930387596,1.2522082510122692,1.9033231319894977
Wide Prior,Gujarat,2040,1.5378869831811388,1.2328862918345624,1.8973155918171405
Wide Prior,Gujarat,2041,1.5250745499293785,1.2187764366557887,1.8923657095224697
Wide Prior,Gujarat,2042,1.5097754858428039,1.1994287774855887,1.8823000095555005
Wide Prior,Gujarat,2043,1.4974897720542162,1.178556899155583,1.8741323376788441
Wide Prior,Gujarat,2044,1.4840231079198731,1.1645429107061707,1.8659624583764507
Wide Prior,Gujarat,2045,1.4676965490825893,1.154811516006839,1.8580914040495997
Wide Prior,Gujarat,2046,1.456960914761292,1.1356824488756543,1.8496076212587782
Wide Prior,Gujarat,2047,1.4446443308924135,1.1233546410178954,1.8359352033059717
Wide Prior,Gujarat,2048,1.430621183494397,1.1139601916045652,1.8256120550717905
Wide Prior,Gujarat,2049,1.418902843269491,1.088534130264394,1.8190159680589155
Wide Prior,Gujarat,2050,1.402434878788981,1.0793988266098506,1.803728475689229
Wide Prior,Haryana,2024,1.9106946262389881,1.7479886069821495,2.091151073718901
Wide Prior,Haryana,2025,1.8866141904260583,1.6991341750561688,2.096454175322
Wide Prior,Haryana,2026,1.859319062058872,1.650239542000037,2.0999554702460195
Wide Prior,Haryana,2027,1.8339569365602193,1.6098686471458257,2.105300235244654
Wide Prior,Haryana,2028,1.8109615279747215,1.5677219378898493,2.1005922655513594
Wide Prior,Haryana,2029,1.790033256545104,1.5425149584321076,2.0845041910252076
Wide Prior,Haryana,2030,1.771192736723961,1.509560671881397,2.0821977899856012
Wide Prior,Haryana,2031,1.7481198958183364,1.4816570449835993,2.071698183597247
Wide Prior,Haryana,2032,1.7269897273352504,1.4499697033885568,2.064850888848267
Wide Prior,Haryana,2033,1.7070822084373305,1.421705615233876,2.0630092095749157
Wide Prior,Haryana,2034,1.6844356627555452,1.394551593934707,2.0502756823906703
Wide Prior,Haryana,2035,1.6647460661042568,1.369768548713466,2.030837059882588
Wide Prior,Haryana,2036,1.64642132217964,1.3400455590773754,2.0259682585332586
Wide Prior,Haryana,2037,1.6307171039576143,1.321334047219741,2.0098895930800738
Wide Prior,Haryana,2038,1.6121502029632542,1.2990948693676956,2.007688724012222
Wide Prior,Haryana,2039,1.5973182332091809,1.2795634553783777,1.987431270771571
Wide Prior,Haryana,2040,1.5789883800302054,1.2600384201871113,1.9692531633279464
Wide Prior,Haryana,2041,1.5652664697276584,1.2462662041726404,1.9597595527735123
Wide Prior,Haryana,2042,1.544799039591279,1.2257728900158829,1.9491327837057901
Wide Prior,Haryana,2043,1.5310389776194426,1.2053311037742733,1.9326274761803837
Wide Prior,Haryana,2044,1.51804706083899,1.1895386356005653,1.9159549982497
Wide Prior,Haryana,2045,1.5040726084564446,1.1771889963075952,1.9056793168543973
Wide Prior,Haryana,2046,1.4896272734438982,1.1661777762076242,1.897678561782113
Wide Prior,Haryana,2047,1.4743854281817863,1.1504327420529086,1.8823572750030233
Wide Prior,Haryana,2048,1.4608755389763237,1.1356985025287234,1.8755227764790632
Wide Prior,Haryana,2049,1.4479160340609467,1.1201642767381619,1.8539026660129905
Wide Prior,Haryana,2050,1.4375120707815738,1.106723781700592,1.8566528248275
Wide Prior,Himachal Pradesh,2024,1.524933633997196,1.3874128859805896,1.6933899549742142
Wide Prior,Himachal Pradesh,2025,1.5070546374068978,1.3388808045812841,1.6971954976710832
Wide Prior,Himachal Pradesh,2026,1.4858162486657234,1.3021331519022326,1.7056121886739741
Wide Prior,Himachal Pradesh,2027,1.4678034685164458,1.265375894478571,1.7041513265677306
Wide Prior,Himachal Pradesh,2028,1.4499186860661153,1.2394053293225618,1.7034833989543787
Wide Prior,Himachal Pradesh,2029,1.4347947030098651,1.2109037537747223,1.702564162689045
Wide Prior,Himachal Pradesh,2030,1.4206716029660524,1.19166067785419,1.6965813577310642
Wide Prior,Himachal Pradesh,2031,1.4065729473217625,1.1665342497889102,1.692976557875349
Wide Prior,Himachal Pradesh,2032,1.3908646046101183,1.1468700500331936,1.6858760276307596
Wide Prior,Himachal Pradesh,2033,1.375556308217613,1.122928572367219,1.68072641108885
Wide Prior,Himachal Pradesh,2034,1.3602396938866539,1.1046256869390585,1.678161812908088
Wide Prior,Himachal Pradesh,2035,1.3483203592011577,1.0911708167944127,1.6768940035752897
Wide Prior,Himachal Pradesh,2036,1.3355998299977343,1.0725268653365434,1.6760109754073655
Wide Prior,Himachal Pradesh,2037,1.324095237041647,1.058533695787866,1.6727904784006349
Wide Prior,Himachal Pradesh,2038,1.3107008827986286,1.0428014991994112,1.6631371816160685
Wide Prior,Himachal Pradesh,2039,1.299063339865085,1.0235297027976946,1.660457861331181
Wide Prior,Himachal Pradesh,2040,1.2881158877549121,1.013916555634597,1.6467062483259058
Wide Prior,Himachal Pradesh,2041,1.2752781198493017,1.0054713405036262,1.637522489564622
Wide Prior,Himachal Pradesh,2042,1.2642840344671016,0.9827075950442082,1.6299082009850694
Wide Prior,Himachal Pradesh,2043,1.2556437286338564,0.9770152169580647,1.6127950456373596
Wide Prior,Himachal Pradesh,2044,1.2458312052026135,0.9632195058422303,1.6133635137218167
Wide Prior,Himachal Pradesh,2045,1.2334509099113184,0.9472680695765806,1.597417231605605
Wide Prior,Himachal Pradesh,2046,1.225600835073849,0.9353157949254556,1.5833394151479312
Wide Prior,Himachal Pradesh,2047,1.2186718469798605,0.9270823421189851,1.5704529790780009
Wide Prior,Himachal Pradesh,2048,1.2093877613232067,0.9196728164606119,1.569820929603717
Wide Prior,Himachal Pradesh,2049,1.2018921236672275,0.9093303701216849,1.5567963840429315
Wide Prior,Himachal Pradesh,2050,1.194360183962425,0.8909698377587608,1.5601919997602218
Wide Prior,Jammu & Kashmir,2024,1.5007846815216548,1.3691896834790935,1.6437075857801025
Wide Prior,Jammu & Kashmir,2025,1.4869733841447508,1.3340245063217797,1.6540658478971713
Wide Prior,Jammu & Kashmir,2026,1.473553059340948,1.3064008700902994,1.6604154649969334
Wide Prior,Jammu & Kashmir,2027,1.4593567954889637,1.2770427599024146,1.6654316407361691
Wide Prior,Jammu & Kashmir,2028,1.445674073423922,1.259569962156614,1.673113846415076
Wide Prior,Jammu & Kashmir,2029,1.4355204154676837,1.239444702622093,1.6698431712900403
Wide Prior,Jammu & Kashmir,2030,1.4253779711841505,1.21248583443382,1.6719946429309323
Wide Prior,Jammu & Kashmir,2031,1.4135166635185437,1.1909925047533358,1.6682035623732057
Wide Prior,Jammu & Kashmir,2032,1.40026303888168,1.1786732739234587,1.6641013988559008
Wide Prior,Jammu & Kashmir,2033,1.3876039022863507,1.1602365776788774,1.6608903075687462
Wide Prior,Jammu & Kashmir,2034,1.379548379473835,1.1446918494938016,1.6561941160606017
Wide Prior,Jammu & Kashmir,2035,1.3690278977494934,1.122297402680258,1.6593439976776734
Wide Prior,Jammu & Kashmir,2036,1.356908047592762,1.1098842430852167,1.6547765880638978
Wide Prior,Jammu & Kashmir,2037,1.3464591036522138,1.0922592587238475,1.6584021545503282
Wide Prior,Jammu & Kashmir,2038,1.3381378238240607,1.0726668826629275,1.6530240380161014
Wide Prior,Jammu & Kashmir,2039,1.3299035511241128,1.0632753306756748,1.6429499484242773
Wide Prior,Jammu & Kashmir,2040,1.321418843802077,1.0539643591882086,1.6451230007736828
Wide Prior,Jammu & Kashmir,2041,1.31294252461405,1.042575654285512,1.640113026291911
Wide Prior,Jammu & Kashmir,2042,1.3026291663773535,1.02658294575576,1.6328492149985503
Wide Prior,Jammu & Kashmir,2043,1.2949247007285707,1.0215991261982793,1.6302099987767507
Wide Prior,Jammu & Kashmir,2044,1.2868662007538112,1.0113775765766657,1.6316204209968108
Wide Prior,Jammu & Kashmir,2045,1.276639696442276,1.0019873416487066,1.617085473301446
Wide Prior,Jammu & Kashmir,2046,1.2700940896884423,0.9928984089023313,1.6152123260794755
Wide Prior,Jammu & Kashmir,2047,1.2596609634729936,0.980665773643407,1.618350094027985
Wide Prior,Jammu & Kashmir,2048,1.2519945216200612,0.9694688130010701,1.602690405082944
Wide Prior,Jammu & Kashmir,2049,1.2476396384891104,0.9632367695217059,1.5962483698958352
Wide Prior,Jammu & Kashmir,2050,1.2390703426565337,0.9518736263524273,1.589579566933232
Wide Prior,Jharkhand,2024,2.17405821289758,1.9968667084019969,2.3641265707514023
Wide Prior,Jharkhand,2025,2.148292215773022,1.9469644734318186,2.3693944530557842
Wide Prior,Jharkhand,2026,2.123072050175316,1.9096759588672008,2.364401454115943
Wide Prior,Jharkhand,2027,2.1019689324663635,1.8683584707420964,2.365489783380272
Wide Prior,Jharkhand,2028,2.07777237840852,1.8310540803583297,2.362947068304914
Wide Prior,Jharkhand,2029,2.0545844834858045,1.7976145165233608,2.3629437820026507
Wide Prior,Jharkhand,2030,2.035850472149789,1.7699588219534963,2.354363167080347
Wide Prior,Jharkhand,2031,2.012706680372747,1.735683155532212,2.3418939144311968
Wide Prior,Jharkhand,2032,1.9913549699668245,1.6997672401659494,2.3333179888126243
Wide Prior,Jharkhand,2033,1.9716502116039005,1.6763426260033132,2.3223942816074525
Wide Prior,Jharkhand,2034,1.9523068230013787,1.6505515737614798,2.3111232916292117
Wide Prior,Jharkhand,2035,1.9299321442433715,1.627138453758691,2.2879434438303057
Wide Prior,Jharkhand,2036,1.9137415606613488,1.6094043659830581,2.29350176195439
Wide Prior,Jharkhand,2037,1.8932110789733216,1.5867541429281224,2.2757206474379847
Wide Prior,Jharkhand,2038,1.876919001632519,1.568204040332155,2.273221870956808
Wide Prior,Jharkhand,2039,1.8596152425828998,1.544278439004768,2.250986040265889
Wide Prior,Jharkhand,2040,1.8420040777253306,1.5169423987478425,2.242650211137125
Wide Prior,Jharkhand,2041,1.8263562022312514,1.5019569160723336,2.2334588989642
Wide Prior,Jharkhand,2042,1.8090496828134874,1.4793195806275212,2.211653785948235
Wide Prior,Jharkhand,2043,1.7897038235339005,1.4589880451938637,2.1960914262007516
Wide Prior,Jharkhand,2044,1.7757999660623853,1.4382438681875003,2.189945949133658
Wide Prior,Jharkhand,2045,1.7597851845169656,1.4219803239702893,2.1787868177775906
Wide Prior,Jharkhand,2046,1.7447383594867674,1.407168892506538,2.158933566180411
Wide Prior,Jharkhand,2047,1.7319097678675952,1.3931700724386078,2.1535957678889543
Wide Prior,Jharkhand,2048,1.7160928523687597,1.3706928766231654,2.1341093227408225
Wide Prior,Jharkhand,2049,1.7010908264920643,1.3522848345731562,2.129238280486582
Wide Prior,Jharkhand,2050,1.6916963756104726,1.336425727528438,2.12110973198007
Wide Prior,Karnataka,2024,1.5218444932132391,1.3742748503537994,1.683794524545121
Wide Prior,Karnataka,2025,1.5030474602577157,1.3320416734111287,1.6946221375924746
Wide Prior,Karnataka,2026,1.4841188967155963,1.2996296843172621,1.697131293319938
Wide Prior,Karnataka,2027,1.4657459038388667,1.2651756735037676,1.7043225119701042
Wide Prior,Karnataka,2028,1.447347956249165,1.2321560497933866,1.7005789087818568
Wide Prior,Karnataka,2029,1.4313042860910825,1.2023869820650628,1.693214362729988
Wide Prior,Karnataka,2030,1.4121788292273,1.1803711801285446,1.6891161846418263
Wide Prior,Karnataka,2031,1.3969090303853826,1.1545706522633012,1.684016996907957
Wide Prior,Karnataka,2032,1.3814090943431627,1.1365601997654897,1.680922401334087
Wide Prior,Karnataka,2033,1.3649477644737353,1.1164311365152289,1.6707596288007027
Wide Prior,Karnataka,2034,1.3505739107708965,1.0968789771613203,1.6708084601809483
Wide Prior,Karnataka,2035,1.3366194042772115,1.079249038390137,1.653026108791576
Wide Prior,Karnataka,2036,1.3222126012814208,1.06037467653909,1.6503558438495325
Wide Prior,Karnataka,2037,1.3123405982440115,1.0458265819543915,1.6510531779433815
Wide Prior,Karnataka,2038,1.3013162396254425,1.03414267210371,1.6487929070515863
Wide Prior,Karnataka,2039,1.2876760374669454,1.0112091108100936,1.6308527446629446
Wide Prior,Karnataka,2040,1.2785746513047007,1.001169656012826,1.630794640422794
Wide Prior,Karnataka,2041,1.2644493913805903,0.9877896735424214,1.617618602140742
Wide Prior,Karnataka,2042,1.2546374908774558,0.9817205634079428,1.609193552576557
Wide Prior,Karnataka,2043,1.2438402159162045,0.9676253153680895,1.6125471580809774
Wide Prior,Karnataka,2044,1.2376451129183872,0.9598974803968449,1.6121713519716938
Wide Prior,Karnataka,2045,1.2267984721991825,0.9423571755731059,1.6042701447318317
Wide Prior,Karnataka,2046,1.2191668980691899,0.9368107895712927,1.5942430959615321
Wide Prior,Karnataka,2047,1.2093901293940439,0.9327987455114743,1.592237313235687
Wide Prior,Karnataka,2048,1.1999004246174827,0.9188528789406989,1.5771649482439896
Wide Prior,Karnataka,2049,1.1916571532818878,0.9118814479402653,1.5633244440832619
Wide Prior,Karnataka,2050,1.18688090406501,0.9010020014935154,1.5564641833508377
Wide Prior,Kerala,2024,1.4855069642135814,1.3525309533573173,1.6340187016577914
Wide Prior,Kerala,2025,1.472185753054204,1.312945192736601,1.6442910457508688
Wide Prior,Kerala,2026,1.4561349654876723,1.279361523511042,1.6541302887218272
Wide Prior,Kerala,2027,1.4414785570611999,1.249920171491467,1.6597662656330134
Wide Prior,Kerala,2028,1.4277370317966787,1.2307493509471583,1.6586623012111399
Wide Prior,Kerala,2029,1.4129706037357397,1.2016881552026801,1.6623741815306246
Wide Prior,Kerala,2030,1.3980950023887768,1.1793688632319868,1.656829053069055
Wide Prior,Kerala,2031,1.3828111210853598,1.1618022394051386,1.657101940386235
Wide Prior,Kerala,2032,1.3706035779250922,1.1404529978611713,1.657461664898829
Wide Prior,Kerala,2033,1.3614726289702381,1.1234392243511213,1.6598271811362535
Wide Prior,Kerala,2034,1.348805939895957,1.1036684443890188,1.6649316665488225
Wide Prior,Kerala,2035,1.338917324236045,1.088139838084187,1.6526281255295086
Wide Prior,Kerala,2036,1.3283324062452644,1.0679007594739218,1.6495264451142355
Wide Prior,Kerala,2037,1.3174649422233196,1.0508079241668524,1.6360246409224979
Wide Prior,Kerala,2038,1.3083802791638712,1.04289439813698,1.6380483058640243
Wide Prior,Kerala,2039,1.296881750254728,1.0236453529837874,1.63075548088651
Wide Prior,Kerala,2040,1.2885848122065602,1.0120484585860647,1.6362598127599197
Wide Prior,Kerala,2041,1.2825646404963766,1.0081474771963954,1.6219545558908597
Wide Prior,Kerala,2042,1.270419911511524,0.9967695986498034,1.618619193609161
Wide Prior,Kerala,2043,1.262366742660526,0.9848999674956862,1.6086171099640498
Wide Prior,Kerala,2044,1.253176859942005,0.9693342040526014,1.6061911333541377
Wide Prior,Kerala,2045,1.2463950435858129,0.9569067308158197,1.6043448176761321
Wide Prior,Kerala,2046,1.2373347181774972,0.9456810155972186,1.5961421742878579
Wide Prior,Kerala,2047,1.227443678567506,0.9359117774980464,1.5973705461653223
Wide Prior,Kerala,2048,1.2219694240952839,0.9270031922463325,1.5962938195736813
Wide Prior,Kerala,2049,1.2129504335059225,0.920652883212239,1.591358683512035
Wide Prior,Kerala,2050,1.2051688006339334,0.917130487748238,1.5756690591771034
Wide Prior,Ladakh,2023,1.2903299072007783,1.1355368828999275,1.4697704101970894
Wide Prior,Ladakh,2024,1.2814797847759736,1.113165011425995,1.4767873723932705
Wide Prior,Ladakh,2025,1.2742327026935876,1.0970005842527712,1.4833288451681994
Wide Prior,Ladakh,2026,1.2647504149581381,1.078089199446504,1.4861019062072292
Wide Prior,Ladakh,2027,1.2570530658283556,1.0606782294736437,1.4874973976355024
Wide Prior,Ladakh,2028,1.251410057689759,1.0488338434365334,1.4941344004494193
Wide Prior,Ladakh,2029,1.241479125777794,1.0318046040193427,1.493057829910375
Wide Prior,Ladakh,2030,1.2342078770718687,1.0226768518827511,1.495560364381825
Wide Prior,Ladakh,2031,1.2276628501675895,1.0105556600917418,1.488404816344709
Wide Prior,Ladakh,2032,1.22167631847709,1.0020649554557455,1.4925572480259541
Wide Prior,Ladakh,2033,1.214293626721732,0.9853097866199624,1.4989802649857558
Wide Prior,Ladakh,2034,1.2086414708787978,0.9791127737261681,1.494587215484874
Wide Prior,Ladakh,2035,1.203840011888102,0.9684985616521706,1.4869923968965542
Wide Prior,Ladakh,2036,1.1972240543767718,0.9659704408976519,1.4859686249203679
Wide Prior,Ladakh,2037,1.1877462013560545,0.9540665336456569,1.4858150758913649
Wide Prior,Ladakh,2038,1.185208523845326,0.9461228437872418,1.4791674355576474
Wide Prior,Ladakh,2039,1.176225201925484,0.9372381383454762,1.474659064343219
Wide Prior,Ladakh,2040,1.172045993390738,0.9265965939374411,1.4799737549567598
Wide Prior,Ladakh,2041,1.1661690413740544,0.9194490169985493,1.475607906884626
Wide Prior,Ladakh,2042,1.1600881021428135,0.9117636684687079,1.4794949506310744
Wide Prior,Ladakh,2043,1.1539162264703464,0.9086846831511762,1.4781592594272024
Wide Prior,Ladakh,2044,1.1477625317078564,0.9009806332575975,1.4653775053836617
Wide Prior,Ladakh,2045,1.143722836653685,0.8899717098065992,1.456148230973098
Wide Prior,Ladakh,2046,1.137767915058694,0.886970673161222,1.4567947909536556
Wide Prior,Ladakh,2047,1.1316760338019058,0.881182913391204,1.4538707085772442
Wide Prior,Ladakh,2048,1.1259065720268793,0.8729224222696835,1.4504532982593517
Wide Prior,Ladakh,2049,1.1229372097746295,0.8637678830079536,1.4547781527208001
Wide Prior,Ladakh,2050,1.1193351412210646,0.8577399776226532,1.4517013230841997
Wide Prior,Lakshadweep,2023,1.5315723157464278,1.2875672187137372,1.8254553588017544
Wide Prior,Lakshadweep,2024,1.5135538056005977,1.2561848011962886,1.8140323146507327
Wide Prior,Lakshadweep,2025,1.4912504521739347,1.227529118157431,1.7975234482726103
Wide Prior,Lakshadweep,2026,1.474064706766129,1.2043939912538186,1.7841536216086136
Wide Prior,Lakshadweep,2027,1.4572978016426292,1.1809805540890574,1.7836078108589155
Wide Prior,Lakshadweep,2028,1.4391585248171197,1.1579300692390007,1.777914211872631
Wide Prior,Lakshadweep,2029,1.4243155214014034,1.1322838237676285,1.7724395007045706
Wide Prior,Lakshadweep,2030,1.406493817122528,1.1227171712317554,1.7663589047926749
Wide Prior,Lakshadweep,2031,1.3901681622659123,1.0962231356375225,1.7611563232546072
Wide Prior,Lakshadweep,2032,1.3734049908144734,1.0873069680675236,1.7509154408826604
Wide Prior,Lakshadweep,2033,1.3601854436304126,1.0667268183429504,1.7366354258882897
Wide Prior,Lakshadweep,2034,1.345278988887729,1.0443837894897936,1.7300409823138048
Wide Prior,Lakshadweep,2035,1.3309120048524146,1.042670278649093,1.7163915421654015
Wide Prior,Lakshadweep,2036,1.3164243850566857,1.0248635382538482,1.699773391283608
Wide Prior,Lakshadweep,2037,1.306854889576666,1.0155034149408955,1.7033380116341807
Wide Prior,Lakshadweep,2038,1.2931817116661657,1.0004592322975299,1.6969403366222853
Wide Prior,Lakshadweep,2039,1.2838291328576563,0.991955154725894,1.6763330934384517
Wide Prior,Lakshadweep,2040,1.2721832555127106,0.9764480916752855,1.668205393355738
Wide Prior,Lakshadweep,2041,1.2587428870588795,0.966695684500509,1.64948742141025
Wide Prior,Lakshadweep,2042,1.2463540378205629,0.9535523488470657,1.6564014739435557
Wide Prior,Lakshadweep,2043,1.239022149509626,0.9324677907437503,1.6319833422176395
Wide Prior,Lakshadweep,2044,1.2278384494649446,0.9286892586381073,1.6330369073170095
Wide Prior,Lakshadweep,2045,1.2203022715778227,0.9185299106346727,1.6186937405411495
Wide Prior,Lakshadweep,2046,1.211747674051924,0.9084962896892025,1.6164917729045674
Wide Prior,Lakshadweep,2047,1.2014731307186526,0.8936097246112388,1.6086093856687453
Wide Prior,Lakshadweep,2048,1.191671317151147,0.8901085839819998,1.5984745593648515
Wide Prior,Lakshadweep,2049,1.1858589649061666,0.884436772796567,1.5867301941007141
Wide Prior,Lakshadweep,2050,1.1773138822267852,0.8738903759986241,1.5783468938543406
Wide Prior,Madhya Pradesh,2024,2.4181756965802528,2.2232551444946296,2.627521559401692
Wide Prior,Madhya Pradesh,2025,2.3837222497599413,2.161955551541655,2.6274732140401826
Wide Prior,Madhya Pradesh,2026,2.3546573073550086,2.1073088243047713,2.62108955153189
Wide Prior,Madhya Pradesh,2027,2.3237806936030396,2.049947505671004,2.6076757231961327
Wide Prior,Madhya Pradesh,2028,2.29469350943242,2.0093203284910492,2.6020242335238852
Wide Prior,Madhya Pradesh,2029,2.2670292261331744,1.973358086630136,2.5929879623920784
Wide Prior,Madhya Pradesh,2030,2.2380463751598003,1.930088201749126,2.578047181444636
Wide Prior,Madhya Pradesh,2031,2.207931740987384,1.8946645684870473,2.5535088554032406
Wide Prior,Madhya Pradesh,2032,2.1835581520341907,1.8542104726016015,2.5443920755229334
Wide Prior,Madhya Pradesh,2033,2.1544289816237203,1.8210931828618886,2.526784169531621
Wide Prior,Madhya Pradesh,2034,2.132422866426385,1.7858576093553098,2.5134360106466866
Wide Prior,Madhya Pradesh,2035,2.104299706551079,1.757039195907601,2.4942584940168406
Wide Prior,Madhya Pradesh,2036,2.0832700893368514,1.7317361684272725,2.471912832211063
Wide Prior,Madhya Pradesh,2037,2.0585819757259722,1.707682862868263,2.4522347116121948
Wide Prior,Madhya Pradesh,2038,2.033957278915435,1.6721558647823407,2.442631989291489
Wide Prior,Madhya Pradesh,2039,2.0136997231139544,1.659759284658671,2.429770644494538
Wide Prior,Madhya Pradesh,2040,1.992753542855962,1.6228201838857395,2.4134105174643254
Wide Prior,Madhya Pradesh,2041,1.9696707597395753,1.5978767412611667,2.3973917451391142
Wide Prior,Madhya Pradesh,2042,1.947441022873583,1.576341844467842,2.3724298482266524
Wide Prior,Madhya Pradesh,2043,1.9303991447029372,1.5547754770599802,2.356859352069385
Wide Prior,Madhya Pradesh,2044,1.9085370937799322,1.5356716216288782,2.3520825610411773
Wide Prior,Madhya Pradesh,2045,1.8902893638242582,1.5082661159924107,2.329864331565503
Wide Prior,Madhya Pradesh,2046,1.8691693862839123,1.4903497579930352,2.3110566326606286
Wide Prior,Madhya Pradesh,2047,1.8526753834248342,1.4627374512198974,2.287354590407135
Wide Prior,Madhya Pradesh,2048,1.8340083504607465,1.452052776841866,2.270552682776193
Wide Prior,Madhya Pradesh,2049,1.8104735433231003,1.4256821463981633,2.2541048913272603
Wide Prior,Madhya Pradesh,2050,1.794439112289628,1.41134603845025,2.236585079787508
Wide Prior,Maharashtra,2024,1.45410873155082,1.3254640835544051,1.58787411773305
Wide Prior,Maharashtra,2025,1.4406403607876554,1.2938193020115945,1.5977935950571271
Wide Prior,Maharashtra,2026,1.4305443416415682,1.264213715779602,1.6111694954232487
Wide Prior,Maharashtra,2027,1.4175050009132446,1.242788501834156,1.614723030220224
Wide Prior,Maharashtra,2028,1.4065980206205542,1.2212191400582728,1.6124492512866555
Wide Prior,Maharashtra,2029,1.3924854986646973,1.1968900627848469,1.614390322092161
Wide Prior,Maharashtra,2030,1.3819172226384029,1.1795997027935399,1.6194881449880358
Wide Prior,Maharashtra,2031,1.3713903321027554,1.1584478684461648,1.6174122901953776
Wide Prior,Maharashtra,2032,1.3619273039814948,1.1407178307206187,1.6149552930505828
Wide Prior,Maharashtra,2033,1.3511714937473578,1.1313202632243502,1.6197115632560544
Wide Prior,Maharashtra,2034,1.3441209021152627,1.1170611621359035,1.6177743873047044
Wide Prior,Maharashtra,2035,1.3358648296637967,1.104474843514211,1.6230882792558614
Wide Prior,Maharashtra,2036,1.3231873336020075,1.0883468664817748,1.6190660661141183
Wide Prior,Maharashtra,2037,1.3147803909686226,1.0724856839893204,1.6127649067982666
Wide Prior,Maharashtra,2038,1.306052122366685,1.059809788236017,1.6124006166078648
Wide Prior,Maharashtra,2039,1.297120673550825,1.0418047426042882,1.6131765897254615
Wide Prior,Maharashtra,2040,1.2905574725171944,1.0306005655238741,1.6043300734477604
Wide Prior,Maharashtra,2041,1.279823138386873,1.0204790758735731,1.6049736475851306
Wide Prior,Maharashtra,2042,1.2715188866429727,1.0075403990971032,1.6063013980313012
Wide Prior,Maharashtra,2043,1.2616855775026836,0.9995480578146235,1.595488788774442
Wide Prior,Maharashtra,2044,1.2527057962857615,0.9893637847379356,1.586981309064711
Wide Prior,Maharashtra,2045,1.2481243450490696,0.9838421840142255,1.584092248092082
Wide Prior,Maharashtra,2046,1.2430616816070215,0.9720084275754651,1.5808505641769184
Wide Prior,Maharashtra,2047,1.2364655287696964,0.9622525191566512,1.5714914247717646
Wide Prior,Maharashtra,2048,1.231087303079418,0.9577060481313552,1.5649866927716423
Wide Prior,Maharashtra,2049,1.2220317106130278,0.9455757622171965,1.567210105677896
Wide Prior,Maharashtra,2050,1.2169835779658886,0.9395611629969784,1.5589309124322044
Wide Prior,Manipur,2019,1.580090981768129,1.3811486364570609,1.7988968993763663
Wide Prior,Manipur,2020,1.5675538851275543,1.3657867220190192,1.808381345107493
Wide Prior,Manipur,2021,1.5579846502542947,1.3477210628334755,1.8031236181146615
Wide Prior,Manipur,2022,1.5454308952126774,1.3265504130998145,1.7991254823422063
Wide Prior,Manipur,2023,1.53555658107509,1.3062240646641536,1.8092653035689903
Wide Prior,Manipur,2024,1.5251170039743693,1.293562233194393,1.798831222787089
Wide Prior,Manipur,2025,1.5128751833020964,1.2740640704051687,1.8065928233800526
Wide Prior,Manipur,2026,1.5042139775602932,1.26031250611715,1.8056507042090408
Wide Prior,Manipur,2027,1.4947339407336142,1.2435970364251014,1.793114649398453
Wide Prior,Manipur,2028,1.4831582680645743,1.2291087068387077,1.7964287444020983
Wide Prior,Manipur,2029,1.4752263688697789,1.2109926533851267,1.7929421422075578
Wide Prior,Manipur,2030,1.4670359690082018,1.20296174407792,1.7849260692138662
Wide Prior,Manipur,2031,1.4569986804676107,1.1885641267585134,1.7862373945245997
Wide Prior,Manipur,2032,1.447301308505403,1.1825297367911425,1.777017831715615
Wide Prior,Manipur,2033,1.4381721039822866,1.170991719694347,1.777108428878155
Wide Prior,Manipur,2034,1.4304122038182594,1.1590366247012525,1.7674219750199087
Wide Prior,Manipur,2035,1.4206899160739663,1.1469781691699172,1.7705436676051858
Wide Prior,Manipur,2036,1.41230156173423,1.130232647916041,1.758913459120483
Wide Prior,Manipur,2037,1.4051928193721057,1.1203619172551145,1.7541409504304992
Wide Prior,Manipur,2038,1.3963755191801015,1.1157143886037193,1.7532864808201285
Wide Prior,Manipur,2039,1.3891858387569864,1.1073211014943392,1.7497277891034517
Wide Prior,Manipur,2040,1.381067007793375,1.100200850576715,1.7412380993392909
Wide Prior,Manipur,2041,1.3726541833314945,1.0932177850201907,1.7478988326562939
Wide Prior,Manipur,2042,1.3647351168394692,1.0830765310865575,1.7410058162219366
Wide Prior,Manipur,2043,1.3578130598743177,1.0765544513479486,1.7263270510387683
Wide Prior,Manipur,2044,1.3508271752689234,1.0716486373165433,1.7305984549554227
Wide Prior,Manipur,2045,1.3445054191055106,1.0537364592408123,1.725530216659164
Wide Prior,Manipur,2046,1.337550641259098,1.0418872305138716,1.7144155134346548
Wide Prior,Manipur,2047,1.3308240441339265,1.0343691941394606,1.7163339287289388
Wide Prior,Manipur,2048,1.3242739719461554,1.0235279784859448,1.709546560216088
Wide Prior,Manipur,2049,1.3168440285743368,1.0192631520346807,1.7087872861047815
Wide Prior,Manipur,2050,1.3102126131410876,1.0065652274593042,1.6948640783546474
Wide Prior,Meghalaya,2023,2.386834839447438,2.0531577578883544,2.7722432181843373
Wide Prior,Meghalaya,2024,2.3560303170904646,2.014836449771658,2.750345550404809
Wide Prior,Meghalaya,2025,2.328865960133841,1.976177456142956,2.728174434202622
Wide Prior,Meghalaya,2026,2.302815441498552,1.929904788540391,2.7167912355863546
Wide Prior,Meghalaya,2027,2.277179804813002,1.898725749104761,2.702420783085989
Wide Prior,Meghalaya,2028,2.248821210722661,1.8644776279315611,2.6909061850804177
Wide Prior,Meghalaya,2029,2.220038653444206,1.8398198813808067,2.664628055212275
Wide Prior,Meghalaya,2030,2.1941078282573483,1.8094750851674894,2.6387000183666105
Wide Prior,Meghalaya,2031,2.166114843240882,1.7775468143578803,2.646164317521046
Wide Prior,Meghalaya,2032,2.144211202171639,1.7513784217832145,2.617970862978338
Wide Prior,Meghalaya,2033,2.119694245981167,1.7293032792467304,2.597818612099199
Wide Prior,Meghalaya,2034,2.097695618559287,1.6949684289757592,2.5715299073547837
Wide Prior,Meghalaya,2035,2.0750452116497473,1.6773874971576372,2.5539089794891416
Wide Prior,Meghalaya,2036,2.0531500737696744,1.6456682472200341,2.528299748437046
Wide Prior,Meghalaya,2037,2.02989002808607,1.6280925552030403,2.5149693508995106
Wide Prior,Meghalaya,2038,2.0117419205098983,1.6102669038716864,2.4939824178933128
Wide Prior,Meghalaya,2039,1.9902302335645257,1.5890106965763322,2.486329724789488
Wide Prior,Meghalaya,2040,1.9676735678948791,1.5645405047915093,2.472086821516176
Wide Prior,Meghalaya,2041,1.9512447527817502,1.5439760676346104,2.455542279131971
Wide Prior,Meghalaya,2042,1.9312853129376448,1.5182702968313606,2.44283843088287
Wide Prior,Meghalaya,2043,1.9097387701310733,1.5046877626179669,2.4204610830060793
Wide Prior,Meghalaya,2044,1.8888507611907936,1.4862981198721414,2.4012405288467855
Wide Prior,Meghalaya,2045,1.8733723578017476,1.4665984317657197,2.3982382148577597
Wide Prior,Meghalaya,2046,1.855954816313282,1.4496486019709038,2.375031679124101
Wide Prior,Meghalaya,2047,1.837595199214063,1.425925893482482,2.3567370445925624
Wide Prior,Meghalaya,2048,1.8221977854297928,1.3994383885353046,2.345235789655051
Wide Prior,Meghalaya,2049,1.805554141253296,1.388958899931185,2.3326854259866403
Wide Prior,Meghalaya,2050,1.7913565230845219,1.371793401029491,2.3278454201600858
Wide Prior,Mizoram,2023,1.5838873850488775,1.3588872463793369,1.8462497181550381
Wide Prior,Mizoram,2024,1.573205291217345,1.3419676640199596,1.8362483390369972
Wide Prior,Mizoram,2025,1.5608552432969738,1.3201328841578286,1.8416190051992076
Wide Prior,Mizoram,2026,1.5481572422594496,1.305743368898395,1.8364057178747002
Wide Prior,Mizoram,2027,1.5370631047729941,1.2826460218814604,1.8318296729782622
Wide Prior,Mizoram,2028,1.5228404355972855,1.2683860846395283,1.8309424007235346
Wide Prior,Mizoram,2029,1.5127677290612753,1.252685771079207,1.8274186222048499
Wide Prior,Mizoram,2030,1.5035484018258483,1.2392823405474989,1.82137767727015
Wide Prior,Mizoram,2031,1.493720720419304,1.2257534583271206,1.8202278695212237
Wide Prior,Mizoram,2032,1.4849954787978488,1.2109246887710086,1.8196936836305255
Wide Prior,Mizoram,2033,1.4751869504946833,1.1988147043058177,1.8126763879111498
Wide Prior,Mizoram,2034,1.4649726815502904,1.187737584355713,1.8041007841677683
Wide Prior,Mizoram,2035,1.4568643233513041,1.1756022530796304,1.7986224112275424
Wide Prior,Mizoram,2036,1.4456915444744585,1.15534090865309,1.7972685551223835
Wide Prior,Mizoram,2037,1.4367800607498962,1.14564502360239,1.792196542844056
Wide Prior,Mizoram,2038,1.426063473133452,1.13903659467323,1.7962041101817523
Wide Prior,Mizoram,2039,1.418442891937798,1.1339017750603904,1.780021058669543
Wide Prior,Mizoram,2040,1.406315538289598,1.1100895740642858,1.776735452954844
Wide Prior,Mizoram,2041,1.3980674369596007,1.103865718378593,1.7659981364571713
Wide Prior,Mizoram,2042,1.3886037689781574,1.0988219541720856,1.768904457903466
Wide Prior,Mizoram,2043,1.3797226497929231,1.092061538819804,1.7511878164668062
Wide Prior,Mizoram,2044,1.3751669391790973,1.0786787622955543,1.7440917449817037
Wide Prior,Mizoram,2045,1.3668364838998004,1.0674874091375397,1.7412734748682226
Wide Prior,Mizoram,2046,1.3569938653556943,1.056005083469449,1.7391224221880985
Wide Prior,Mizoram,2047,1.3507623957540487,1.0493997469186909,1.732885166335039
Wide Prior,Mizoram,2048,1.344547216630704,1.036985215135403,1.7269746962902643
Wide Prior,Mizoram,2049,1.3384351110079822,1.0334334787850452,1.7209946555801146
Wide Prior,Mizoram,2050,1.3284059334882672,1.0266681699652256,1.7240756740497227
Wide Prior,Nagaland,2023,1.6549654266340146,1.4281305293800817,1.9197810684228418
Wide Prior,Nagaland,2024,1.641115074679188,1.4073899441367608,1.921116499569888
Wide Prior,Nagaland,2025,1.627542168198183,1.3865177979628969,1.908758211463713
Wide Prior,Nagaland,2026,1.6169376604224002,1.3687421955298587,1.9075227252806797
Wide Prior,Nagaland,2027,1.6058599040286379,1.351876240969097,1.9035352404490558
Wide Prior,Nagaland,2028,1.5934335441840664,1.3384445864267573,1.8909030974392178
Wide Prior,Nagaland,2029,1.581623121205233,1.3147025263420054,1.8912028960825455
Wide Prior,Nagaland,2030,1.5670853187236515,1.2995661437860737,1.8824317319726425
Wide Prior,Nagaland,2031,1.5549571448256263,1.2803196490251707,1.8698052955863511
Wide Prior,Nagaland,2032,1.5423586635261355,1.26570490735409,1.8627433896242742
Wide Prior,Nagaland,2033,1.5313715477019443,1.25320207159596,1.869968337386007
Wide Prior,Nagaland,2034,1.5186191342869626,1.2345478331562125,1.8611192937972159
Wide Prior,Nagaland,2035,1.5062637997236656,1.2215543265321727,1.854824682247336
Wide Prior,Nagaland,2036,1.4962780209575564,1.213735658042908,1.8468921578896431
Wide Prior,Nagaland,2037,1.4878683213450752,1.1966307116815094,1.8418551278838717
Wide Prior,Nagaland,2038,1.477042777652898,1.179072190529985,1.8275329838424015
Wide Prior,Nagaland,2039,1.4668274854869159,1.1710016888371595,1.8224233724306074
Wide Prior,Nagaland,2040,1.4609360556034519,1.1584602083446873,1.8210037556981717
Wide Prior,Nagaland,2041,1.4508494928883127,1.150913510581918,1.8090268748016964
Wide Prior,Nagaland,2042,1.4388551200899886,1.1450158923668607,1.8044223964631194
Wide Prior,Nagaland,2043,1.4276664448710066,1.1290488696237022,1.7897850593262015
Wide Prior,Nagaland,2044,1.4223007434043815,1.1202584423656592,1.7828206252731578
Wide Prior,Nagaland,2045,1.4124381427240658,1.1122453872560252,1.780651926661059
Wide Prior,Nagaland,2046,1.403383223984824,1.1010851907795334,1.7848235352956963
Wide Prior,Nagaland,2047,1.3949190237207971,1.0914270920385534,1.7809939586383168
Wide Prior,Nagaland,2048,1.3838607754795735,1.0799758925414233,1.7685383683090747
Wide Prior,Nagaland,2049,1.3747690063018527,1.0711649672804198,1.7598859378448422
Wide Prior,Nagaland,2050,1.3671120002201256,1.0669605264443085,1.7558278396799754
Wide Prior,Odisha,2024,1.692856116067968,1.5441634976786212,1.8557524418180587
Wide Prior,Odisha,2025,1.675208443708868,1.4981052550760785,1.864061499839741
Wide Prior,Odisha,2026,1.656181336387554,1.4650640903980487,1.8654311937911727
Wide Prior,Odisha,2027,1.6389258534532685,1.4304710700354133,1.8592012609195536
Wide Prior,Odisha,2028,1.6218692841574884,1.3990353571360956,1.8664071147296803
Wide Prior,Odisha,2029,1.6033728567899135,1.3710603953095848,1.8680196370562228
Wide Prior,Odisha,2030,1.5880720126214842,1.3455253841582242,1.869408447053259
Wide Prior,Odisha,2031,1.57123532615933,1.3267233294779635,1.8542147377136953
Wide Prior,Odisha,2032,1.5550346879464216,1.300950346094415,1.8500716066560705
Wide Prior,Odisha,2033,1.5379013454919077,1.2814035453395485,1.8448869096154545
Wide Prior,Odisha,2034,1.5237871972414365,1.2614386302707286,1.8476839836315935
Wide Prior,Odisha,2035,1.5108813598481015,1.243186629176113,1.8378197052344585
Wide Prior,Odisha,2036,1.49662596692524,1.2257489117874352,1.8366942859448132
Wide Prior,Odisha,2037,1.4834240156294274,1.2018847932649042,1.8245367612391934
Wide Prior,Odisha,2038,1.4690065344421943,1.1876377205694806,1.8251860361384598
Wide Prior,Odisha,2039,1.4545248659999488,1.1752909673007568,1.8163482162325224
Wide Prior,Odisha,2040,1.4433185128651034,1.1588223301046945,1.8077606830407194
Wide Prior,Odisha,2041,1.434716337100799,1.1436589667287977,1.7978770764644987
Wide Prior,Odisha,2042,1.4212372564115818,1.1293966261932111,1.7908518767023467
Wide Prior,Odisha,2043,1.40979939504017,1.1185348771487307,1.7824414879023052
Wide Prior,Odisha,2044,1.3968192346557853,1.1112086241327321,1.7736245753807551
Wide Prior,Odisha,2045,1.3881073803623276,1.0932652396854734,1.7637394296019204
Wide Prior,Odisha,2046,1.3793191772333055,1.0796004865854174,1.7582595422706142
Wide Prior,Odisha,2047,1.3697353952962277,1.0674874823314866,1.7537734766261692
Wide Prior,Odisha,2048,1.3579001580463688,1.0552866793935716,1.7508730239585026
Wide Prior,Odisha,2049,1.3462641245461304,1.0551260628117891,1.7418807478211948
Wide Prior,Odisha,2050,1.336481950913952,1.0359016182020067,1.7179900667323975
Wide Prior,Puducherry,2023,1.49134687754201,1.2629263558886943,1.7535466595346534
Wide Prior,Puducherry,2024,1.4764051714633855,1.2394505186023907,1.7553201699076573
Wide Prior,Puducherry,2025,1.4631474221409289,1.2146615218909262,1.752910889831872
Wide Prior,Puducherry,2026,1.4468047359367215,1.1947520459778698,1.7519574187846285
Wide Prior,Puducherry,2027,1.4348178036386536,1.1718802104824904,1.736234917714336
Wide Prior,Puducherry,2028,1.4194241391514775,1.1598453069080277,1.7482216929687693
Wide Prior,Puducherry,2029,1.4063169265629707,1.141194293418315,1.7361933771466431
Wide Prior,Puducherry,2030,1.3938047111987197,1.1204199562348227,1.7337711698372336
Wide Prior,Puducherry,2031,1.3830353464994594,1.0980925587031682,1.723179222477555
Wide Prior,Puducherry,2032,1.3709503018694318,1.0854115597827083,1.7297895256762814
Wide Prior,Puducherry,2033,1.3569000080033085,1.0756252251793486,1.7151155309052115
Wide Prior,Puducherry,2034,1.3445522078007683,1.063259231202645,1.7160592070162757
Wide Prior,Puducherry,2035,1.3354888155886016,1.0512841664402428,1.7114768647567835
Wide Prior,Puducherry,2036,1.320918619599551,1.0360851998888263,1.7041186314632164
Wide Prior,Puducherry,2037,1.3111799610419768,1.016853890686867,1.7015099087690548
Wide Prior,Puducherry,2038,1.3028686676620067,1.0062389938459257,1.6893904807223035
Wide Prior,Puducherry,2039,1.2901337674203737,0.9946425463804461,1.6813724402959034
Wide Prior,Puducherry,2040,1.2815923809049652,0.9834962947080305,1.6742380599351268
Wide Prior,Puducherry,2041,1.2724325033152353,0.9695399137702728,1.6639050052596445
Wide Prior,Puducherry,2042,1.2636957886157196,0.9595741040991884,1.6573629565258545
Wide Prior,Puducherry,2043,1.2546649016503286,0.9555442471532933,1.6456196625686441
Wide Prior,Puducherry,2044,1.2469656592806744,0.9432460856776903,1.6360777217240505
Wide Prior,Puducherry,2045,1.2380840302755425,0.9354369488333161,1.6436976040022888
Wide Prior,Puducherry,2046,1.229198289913076,0.9277055322423724,1.6372876139505206
Wide Prior,Puducherry,2047,1.2246949613337117,0.9186353049504069,1.6322889549238462
Wide Prior,Puducherry,2048,1.216532820797818,0.9101016158146829,1.6238256219216716
Wide Prior,Puducherry,2049,1.2081499520593935,0.9058014976352907,1.6163791832823393
Wide Prior,Puducherry,2050,1.1997274468973333,0.8957750381878274,1.6051046196457948
Wide Prior,Punjab,2024,1.4660654264833843,1.3240145185932646,1.6238971556305577
Wide Prior,Punjab,2025,1.4469714625016321,1.282684660594352,1.6375077682753265
Wide Prior,Punjab,2026,1.4316931903995496,1.2491025533816422,1.641435421666118
Wide Prior,Punjab,2027,1.4151233973440416,1.2204176358793815,1.6392880826427996
Wide Prior,Punjab,2028,1.3997657238197498,1.1924518659874872,1.6485332717875898
Wide Prior,Punjab,2029,1.3859261310352782,1.1702675829707592,1.6456657825954826
Wide Prior,Punjab,2030,1.3745164359057749,1.1454054286362925,1.6493192553160085
Wide Prior,Punjab,2031,1.3584563696217105,1.1203942134946239,1.640944789268372
Wide Prior,Punjab,2032,1.3443699627493342,1.1002628317504224,1.6341247378934254
Wide Prior,Punjab,2033,1.3298172776405526,1.079638808555392,1.6287527275174571
Wide Prior,Punjab,2034,1.3177621566255273,1.0701957492565874,1.6230151244385271
Wide Prior,Punjab,2035,1.3041133277544783,1.0480280218011064,1.623951921076998
Wide Prior,Punjab,2036,1.29157346910615,1.0356224842670982,1.6137536834902921
Wide Prior,Punjab,2037,1.2802493113505562,1.0133220036741069,1.605454618940699
Wide Prior,Punjab,2038,1.272453313216221,1.0010724191552345,1.608282383256312
Wide Prior,Punjab,2039,1.2605945167416408,0.9930347758073642,1.6004332859697856
Wide Prior,Punjab,2040,1.2519398269894513,0.9767013300468321,1.597942155394738
Wide Prior,Punjab,2041,1.2416407762566541,0.9614418300707652,1.5913672080592536
Wide Prior,Punjab,2042,1.228593403894765,0.949996796071715,1.5866913996060248
Wide Prior,Punjab,2043,1.2200292851665582,0.9344653581778908,1.5706626826753236
Wide Prior,Punjab,2044,1.2099665401481268,0.922659699408029,1.5614981548934943
Wide Prior,Punjab,2045,1.197813654878365,0.9125146158980009,1.5540008612894256
Wide Prior,Punjab,2046,1.193025809616395,0.9054911727674687,1.5490949868595476
Wide Prior,Punjab,2047,1.1821863094184422,0.8950399971324592,1.5571471962084587
Wide Prior,Punjab,2048,1.1727652238942987,0.89003038528754,1.5510195805440163
Wide Prior,Punjab,2049,1.1679769039159238,0.8789346535262738,1.5393763240579958
Wide Prior,Punjab,2050,1.1610221716249114,0.8727563605354316,1.5350829065817364
Wide Prior,Rajasthan,2024,2.318707254901624,2.1265291499323307,2.519231707895573
Wide Prior,Rajasthan,2025,2.290521207278765,2.074857677392055,2.5228626291196177
Wide Prior,Rajasthan,2026,2.261890137005212,2.027000633005958,2.5194226471473025
Wide Prior,Rajasthan,2027,2.2327069821556416,1.9861350641740092,2.5120533105155407
Wide Prior,Rajasthan,2028,2.205993315712737,1.9436455411334566,2.505617429854013
Wide Prior,Rajasthan,2029,2.1792182449023985,1.9049371164209907,2.500028080955542
Wide Prior,Rajasthan,2030,2.1543720060051657,1.8706322948566663,2.48082502938594
Wide Prior,Rajasthan,2031,2.1240918699037046,1.8288037942259874,2.468769735257178
Wide Prior,Rajasthan,2032,2.100160286394086,1.7908849497474875,2.440947986811803
Wide Prior,Rajasthan,2033,2.078244273222947,1.75630285843222,2.4292608420168538
Wide Prior,Rajasthan,2034,2.0520000218775696,1.7279357564431164,2.419176929107025
Wide Prior,Rajasthan,2035,2.0300134010739947,1.7066102852514144,2.3984259925818807
Wide Prior,Rajasthan,2036,2.007203849449131,1.678576803549684,2.3887441334224295
Wide Prior,Rajasthan,2037,1.9815449369530505,1.6491506644603908,2.3744638989859483
Wide Prior,Rajasthan,2038,1.9635846977879043,1.6225888895804406,2.373230389784771
Wide Prior,Rajasthan,2039,1.9425003343931073,1.6052210511266567,2.3536328602865604
Wide Prior,Rajasthan,2040,1.9215220260532364,1.5797272546620391,2.326681623822704
Wide Prior,Rajasthan,2041,1.9034691900990188,1.5608378293941447,2.317413421384373
Wide Prior,Rajasthan,2042,1.8844949074830493,1.5428531632202995,2.310006370529285
Wide Prior,Rajasthan,2043,1.863239640143496,1.5179013776842905,2.2989619674965427
Wide Prior,Rajasthan,2044,1.845227849173559,1.5005466349718135,2.2912629675419485
Wide Prior,Rajasthan,2045,1.8277712250809892,1.4792833201656281,2.2777233642310297
Wide Prior,Rajasthan,2046,1.8094692714501943,1.4559211890920016,2.259450111419305
Wide Prior,Rajasthan,2047,1.7923763945034163,1.4414704266982885,2.23264185489261
Wide Prior,Rajasthan,2048,1.7730164380181934,1.4231789801506274,2.2159340278037862
Wide Prior,Rajasthan,2049,1.7587513046513417,1.4033420263112282,2.200879903216458
Wide Prior,Rajasthan,2050,1.7441801228506155,1.3799029109190386,2.1841002205344737
Wide Prior,Sikkim,2023,1.2208004595895865,1.019241672064174,1.4630590094526614
Wide Prior,Sikkim,2024,1.212932610778018,1.0050578310616995,1.4624256913121476
Wide Prior,Sikkim,2025,1.2054379022235946,0.9899078958409018,1.4596827718946948
Wide Prior,Sikkim,2026,1.1947188819072,0.9724044921230415,1.4607239393771407
Wide Prior,Sikkim,2027,1.1847152819499926,0.9587919219740267,1.4574918632525156
Wide Prior,Sikkim,2028,1.1761675274683125,0.9460888855039649,1.4521443209354215
Wide Prior,Sikkim,2029,1.1700977931643117,0.9368612737467168,1.4567034626301962
Wide Prior,Sikkim,2030,1.1642772256320029,0.9221144303653125,1.455507272779982
Wide Prior,Sikkim,2031,1.1574386283906957,0.9155874633775971,1.4544029959722278
Wide Prior,Sikkim,2032,1.1504163986173026,0.9019857452529755,1.4499647001352431
Wide Prior,Sikkim,2033,1.142996570448992,0.8889288195207198,1.4560896990709393
Wide Prior,Sikkim,2034,1.1372399203067798,0.8806370035550938,1.4509450917098206
Wide Prior,Sikkim,2035,1.129613350498003,0.8741605409915771,1.445367125184242
Wide Prior,Sikkim,2036,1.1210828073646386,0.8696968378273282,1.4420683819766544
Wide Prior,Sikkim,2037,1.1131582205128119,0.8573979669056089,1.437189174690398
Wide Prior,Sikkim,2038,1.1073959137211387,0.8519014883665005,1.4307831395561539
Wide Prior,Sikkim,2039,1.1016642426513128,0.8410019740239709,1.4323775526181453
Wide Prior,Sikkim,2040,1.09960393047204,0.8348836208761886,1.4303869456537721
Wide Prior,Sikkim,2041,1.0911101487874646,0.830181938810219,1.4256946667505894
Wide Prior,Sikkim,2042,1.0840181336732333,0.8157735901062433,1.4344219018861415
Wide Prior,Sikkim,2043,1.0817937971297913,0.8101568149119582,1.425437353497151
Wide Prior,Sikkim,2044,1.076636737794542,0.8073825005507225,1.4154054684760309
Wide Prior,Sikkim,2045,1.0688170978198266,0.8031889913771616,1.4103846529339434
Wide Prior,Sikkim,2046,1.0648663661164568,0.7970671979454116,1.4163727093160674
Wide Prior,Sikkim,2047,1.0617044798524078,0.789337942977797,1.4197384356713272
Wide Prior,Sikkim,2048,1.0568459082739343,0.7849734427895702,1.4248283575904601
Wide Prior,Sikkim,2049,1.0550617439033982,0.782410785706101,1.4131617130352763
Wide Prior,Sikkim,2050,1.0504075273021292,0.7750058065280655,1.4106717722302426
Wide Prior,Tamil Nadu,2024,1.3435308350546804,1.218972289843679,1.4771566978229997
Wide Prior,Tamil Nadu,2025,1.3299177373107596,1.1879367158482637,1.4918265326109301
Wide Prior,Tamil Nadu,2026,1.3177661353089847,1.1617685012405239,1.4994933214761133
Wide Prior,Tamil Nadu,2027,1.3081983979102367,1.1397175082096949,1.5024968807597856
Wide Prior,Tamil Nadu,2028,1.2980262805020542,1.118842356710236,1.5153971827069361
Wide Prior,Tamil Nadu,2029,1.2871324535424904,1.0910058758877674,1.5215127355483846
Wide Prior,Tamil Nadu,2030,1.2808790405587993,1.0795032866571654,1.5225045128527739
Wide Prior,Tamil Nadu,2031,1.2722032254371065,1.0645608857397197,1.5206887697814906
Wide Prior,Tamil Nadu,2032,1.260666806179142,1.04660621720308,1.5225715776231339
Wide Prior,Tamil Nadu,2033,1.2518919510857407,1.0281967577491642,1.5181480608807831
Wide Prior,Tamil Nadu,2034,1.2466148964603545,1.0175519577993142,1.5218341229986863
Wide Prior,Tamil Nadu,2035,1.2379697550901703,1.0057015607544535,1.5192759237616598
Wide Prior,Tamil Nadu,2036,1.2278337582501553,0.9934046106065756,1.516091395580327
Wide Prior,Tamil Nadu,2037,1.2200773957587847,0.9779056176409398,1.5118161626783966
Wide Prior,Tamil Nadu,2038,1.210956608154798,0.9662643444247137,1.5158416476873813
Wide Prior,Tamil Nadu,2039,1.2029343278186189,0.9549970288082199,1.510907561474805
Wide Prior,Tamil Nadu,2040,1.1974270173957908,0.9407396603911522,1.502261944324373
Wide Prior,Tamil Nadu,2041,1.1910561062486096,0.9350428324278116,1.5043751327319823
Wide Prior,Tamil Nadu,2042,1.1837109881737646,0.9170075550465889,1.511298924942147
Wide Prior,Tamil Nadu,2043,1.1750814371693392,0.9131302423932038,1.4970536704228203
Wide Prior,Tamil Nadu,2044,1.1688871363637907,0.9058151072228559,1.5026049758929747
Wide Prior,Tamil Nadu,2045,1.1612704819524668,0.8975019281005994,1.4830601204071856
Wide Prior,Tamil Nadu,2046,1.1543575229707572,0.8871280010297785,1.490683887848845
Wide Prior,Tamil Nadu,2047,1.1484899922733898,0.879323055416567,1.4826587181571862
Wide Prior,Tamil Nadu,2048,1.1439427528666566,0.8744575059526117,1.483834660184437
Wide Prior,Tamil Nadu,2049,1.1379011439888491,0.8668569750823888,1.4904725304782978
Wide Prior,Tamil Nadu,2050,1.1358873739963447,0.8605265226257068,1.4807201292979584
Wide Prior,Telangana,2024,1.5129759993310872,1.3650581508906403,1.671312210476055
Wide Prior,Telangana,2025,1.4940697638268792,1.3222188369584702,1.688161698028066
Wide Prior,Telangana,2026,1.473602964219391,1.2818985790132955,1.6908611264899065
Wide Prior,Telangana,2027,1.4563898624426674,1.2501716231042985,1.6890191015838818
Wide Prior,Telangana,2028,1.4399601189008857,1.2183055010814514,1.6856649046175658
Wide Prior,Telangana,2029,1.4210657252023142,1.190511421638239,1.690888671072671
Wide Prior,Telangana,2030,1.405466490109982,1.17071548970769,1.690849057459172
Wide Prior,Telangana,2031,1.3896160270257003,1.1527463947792256,1.6875714316504018
Wide Prior,Telangana,2032,1.3756724267833542,1.1210100845887894,1.6782310866402987
Wide Prior,Telangana,2033,1.3605483595313086,1.103729925890748,1.6762351841367038
Wide Prior,Telangana,2034,1.3494751335779882,1.0846993937995881,1.6614576607198188
Wide Prior,Telangana,2035,1.335419707031615,1.0677455884092133,1.655172938353455
Wide Prior,Telangana,2036,1.3245720506172236,1.0560386358648166,1.6457075611208236
Wide Prior,Telangana,2037,1.3097374527982875,1.0369537487844513,1.6345045831086327
Wide Prior,Telangana,2038,1.295785271623711,1.0219753553738982,1.631379379975198
Wide Prior,Telangana,2039,1.2839474660462842,1.00955136275234,1.6207794747154711
Wide Prior,Telangana,2040,1.2742810059245369,1.0006615766941145,1.6122735722796648
Wide Prior,Telangana,2041,1.2637477179264751,0.9850170975340825,1.607632463869133
Wide Prior,Telangana,2042,1.2543960879213483,0.9659320101293616,1.6042852041143094
Wide Prior,Telangana,2043,1.2422357933961639,0.9594379700049255,1.6081060339425812
Wide Prior,Telangana,2044,1.2332482153949118,0.9441489025134389,1.5996014561821386
Wide Prior,Telangana,2045,1.2242306653109893,0.9326745040692312,1.5881651614427221
Wide Prior,Telangana,2046,1.2154531072853072,0.9234111488507191,1.5845860585476652
Wide Prior,Telangana,2047,1.2051025187604716,0.9104387206617709,1.5776580391251847
Wide Prior,Telangana,2048,1.1988739557290873,0.9005822563103698,1.566413786687832
Wide Prior,Telangana,2049,1.1898781593081353,0.893440123960686,1.5657835038315153
Wide Prior,Telangana,2050,1.1813873322790749,0.8832612952813336,1.5674777432189166
Wide Prior,Tripura,2023,1.3998663478058297,1.1782253071376292,1.6546770887991646
Wide Prior,Tripura,2024,1.3865467105927032,1.160786614626643,1.6503978269108082
Wide Prior,Tripura,2025,1.3759525275354036,1.1440820723762097,1.659656765867168
Wide Prior,Tripura,2026,1.366197126481135,1.1249634179610193,1.645969034419444
Wide Prior,Tripura,2027,1.3547731689782154,1.117203026878731,1.643014090642033
Wide Prior,Tripura,2028,1.34382864191587,1.0987635623446173,1.6491068105642377
Wide Prior,Tripura,2029,1.3359962222973172,1.0855093288050401,1.640334776694404
Wide Prior,Tripura,2030,1.3261219556745267,1.0730374326067231,1.6419161721488849
Wide Prior,Tripura,2031,1.3154891793777872,1.0575704761613376,1.63292087661346
Wide Prior,Tripura,2032,1.3062959118706605,1.0467207547636956,1.6350180303471067
Wide Prior,Tripura,2033,1.2994684415636,1.0348878485785178,1.6279666391698795
Wide Prior,Tripura,2034,1.2919962858153156,1.0187864813211334,1.6283486841496577
Wide Prior,Tripura,2035,1.285264827679541,1.013148633229899,1.6296833842338891
Wide Prior,Tripura,2036,1.2776106796294493,0.9963078825421379,1.6191419712652726
Wide Prior,Tripura,2037,1.266352838973214,0.9887936862669612,1.613885781636562
Wide Prior,Tripura,2038,1.2607058173627714,0.9754728407491643,1.6160891809786697
Wide Prior,Tripura,2039,1.2524928817465968,0.9660149105080164,1.605201483272081
Wide Prior,Tripura,2040,1.2433499095898486,0.955207362965964,1.601030517976446
Wide Prior,Tripura,2041,1.2372134331408604,0.9458521912694103,1.6011750672638678
Wide Prior,Tripura,2042,1.2312299967937146,0.9361016234496125,1.59842351868773
Wide Prior,Tripura,2043,1.2253468644627323,0.9332375436688691,1.6076048824396634
Wide Prior,Tripura,2044,1.2198616036424288,0.9251556792103862,1.5962850301896443
Wide Prior,Tripura,2045,1.2121673745994936,0.9203008266622802,1.5868235743946308
Wide Prior,Tripura,2046,1.202863340161112,0.9112956738221254,1.5765087758257172
Wide Prior,Tripura,2047,1.1970415109484858,0.9060911863768548,1.5663624999425179
Wide Prior,Tripura,2048,1.1904619746134781,0.898609324867429,1.564969228735701
Wide Prior,Tripura,2049,1.1852874580525923,0.8904186525190394,1.5625805614225692
Wide Prior,Tripura,2050,1.1806624907516117,0.8834776019862574,1.5517571630757994
Wide Prior,Uttar Pradesh,2024,2.570523984321638,2.3666098946895566,2.7919186186639116
Wide Prior,Uttar Pradesh,2025,2.5371058150614676,2.3054531687641497,2.788231689863187
Wide Prior,Uttar Pradesh,2026,2.4988908863494315,2.246833765960305,2.7784201339849632
Wide Prior,Uttar Pradesh,2027,2.467598789827863,2.197303507143781,2.760407867085801
Wide Prior,Uttar Pradesh,2028,2.436679387452227,2.147674447759413,2.7469926201028096
Wide Prior,Uttar Pradesh,2029,2.404483983356159,2.1029908914533615,2.7355277697924043
Wide Prior,Uttar Pradesh,2030,2.371071082951505,2.059758020483874,2.720303237010735
Wide Prior,Uttar Pradesh,2031,2.3419321018287755,2.019509936436121,2.6957207685902183
Wide Prior,Uttar Pradesh,2032,2.3157864329097357,1.9855175209142621,2.6890633496009104
Wide Prior,Uttar Pradesh,2033,2.287159895505468,1.957665040902168,2.6650708108442522
Wide Prior,Uttar Pradesh,2034,2.2626296180748566,1.91127759341321,2.658189958052167
Wide Prior,Uttar Pradesh,2035,2.2310275488654288,1.8795422086801008,2.6387354190438685
Wide Prior,Uttar Pradesh,2036,2.2051409433105307,1.8466099511760743,2.6292165666898217
Wide Prior,Uttar Pradesh,2037,2.1778399424891255,1.808571776644427,2.607490480041005
Wide Prior,Uttar Pradesh,2038,2.1543344550783208,1.7869801492674076,2.589973975396852
Wide Prior,Uttar Pradesh,2039,2.1285495092388658,1.7592680007283228,2.5620765186186008
Wide Prior,Uttar Pradesh,2040,2.105490319956062,1.7279012674102945,2.561688419530305
Wide Prior,Uttar Pradesh,2041,2.0820941383294365,1.7018065179582735,2.547111930426372
Wide Prior,Uttar Pradesh,2042,2.059443697278052,1.6733480886742083,2.5258723885999443
Wide Prior,Uttar Pradesh,2043,2.035320106832783,1.6528025506513124,2.512451571578893
Wide Prior,Uttar Pradesh,2044,2.0143317942537466,1.6327518077459255,2.489088390835314
Wide Prior,Uttar Pradesh,2045,1.9943794081062274,1.6063244678481505,2.4756982332560296
Wide Prior,Uttar Pradesh,2046,1.972687078562497,1.5770638095538125,2.4607520542501846
Wide Prior,Uttar Pradesh,2047,1.9568831187628932,1.5657559661371696,2.4408812422445085
Wide Prior,Uttar Pradesh,2048,1.9370914755243251,1.5391104731991812,2.425167678919987
Wide Prior,Uttar Pradesh,2049,1.9134227156550518,1.5176458284011531,2.4161606672567144
Wide Prior,Uttar Pradesh,2050,1.8942225013551373,1.5012268453875455,2.3920405253904184
Wide Prior,Uttarakhand,2024,1.7182813739780296,1.5735419115461033,1.8853502629184071
Wide Prior,Uttarakhand,2025,1.7003612569875655,1.5228799783541893,1.893340542062492
Wide Prior,Uttarakhand,2026,1.6795440473791423,1.4858246736441554,1.900678605613823
Wide Prior,Uttarakhand,2027,1.663340535078172,1.4545393705524745,1.8968220109217904
Wide Prior,Uttarakhand,2028,1.6465396914377515,1.428182090051724,1.8903067362165804
Wide Prior,Uttarakhand,2029,1.6280254896187594,1.3969762008253963,1.8860250525233115
Wide Prior,Uttarakhand,2030,1.614260925373657,1.3715433395376107,1.88881844478607
Wide Prior,Uttarakhand,2031,1.5902074628922176,1.3457292277069304,1.8729548603032138
Wide Prior,Uttarakhand,2032,1.5750385084472087,1.3180985502082654,1.8632570925525889
Wide Prior,Uttarakhand,2033,1.558445813135792,1.298578680778567,1.8591739918320205
Wide Prior,Uttarakhand,2034,1.5435120580844777,1.273761760558793,1.8512154319475536
Wide Prior,Uttarakhand,2035,1.5305701495240374,1.2616276768157715,1.848076966953272
Wide Prior,Uttarakhand,2036,1.5154358411594513,1.2429846387703345,1.844881448482989
Wide Prior,Uttarakhand,2037,1.5004981859023085,1.2238341356014903,1.8388117600753777
Wide Prior,Uttarakhand,2038,1.4873720054438822,1.1993262658398527,1.8368123603160549
Wide Prior,Uttarakhand,2039,1.470639988827753,1.1901080329256097,1.8290762095125643
Wide Prior,Uttarakhand,2040,1.4589468364677187,1.1728298363402843,1.8109087807494684
Wide Prior,Uttarakhand,2041,1.4499405723028014,1.16111396194507,1.8045108938962569
Wide Prior,Uttarakhand,2042,1.4347185731324474,1.145311276433775,1.809581977405207
Wide Prior,Uttarakhand,2043,1.425443026428427,1.132642434920164,1.7962377512285341
Wide Prior,Uttarakhand,2044,1.414238258481724,1.118431733115298,1.7823585162251687
Wide Prior,Uttarakhand,2045,1.4036286080415832,1.1082787514036916,1.7826085249119483
Wide Prior,Uttarakhand,2046,1.3918220716161998,1.093409650313407,1.7673047793357335
Wide Prior,Uttarakhand,2047,1.381422639345511,1.0825546130922652,1.758145023283166
Wide Prior,Uttarakhand,2048,1.370636908508781,1.0693558632474731,1.757613269759993
Wide Prior,Uttarakhand,2049,1.359275794798279,1.0592576076961295,1.7455534755722464
Wide Prior,Uttarakhand,2050,1.3507828608443,1.05004600753015,1.7413387602269377
Wide Prior,West Bengal,2024,1.3383823233367087,1.214506631550512,1.4849379469391712
Wide Prior,West Bengal,2025,1.3275489769615505,1.1762551875709013,1.5003368064186875
Wide Prior,West Bengal,2026,1.3163032654809568,1.1461387067502833,1.514169043794415
Wide Prior,West Bengal,2027,1.3026795824133575,1.120353048130435,1.5100397990728065
Wide Prior,West Bengal,2028,1.2890816043694866,1.0943873451537622,1.5201802484521802
Wide Prior,West Bengal,2029,1.2789686233355793,1.0715559479370205,1.5257064263882418
Wide Prior,West Bengal,2030,1.26706921007928,1.0542451566928202,1.5273732783796996
Wide Prior,West Bengal,2031,1.253934896643687,1.0361312964212075,1.5350344029331706
Wide Prior,West Bengal,2032,1.2445910910398146,1.0194363699019404,1.516481919636414
Wide Prior,West Bengal,2033,1.2334366898075144,1.0092095022808718,1.520966636552143
Wide Prior,West Bengal,2034,1.2277218946674702,0.9998382652617595,1.52470142509631
Wide Prior,West Bengal,2035,1.219683722606328,0.9807857217651812,1.5258867189736098
Wide Prior,West Bengal,2036,1.2106581020600853,0.9722587089681937,1.5310095763947935
Wide Prior,West Bengal,2037,1.2018473094588038,0.9613650805977711,1.5188820534417917
Wide Prior,West Bengal,2038,1.1913018807347273,0.9423161644069727,1.5168988866155806
Wide Prior,West Bengal,2039,1.1823340039567767,0.9305158859158735,1.5079155563651534
Wide Prior,West Bengal,2040,1.1770592734417038,0.9199878569260884,1.5019712390563933
Wide Prior,West Bengal,2041,1.1703655572520937,0.9007592236761659,1.4977022245468359
Wide Prior,West Bengal,2042,1.1632520038043386,0.8982471717122092,1.4928889611830969
Wide Prior,West Bengal,2043,1.155439639122393,0.8880807849666847,1.4816852902051092
Wide Prior,West Bengal,2044,1.1481183343625707,0.8826929204193559,1.4818929127048204
Wide Prior,West Bengal,2045,1.1440157120789087,0.8715060359436494,1.4730847271067873
Wide Prior,West Bengal,2046,1.1368455831452966,0.8673567595497051,1.4637103788517902
Wide Prior,West Bengal,2047,1.1279611212359613,0.8585248271997028,1.4713888381903462
Wide Prior,West Bengal,2048,1.1248270741318303,0.8507586082790649,1.4694584857832664
Wide Prior,West Bengal,2049,1.1169255385886823,0.8484660941728631,1.4694506871255033
Wide Prior,West Bengal,2050,1.1085940561092391,0.8388960754151735,1.4614454208365544
Tight Prior,Andaman & Nicobar Islands,2023,1.2172867267272567,1.0161507838831407,1.4663851122651965
Tight Prior,Andaman & Nicobar Islands,2024,1.2135978546383743,1.0093298245543463,1.4756356646924886
Tight Prior,Andaman & Nicobar Islands,2025,1.2067536321289007,0.9954996269832009,1.4808501881017724
Tight Prior,Andaman & Nicobar Islands,2026,1.2030211132506197,0.9819957053165492,1.470197344176282
Tight Prior,Andaman & Nicobar Islands,2027,1.1936075902303487,0.9718921215938185,1.4768527789734565
Tight Prior,Andaman & Nicobar Islands,2028,1.1892008679995714,0.9596142556998476,1.4814396542021502
Tight Prior,Andaman & Nicobar Islands,2029,1.1832771422626254,0.9522180215636464,1.4863741829223105
Tight Prior,Andaman & Nicobar Islands,2030,1.1759347028479195,0.9406891104045125,1.484590288939676
Tight Prior,Andaman & Nicobar Islands,2031,1.1703743685413395,0.9301436710581599,1.4865175224147373
Tight Prior,Andaman & Nicobar Islands,2032,1.167037600724127,0.928330434162755,1.4877284199449001
Tight Prior,Andaman & Nicobar Islands,2033,1.1605762598542935,0.9216182664453175,1.4804417326106858
Tight Prior,Andaman & Nicobar Islands,2034,1.1558658012341405,0.9151071531611917,1.4779885813896347
Tight Prior,Andaman & Nicobar Islands,2035,1.1540977869438291,0.9037976310955328,1.4890845950865168
Tight Prior,Andaman & Nicobar Islands,2036,1.1488357133509846,0.8959395471962193,1.483455648736932
Tight Prior,Andaman & Nicobar Islands,2037,1.1451552345843614,0.8938827204458242,1.4807856103288026
Tight Prior,Andaman & Nicobar Islands,2038,1.1379432384693848,0.8780314431650762,1.4842287638856257
Tight Prior,Andaman & Nicobar Islands,2039,1.1327976012184895,0.8733239471306423,1.496716122877632
Tight Prior,Andaman & Nicobar Islands,2040,1.129226983357208,0.8649100690203723,1.4907484200510788
Tight Prior,Andaman & Nicobar Islands,2041,1.1269141747124358,0.8613864570058201,1.4857697453605907
Tight Prior,Andaman & Nicobar Islands,2042,1.123073191228503,0.8513313328098033,1.4768551854418872
Tight Prior,Andaman & Nicobar Islands,2043,1.120589694363864,0.8511712623483817,1.4805037245061967
Tight Prior,Andaman & Nicobar Islands,2044,1.1173992807942028,0.849074625879011,1.477776377244813
Tight Prior,Andaman & Nicobar Islands,2045,1.113792776374202,0.8453992985176005,1.4796553043023348
Tight Prior,Andaman & Nicobar Islands,2046,1.1105345739817538,0.8391689456551817,1.4752334417177149
Tight Prior,Andaman & Nicobar Islands,2047,1.1049359844612332,0.8400502331811901,1.4770611929183601
Tight Prior,Andaman & Nicobar Islands,2048,1.1042026526873838,0.8325904926100078,1.4757625852560758
Tight Prior,Andaman & Nicobar Islands,2049,1.0981251977799245,0.8312837440993024,1.4642355001580172
Tight Prior,Andaman & Nicobar Islands,2050,1.096739842911143,0.826445267111833,1.4588421583047728
Tight Prior,Andhra Pradesh,2024,1.499163468751051,1.3540053066591076,1.6582539936173377
Tight Prior,Andhra Pradesh,2025,1.4819541965503176,1.316464789178301,1.6716928868256886
Tight Prior,Andhra Pradesh,2026,1.4662438181308626,1.2824128915289386,1.6801434168880731
Tight Prior,Andhra Pradesh,2027,1.4496152170075667,1.2533841477946706,1.6838291088922137
Tight Prior,Andhra Pradesh,2028,1.434799393199636,1.2203477469638175,1.692679093504483
Tight Prior,Andhra Pradesh,2029,1.4198962064662903,1.2021274167331486,1.69295611680434
Tight Prior,Andhra Pradesh,2030,1.4079819838506258,1.1780567579651764,1.68570253653968
Tight Prior,Andhra Pradesh,2031,1.39480181821319,1.1551235110650369,1.6859805538393495
Tight Prior,Andhra Pradesh,2032,1.3782544935925678,1.135653409942186,1.6762667766386896
Tight Prior,Andhra Pradesh,2033,1.3651917199629313,1.1173613440406907,1.677752526244788
Tight Prior,Andhra Pradesh,2034,1.3567491723210359,1.0965145630700426,1.6855773826283786
Tight Prior,Andhra Pradesh,2035,1.3464515411221272,1.0862140155787068,1.6753637649301059
Tight Prior,Andhra Pradesh,2036,1.3339780091796114,1.0738893471685291,1.6623207833098956
Tight Prior,Andhra Pradesh,2037,1.3238586187239085,1.0541542533745836,1.6608490494159964
Tight Prior,Andhra Pradesh,2038,1.3142691484864821,1.0456657231742628,1.6570818728816077
Tight Prior,Andhra Pradesh,2039,1.3052996417312634,1.0299307684253565,1.6518931644645922
Tight Prior,Andhra Pradesh,2040,1.2963518696597123,1.0207900720834135,1.644607765600017
Tight Prior,Andhra Pradesh,2041,1.2827610449530775,1.0101604051875872,1.63103175673546
Tight Prior,Andhra Pradesh,2042,1.276266953869572,0.9989748245752231,1.6296680892074635
Tight Prior,Andhra Pradesh,2043,1.2699467671363234,0.9882571313362135,1.6195588085673986
Tight Prior,Andhra Pradesh,2044,1.262912975555044,0.9778875318205327,1.6226158529262318
Tight Prior,Andhra Pradesh,2045,1.2514796161131967,0.9660592656824878,1.6122425943997918
Tight Prior,Andhra Pradesh,2046,1.2457163516317848,0.9564884649688816,1.6046539915135751
Tight Prior,Andhra Pradesh,2047,1.2382608632143723,0.9460076550795077,1.6088600756322444
Tight Prior,Andhra Pradesh,2048,1.2312619851452509,0.9440053051543408,1.6038629460905431
Tight Prior,Andhra Pradesh,2049,1.225137959962657,0.9325801134641991,1.6017834022009327
Tight Prior,Andhra Pradesh,2050,1.2171945606722594,0.9244302254109618,1.5895388111866122
Tight Prior,Arunachal Pradesh,2023,1.7391880865688054,1.4704740232153553,2.03650094428473
Tight Prior,Arunachal Pradesh,2024,1.7214584236360926,1.444700094990538,2.032045943284101
Tight Prior,Arunachal Pradesh,2025,1.7033153141040955,1.4230903162244835,2.023716797764502
Tight Prior,Arunachal Pradesh,2026,1.681781981919765,1.4021579348750648,2.0245015724122375
Tight Prior,Arunachal Pradesh,2027,1.6675339235686804,1.381314352531872,2.0180128448847743
Tight Prior,Arunachal Pradesh,2028,1.6485215057319782,1.3584589683313752,2.003804194776431
Tight Prior,Arunachal Pradesh,2029,1.6327175541325345,1.3348224426373778,1.9907556696609325
Tight Prior,Arunachal Pradesh,2030,1.6197556626948684,1.3166077753241836,1.9729478262152553
Tight Prior,Arunachal Pradesh,2031,1.6044243727607688,1.2947724632431985,1.9648906209330381
Tight Prior,Arunachal Pradesh,2032,1.586713818046435,1.2846606321758627,1.953949011769951
Tight Prior,Arunachal Pradesh,2033,1.5711811331640368,1.2649723566676745,1.9531621355224014
Tight Prior,Arunachal Pradesh,2034,1.554794623180775,1.2512439332514713,1.9423630244552097
Tight Prior,Arunachal Pradesh,2035,1.5413487255052045,1.2319144956193941,1.9177907757083026
Tight Prior,Arunachal Pradesh,2036,1.526614427169398,1.2154528439682564,1.9129458483616446
Tight Prior,Arunachal Pradesh,2037,1.5192996484091452,1.1985366727290605,1.8995217726795686
Tight Prior,Arunachal Pradesh,2038,1.5071505546916493,1.1902584863118562,1.9029238782054354
Tight Prior,Arunachal Pradesh,2039,1.4953049701006123,1.1762379598683,1.8912482403532953
Tight Prior,Arunachal Pradesh,2040,1.4829765787655322,1.1682145194268194,1.880858584145632
Tight Prior,Arunachal Pradesh,2041,1.4697902857852556,1.1594452426728534,1.8772486753671414
Tight Prior,Arunachal Pradesh,2042,1.4574189634006633,1.136717832458873,1.8694969872293847
Tight Prior,Arunachal Pradesh,2043,1.447447676899307,1.121396600552429,1.859650065950337
Tight Prior,Arunachal Pradesh,2044,1.4402305197082268,1.1165451783655218,1.8461654633616922
Tight Prior,Arunachal Pradesh,2045,1.4267077543784423,1.1039329994699816,1.8433141771212287
Tight Prior,Arunachal Pradesh,2046,1.420177669958775,1.0960710699848741,1.835470798585427
Tight Prior,Arunachal Pradesh,2047,1.409269466280978,1.0888413275525537,1.8264822197215407
Tight Prior,Arunachal Pradesh,2048,1.3983772748179752,1.077690038821171,1.828591462517905
Tight Prior,Arunachal Pradesh,2049,1.3886123373941843,1.065827050389144,1.8197196017938724
Tight Prior,Arunachal Pradesh,2050,1.3824839882407898,1.0511383467713298,1.8074139626775196
Tight Prior,Assam,2024,2.012593363238393,1.8489289836406093,2.1835349083506848
Tight Prior,Assam,2025,1.9913577225480528,1.7983355835680517,2.1985131542234138
Tight Prior,Assam,2026,1.9689436951997041,1.7645542611990246,2.193271355974722
Tight Prior,Assam,2027,1.9508984310266162,1.72799720730119,2.206429870808812
Tight Prior,Assam,2028,1.9328403856969003,1.6953554477263044,2.1963265688941442
Tight Prior,Assam,2029,1.9135286855698204,1.6672361006067924,2.197234923538553
Tight Prior,Assam,2030,1.8928786227035281,1.6414947617125635,2.190526427627801
Tight Prior,Assam,2031,1.8790081696962195,1.6171410665757966,2.1902565996314434
Tight Prior,Assam,2032,1.8605681019942055,1.5849244297322387,2.18189861659496
Tight Prior,Assam,2033,1.8413061235343506,1.5570204215387762,2.172670838589016
Tight Prior,Assam,2034,1.827703633524054,1.536774215487587,2.1558984627315265
Tight Prior,Assam,2035,1.8080398787316336,1.5075813519873238,2.151804071746521
Tight Prior,Assam,2036,1.7929257736374997,1.4814197558237578,2.1421430405421753
Tight Prior,Assam,2037,1.7770255056265492,1.4608316251714424,2.13026215179597
Tight Prior,Assam,2038,1.759709885170508,1.4450857040095588,2.1220145850757595
Tight Prior,Assam,2039,1.7450125789321072,1.4267491476282832,2.1142051668051467
Tight Prior,Assam,2040,1.7299972286880396,1.405006868718318,2.1094290958961053
Tight Prior,Assam,2041,1.7186758162807036,1.3896416978142825,2.0999548460126336
Tight Prior,Assam,2042,1.704457242065888,1.369931919109263,2.091432474559894
Tight Prior,Assam,2043,1.69326889202026,1.3486335684264246,2.0816971101529558
Tight Prior,Assam,2044,1.6805921877500303,1.3398176794243,2.0740633603746677
Tight Prior,Assam,2045,1.6670106419076642,1.3310964121262547,2.0621721645903395
Tight Prior,Assam,2046,1.6531615233472228,1.3135807914026731,2.0482344517896265
Tight Prior,Assam,2047,1.6413248285759685,1.2972686002825937,2.029492102690701
Tight Prior,Assam,2048,1.6273274099940414,1.2844763127193957,2.0296534233733823
Tight Prior,Assam,2049,1.6145954690501685,1.2744164264504252,2.017183783321208
Tight Prior,Assam,2050,1.6063202841273916,1.265057220711824,2.015765404761741
Tight Prior,Bihar,2024,2.8365944180599705,2.6025945166052056,3.069552674311182
Tight Prior,Bihar,2025,2.7943998484310626,2.5371811708974956,3.0674030709006113
Tight Prior,Bihar,2026,2.7545734135941786,2.4694175221372703,3.0587888404490813
Tight Prior,Bihar,2027,2.7160016010054395,2.408410996454877,3.0430539404433548
Tight Prior,Bihar,2028,2.677277800014794,2.359946294647009,3.0307697933945423
Tight Prior,Bihar,2029,2.6407736916995352,2.3004919883910437,3.007723427549436
Tight Prior,Bihar,2030,2.6012508614416916,2.2527558308316746,2.9922634899227214
Tight Prior,Bihar,2031,2.571664415023441,2.2096434379093983,2.975265538394742
Tight Prior,Bihar,2032,2.53708699080215,2.1650169001070187,2.949186442406734
Tight Prior,Bihar,2033,2.504242943799917,2.1307014456245126,2.928847496749131
Tight Prior,Bihar,2034,2.4743300192734474,2.083777595466737,2.9014179112444434
Tight Prior,Bihar,2035,2.440638920779022,2.043919290566805,2.8864466114558676
Tight Prior,Bihar,2036,2.409400608391322,2.0057538751761865,2.8557516328692256
Tight Prior,Bihar,2037,2.3833138685361166,1.9807238606422604,2.828519059904521
Tight Prior,Bihar,2038,2.352616744243497,1.9370826651280095,2.8071607126467595
Tight Prior,Bihar,2039,2.3217836655842463,1.9080963106284237,2.8016462963655475
Tight Prior,Bihar,2040,2.296122122461352,1.8740307481183518,2.787531388507369
Tight Prior,Bihar,2041,2.2736351613141563,1.8528571784361398,2.7655682830922457
Tight Prior,Bihar,2042,2.243260493298413,1.8214225494041703,2.7455217468915456
Tight Prior,Bihar,2043,2.2166679743143103,1.7949332494027848,2.7313718061934855
Tight Prior,Bihar,2044,2.1959677411008887,1.7704990422980629,2.7010916852007676
Tight Prior,Bihar,2045,2.174444420859151,1.7351878803435363,2.6826694792930854
Tight Prior,Bihar,2046,2.150090612907441,1.713766866652825,2.6584587340767
Tight Prior,Bihar,2047,2.1253807130840237,1.689323884881417,2.6405242227025374
Tight Prior,Bihar,2048,2.1016581232693237,1.6640740018447502,2.6285641241325877
Tight Prior,Bihar,2049,2.0819750758897824,1.6466048764903796,2.6059136681026813
Tight Prior,Bihar,2050,2.06165075394516,1.6215561101335956,2.5873416994950293
Tight Prior,Chandigarh,2023,1.474568783135457,1.2401009628954727,1.7610896054908012
Tight Prior,Chandigarh,2024,1.4608139459245995,1.2167715349312422,1.7515327660191233
Tight Prior,Chandigarh,2025,1.4456501383373004,1.1922366751709752,1.7457570980477948
Tight Prior,Chandigarh,2026,1.432709472104115,1.1647421766553119,1.7491157546893261
Tight Prior,Chandigarh,2027,1.4191866033292055,1.1478008901026893,1.7412192243714815
Tight Prior,Chandigarh,2028,1.403924100975093,1.1303199242161446,1.7397973308295498
Tight Prior,Chandigarh,2029,1.3919445757806086,1.1125828635805772,1.7410636778314317
Tight Prior,Chandigarh,2030,1.3802232036923208,1.1022066429304744,1.7335682129901355
Tight Prior,Chandigarh,2031,1.3688245933955525,1.086294079199555,1.7260766719860055
Tight Prior,Chandigarh,2032,1.35632237344652,1.0693882949829134,1.7242570495204124
Tight Prior,Chandigarh,2033,1.3444081909459356,1.058354495228647,1.7068341534038705
Tight Prior,Chandigarh,2034,1.3326889734468197,1.052170378943492,1.706540410470765
Tight Prior,Chandigarh,2035,1.325070550948418,1.035784144849074,1.7005688871240812
Tight Prior,Chandigarh,2036,1.3124267036728403,1.021368416939838,1.6880361316471628
Tight Prior,Chandigarh,2037,1.3023387366278247,1.0063727614746902,1.6789371628915992
Tight Prior,Chandigarh,2038,1.2913259444561893,0.9920172899204873,1.6761705398459499
Tight Prior,Chandigarh,2039,1.2817154848022008,0.9835631535977287,1.6656575727667406
Tight Prior,Chandigarh,2040,1.271912073179784,0.9780654632034073,1.6489285947513903
Tight Prior,Chandigarh,2041,1.2634927905429567,0.9726156912363045,1.6517954915020707
Tight Prior,Chandigarh,2042,1.2560921629321833,0.9639181520702869,1.6431097810407311
Tight Prior,Chandigarh,2043,1.2483863666834418,0.952905069020093,1.629758381676925
Tight Prior,Chandigarh,2044,1.2370426546129434,0.9416449868200681,1.626031580801964
Tight Prior,Chandigarh,2045,1.2334607147097785,0.9378567535582043,1.6132774934083245
Tight Prior,Chandigarh,2046,1.227951412293775,0.9291112874499726,1.61091477519185
Tight Prior,Chandigarh,2047,1.2247988912629382,0.9243145155763535,1.605320053517353
Tight Prior,Chandigarh,2048,1.214994185378064,0.9172679027575371,1.595242036879549
Tight Prior,Chandigarh,2049,1.2095634686868348,0.9110308956700054,1.586987220393418
Tight Prior,Chandigarh,2050,1.205828858038855,0.9044895374717871,1.5833150730271315
Tight Prior,Chhattisgarh,2024,2.1710812861082314,1.9966283338675042,2.3585960831312702
Tight Prior,Chhattisgarh,2025,2.1435700400969964,1.9448509719193374,2.3526839722775024
Tight Prior,Chhattisgarh,2026,2.1227844185741107,1.8975156330316791,2.3553617245014618
Tight Prior,Chhattisgarh,2027,2.100898208858631,1.856687783357061,2.3549580387403406
Tight Prior,Chhattisgarh,2028,2.075854883894899,1.8237022444676712,2.3468456628267433
Tight Prior,Chhattisgarh,2029,2.052402220086393,1.7915244275027413,2.3434721783968353
Tight Prior,Chhattisgarh,2030,2.032287216655285,1.7646329576111273,2.3375691958133724
Tight Prior,Chhattisgarh,2031,2.009074980390664,1.7275990132233934,2.3336198021732053
Tight Prior,Chhattisgarh,2032,1.9900258841411773,1.7079115061590842,2.3215263066008625
Tight Prior,Chhattisgarh,2033,1.967017604832116,1.6673390520292033,2.315690191272771
Tight Prior,Chhattisgarh,2034,1.9500453912027806,1.6411899741557336,2.3041501150139685
Tight Prior,Chhattisgarh,2035,1.9317290260841702,1.6180659626504814,2.2935936901938523
Tight Prior,Chhattisgarh,2036,1.9110920482648743,1.5975444670104975,2.2873295164623806
Tight Prior,Chhattisgarh,2037,1.890634589249986,1.5707810260667778,2.2839093762569034
Tight Prior,Chhattisgarh,2038,1.8726294416974687,1.5545877292152528,2.2695035251775693
Tight Prior,Chhattisgarh,2039,1.858680150032552,1.5286604901549243,2.25640649167732
Tight Prior,Chhattisgarh,2040,1.8384432601466503,1.5010937580393204,2.246582006909207
Tight Prior,Chhattisgarh,2041,1.8221378791434415,1.483843298289834,2.228352260536443
Tight Prior,Chhattisgarh,2042,1.806048445386092,1.468067403532235,2.2226250277626205
Tight Prior,Chhattisgarh,2043,1.7898358241723047,1.455749832092737,2.2111432633798915
Tight Prior,Chhattisgarh,2044,1.7751428324457417,1.4393308569462167,2.2038807915163687
Tight Prior,Chhattisgarh,2045,1.7604766301672972,1.4141779820795664,2.190446884347695
Tight Prior,Chhattisgarh,2046,1.747341824353776,1.3947294947615307,2.1826346984249168
Tight Prior,Chhattisgarh,2047,1.7338396404591183,1.3750188793254352,2.169184163496004
Tight Prior,Chhattisgarh,2048,1.7189618488248795,1.362558018915903,2.1541241893324363
Tight Prior,Chhattisgarh,2049,1.7035863063813559,1.3485441206330675,2.130948685352823
Tight Prior,Chhattisgarh,2050,1.6917068597119291,1.334426389969297,2.1304080508355465
Tight Prior,Dadra & Nagar Haveli and Daman & Diu,2023,1.9601971872644763,1.6758068490182398,2.263527372676775
Tight Prior,Dadra & Nagar Haveli and Daman & Diu,2024,1.9427449014912908,1.649783449573369,2.256245251898581
Tight Prior,Dadra & Nagar Haveli and Daman & Diu,2025,1.9228080888044798,1.632680037735661,2.2461340292630987
Tight Prior,Dadra & Nagar Haveli and Daman & Diu,2026,1.90659365792192,1.6112481221672095,2.2484412081541403
Tight Prior,Dadra & Nagar Haveli and Daman & Diu,2027,1.8861027974504503,1.5882011513166567,2.2316487768845232
Tight Prior,Dadra & Nagar Haveli and Daman & Diu,2028,1.8708939167690497,1.5666322906871915,2.220943918190415
Tight Prior,Dadra & Nagar Haveli and Daman & Diu,2029,1.8520248166580708,1.5395587300904052,2.2112826688602167
Tight Prior,Dadra & Nagar Haveli and Daman & Diu,2030,1.83121301224866,1.513696701447011,2.203282575670365
Tight Prior,Dadra & Nagar Haveli and Daman & Diu,2031,1.8131392959432366,1.4933974282903089,2.1946708690921883
Tight Prior,Dadra & Nagar Haveli and Daman & Diu,2032,1.7997856651702309,1.4720493250794784,2.1790705532086814
Tight Prior,Dadra & Nagar Haveli and Daman & Diu,2033,1.787236208140078,1.4520592207817167,2.16316558412769
Tight Prior,Dadra & Nagar Haveli and Daman & Diu,2034,1.767091537446421,1.4376825914612628,2.1670803662769758
Tight Prior,Dadra & Nagar Haveli and Daman & Diu,2035,1.7542828677885245,1.4225929764939202,2.152978675964893
Tight Prior,Dadra & Nagar Haveli and Daman & Diu,2036,1.7402459556631333,1.4045752102566604,2.134587213651572
Tight Prior,Dadra & Nagar Haveli and Daman & Diu,2037,1.7308369545038738,1.3853000820726777,2.132711153258471
Tight Prior,Dadra & Nagar Haveli and Daman & Diu,2038,1.71466550913168,1.3621037613278706,2.1167976169230474
Tight Prior,Dadra & Nagar Haveli and Daman & Diu,2039,1.699801021492184,1.3555202751674265,2.1063057426391514
Tight Prior,Dadra & Nagar Haveli and Daman & Diu,2040,1.685472336821238,1.3395625376435083,2.1038660794454165
Tight Prior,Dadra & Nagar Haveli and Daman & Diu,2041,1.671674896328395,1.3289143476314427,2.0913720917317264
Tight Prior,Dadra & Nagar Haveli and Daman & Diu,2042,1.6630486185676991,1.3129285172556462,2.084087460977388
Tight Prior,Dadra & Nagar Haveli and Daman & Diu,2043,1.652004479346246,1.2975216488447356,2.055790747763941
Tight Prior,Dadra & Nagar Haveli and Daman & Diu,2044,1.6394109033442925,1.2838884499861365,2.054182195594358
Tight Prior,Dadra & Nagar Haveli and Daman & Diu,2045,1.6275660121541307,1.2700824196402314,2.050728825460419
Tight Prior,Dadra & Nagar Haveli and Daman & Diu,2046,1.61402725315755,1.2601791661237716,2.0484663828730194
Tight Prior,Dadra & Nagar Haveli and Daman & Diu,2047,1.6036963809139468,1.2477760278606727,2.0260164663740947
Tight Prior,Dadra & Nagar Haveli and Daman & Diu,2048,1.5900724612235044,1.2333511491288156,2.014304403536973
Tight Prior,Dadra & Nagar Haveli and Daman & Diu,2049,1.5786007362566727,1.2208710528741555,2.003369042424875
Tight Prior,Dadra & Nagar Haveli and Daman & Diu,2050,1.565110106842893,1.2207043731951555,1.9998794074344302
Tight Prior,Delhi,2024,1.2963685473286053,1.185080957421226,1.4219229552897767
Tight Prior,Delhi,2025,1.2890512838565966,1.1561999735053536,1.4331442110369084
Tight Prior,Delhi,2026,1.2842788356401509,1.1350380794768353,1.451145372102241
Tight Prior,Delhi,2027,1.2771405063902197,1.1168747517379345,1.4585647878811627
Tight Prior,Delhi,2028,1.2719467428970386,1.1016733497195468,1.4611539182821263
Tight Prior,Delhi,2029,1.2645855117797677,1.0822434620884904,1.4752484880194683
Tight Prior,Delhi,2030,1.25841296160614,1.0656537772410888,1.4826668893711141
Tight Prior,Delhi,2031,1.2538030675788172,1.054021997377263,1.4885082739327813
Tight Prior,Delhi,2032,1.2456595709868998,1.0458238108483113,1.4897028115062507
Tight Prior,Delhi,2033,1.2415120171882017,1.0366774179312923,1.4909363017587318
Tight Prior,Delhi,2034,1.235952183791365,1.0224119277492938,1.4985967152760928
Tight Prior,Delhi,2035,1.230927243973312,1.0124744443950586,1.5038458145967757
Tight Prior,Delhi,2036,1.2257391254383876,1.0016581157303526,1.5059607114509723
Tight Prior,Delhi,2037,1.2206429853581384,0.9901314997959196,1.503187240865357
Tight Prior,Delhi,2038,1.2158668114076712,0.9822601821528992,1.5067468809456637
Tight Prior,Delhi,2039,1.2097778871870835,0.9687241414910311,1.5084924852163477
Tight Prior,Delhi,2040,1.2054151097530859,0.9622310558684711,1.4984159106244577
Tight Prior,Delhi,2041,1.2013125849139628,0.9601511451986017,1.5000829573019623
Tight Prior,Delhi,2042,1.1962781863713257,0.9521863959287785,1.5009975389495813
Tight Prior,Delhi,2043,1.1921990286183513,0.9411456678643461,1.5040948423253808
Tight Prior,Delhi,2044,1.189259579583251,0.9385221111676851,1.499836764073125
Tight Prior,Delhi,2045,1.1868354159308696,0.9375015071168831,1.4890541735018425
Tight Prior,Delhi,2046,1.1827401533452475,0.9305794965724211,1.4909519095268589
Tight Prior,Delhi,2047,1.1752214897006201,0.9203269664986155,1.491829712422567
Tight Prior,Delhi,2048,1.1700836374049781,0.9190958382593221,1.496983279443191
Tight Prior,Delhi,2049,1.1666916562037417,0.9190490026548016,1.486153772136836
Tight Prior,Delhi,2050,1.163931258139172,0.9046135309316752,1.4843615368732184
Tight Prior,Goa,2023,1.361576601636398,1.1476352787070596,1.6228824741632843
Tight Prior,Goa,2024,1.3507328870279245,1.1307805842662788,1.6198118257014629
Tight Prior,Goa,2025,1.3420163915016907,1.1131967097842692,1.6140212372593075
Tight Prior,Goa,2026,1.3326041494158067,1.1013025118802076,1.618016765738738
Tight Prior,Goa,2027,1.3228986890384111,1.0839504899588785,1.6117881689712
Tight Prior,Goa,2028,1.3161176868200188,1.0734590743851282,1.612830357501826
Tight Prior,Goa,2029,1.3077237327619153,1.0544041629611043,1.6163145592367991
Tight Prior,Goa,2030,1.3006489392336986,1.0446177835905042,1.6121255983805183
Tight Prior,Goa,2031,1.2920320421252907,1.0320433970491656,1.6087558407213791
Tight Prior,Goa,2032,1.2816415933162082,1.0231947330300986,1.605420555909733
Tight Prior,Goa,2033,1.273970880197137,1.0136334039256507,1.6067475205106863
Tight Prior,Goa,2034,1.2678203123506622,1.0031542296394942,1.6106120284958778
Tight Prior,Goa,2035,1.2587017066304975,0.9868650379086819,1.606778837738173
Tight Prior,Goa,2036,1.2504152580444479,0.9811590224764499,1.6023578135665137
Tight Prior,Goa,2037,1.244569701881033,0.9770562351401455,1.5964958915648664
Tight Prior,Goa,2038,1.2380235889517601,0.9738308241176589,1.5833951137759161
Tight Prior,Goa,2039,1.2319433893450285,0.9670769433502986,1.5828534301639419
Tight Prior,Goa,2040,1.2262347700403127,0.9565255721849063,1.590415068810093
Tight Prior,Goa,2041,1.2194899068098168,0.9438819588832309,1.5853356226007098
Tight Prior,Goa,2042,1.2132578543334138,0.941469725552597,1.5894415220923357
Tight Prior,Goa,2043,1.20941189702219,0.9311343512151784,1.591759828921868
Tight Prior,Goa,2044,1.2058746607927935,0.9206378422531097,1.577773557003719
Tight Prior,Goa,2045,1.1997401719812828,0.9112102133962644,1.5806402340269787
Tight Prior,Goa,2046,1.19455279720691,0.9057255093839159,1.5715068499416998
Tight Prior,Goa,2047,1.1898810576887722,0.9043500748160013,1.5584051552947595
Tight Prior,Goa,2048,1.1816300462343663,0.8949234679250428,1.558683409800354
Tight Prior,Goa,2049,1.1774744218938737,0.8884575062682954,1.5559117333013903
Tight Prior,Goa,2050,1.1755975985196785,0.884260649818224,1.5591019258101955
Tight Prior,Gujarat,2024,1.8496200080833822,1.6829933294049144,2.0258767018791035
Tight Prior,Gujarat,2025,1.828002208909244,1.6354512345540482,2.0294523195292076
Tight Prior,Gujarat,2026,1.8039629108288402,1.596899265043583,2.0273904022998877
Tight Prior,Gujarat,2027,1.7821044351920179,1.5589864701117364,2.0277810120857533
Tight Prior,Gujarat,2028,1.7607476397043809,1.5320601018374327,2.0185406265788597
Tight Prior,Gujarat,2029,1.7406183365257104,1.4956244321726921,2.0121778272225614
Tight Prior,Gujarat,2030,1.724384891005853,1.4700901495821463,2.0051315856461858
Tight Prior,Gujarat,2031,1.7081929259106534,1.4402310409654067,2.0043645377302863
Tight Prior,Gujarat,2032,1.6863629299094935,1.4197703721409536,1.996696183396503
Tight Prior,Gujarat,2033,1.6663918977111418,1.3919647227211303,1.9898234357501035
Tight Prior,Gujarat,2034,1.6497553280396988,1.3714646057675246,1.9854462352327298
Tight Prior,Gujarat,2035,1.6331058228878275,1.3418945090571703,1.9817072503479483
Tight Prior,Gujarat,2036,1.6185412528107186,1.3285792109084582,1.9821827857061338
Tight Prior,Gujarat,2037,1.6055303021745264,1.2992695731982282,1.9702076468161391
Tight Prior,Gujarat,2038,1.5862120062269431,1.286787741733875,1.9575659058386
Tight Prior,Gujarat,2039,1.576437058783628,1.2753650462417223,1.9499336637465385
Tight Prior,Gujarat,2040,1.5610009551651245,1.2548325677134544,1.9355165824251745
Tight Prior,Gujarat,2041,1.5457683569763603,1.2370006574953887,1.9227978923910403
Tight Prior,Gujarat,2042,1.5371532828218273,1.2219400465941774,1.9061592413222828
Tight Prior,Gujarat,2043,1.5234043769220917,1.2065328089650553,1.9007360316544597
Tight Prior,Gujarat,2044,1.5061924433145109,1.1863495916522488,1.8878826728230236
Tight Prior,Gujarat,2045,1.4981043579154925,1.1795176578130535,1.8714127357125578
Tight Prior,Gujarat,2046,1.485962045392745,1.1684433761283375,1.8634413849377618
Tight Prior,Gujarat,2047,1.4735374556169774,1.1557869725885606,1.8555120130778548
Tight Prior,Gujarat,2048,1.4622823352534238,1.1382520362179775,1.8523376397454518
Tight Prior,Gujarat,2049,1.4545030497133045,1.128385960214487,1.8466671972749242
Tight Prior,Gujarat,2050,1.4414220158781732,1.117992961972777,1.8352721542326227
Tight Prior,Haryana,2024,1.911399072222066,1.7372609201020601,2.09555376010002
Tight Prior,Haryana,2025,1.886232972187719,1.6989929225309917,2.10371325295447
Tight Prior,Haryana,2026,1.862663983399559,1.648357861087134,2.092564026762836
Tight Prior,Haryana,2027,1.8406770691331489,1.6088013632665283,2.093257372731532
Tight Prior,Haryana,2028,1.8190627636063148,1.5752104032163874,2.095698141751081
Tight Prior,Haryana,2029,1.7968090560827303,1.5413257382998595,2.0922685699839967
Tight Prior,Haryana,2030,1.77764445158073,1.5166471098942778,2.084373414533993
Tight Prior,Haryana,2031,1.7540970877549213,1.485171385698894,2.0779767628769372
Tight Prior,Haryana,2032,1.7334228307031174,1.4535763534695054,2.064710710326911
Tight Prior,Haryana,2033,1.7147046046028793,1.431214054081334,2.059217911133142
Tight Prior,Haryana,2034,1.692465422913158,1.40821386848066,2.040115988687671
Tight Prior,Haryana,2035,1.6737377083150036,1.386072977429835,2.025102841679306
Tight Prior,Haryana,2036,1.657331932479575,1.3633099783012061,2.015827846700244
Tight Prior,Haryana,2037,1.6408607984385768,1.3431050314376813,1.997995377913969
Tight Prior,Haryana,2038,1.6264183476354268,1.3199111055687651,2.000047607749117
Tight Prior,Haryana,2039,1.61060754847915,1.3039153360910951,2.0019836100372657
Tight Prior,Haryana,2040,1.5947864504725007,1.287496009842961,1.9850644742128722
Tight Prior,Haryana,2041,1.5795453897320693,1.2690866245624546,1.9785268318009808
Tight Prior,Haryana,2042,1.5663786413197336,1.2549549815815673,1.9687645099081186
Tight Prior,Haryana,2043,1.5527961699717001,1.2283749926145562,1.9662746933131703
Tight Prior,Haryana,2044,1.540150991519215,1.2166679030554226,1.9564489382046153
Tight Prior,Haryana,2045,1.5268101443684792,1.2038248525353537,1.944435125632363
Tight Prior,Haryana,2046,1.5151864672959554,1.191987489121812,1.9327486529141118
Tight Prior,Haryana,2047,1.5020360172584306,1.177773919063267,1.9322497387256976
Tight Prior,Haryana,2048,1.4884743287519442,1.1625837518754547,1.9278535854172183
Tight Prior,Haryana,2049,1.479502353859841,1.1526012778631374,1.916085112108112
Tight Prior,Haryana,2050,1.4650324462986033,1.141976561309926,1.9073300671694162
Tight Prior,Himachal Pradesh,2024,1.5350868452692825,1.3872795900462853,1.6917364336910123
Tight Prior,Himachal Pradesh,2025,1.5165704869582344,1.346970638951232,1.7060677087106118
Tight Prior,Himachal Pradesh,2026,1.5003143203484601,1.3103856534511258,1.7195628061532329
Tight Prior,Himachal Pradesh,2027,1.4829058535323374,1.2741465724548655,1.727365994834632
Tight Prior,Himachal Pradesh,2028,1.4660276155541028,1.244143228019098,1.7313681658639326
Tight Prior,Himachal Pradesh,2029,1.450424354471747,1.2216003873918246,1.7353145615034666
Tight Prior,Himachal Pradesh,2030,1.4342137755158795,1.1968045561062068,1.7369594912458406
Tight Prior,Himachal Pradesh,2031,1.4208290001541777,1.1704678970197053,1.7326894355543394
Tight Prior,Himachal Pradesh,2032,1.4056002317179055,1.1523297674095057,1.731572456632521
Tight Prior,Himachal Pradesh,2033,1.395293697239343,1.1401900511238534,1.7123811891614276
Tight Prior,Himachal Pradesh,2034,1.3801529230264311,1.1279582899252054,1.7116163975648588
Tight Prior,Himachal Pradesh,2035,1.3660722461555137,1.1099803295550077,1.7026982887733564
Tight Prior,Himachal Pradesh,2036,1.3543133153599478,1.0866648757547084,1.7030044007365515
Tight Prior,Himachal Pradesh,2037,1.3426729838972427,1.072617497140075,1.6946071645049439
Tight Prior,Himachal Pradesh,2038,1.3300485154315191,1.058793971211512,1.6932311770866257
Tight Prior,Himachal Pradesh,2039,1.3208968521184725,1.046328100755655,1.6808700055478056
Tight Prior,Himachal Pradesh,2040,1.311653494978804,1.037071456079364,1.669032951789301
Tight Prior,Himachal Pradesh,2041,1.302255295751952,1.0246836740884187,1.6613905412468526
Tight Prior,Himachal Pradesh,2042,1.293014549967129,1.0143340232997542,1.6634301073300968
Tight Prior,Himachal Pradesh,2043,1.2828532122685505,0.9941169681809955,1.6524575703661553
Tight Prior,Himachal Pradesh,2044,1.2734958817930306,0.9878713879318867,1.6468193929183887
Tight Prior,Himachal Pradesh,2045,1.266870311103637,0.976614746881367,1.6430847457797757
Tight Prior,Himachal Pradesh,2046,1.2590583581093349,0.959495259049749,1.6297961815654836
Tight Prior,Himachal Pradesh,2047,1.251069125279517,0.9512464962979694,1.6333254061546119
Tight Prior,Himachal Pradesh,2048,1.241249034904357,0.9396190642941801,1.628972792045924
Tight Prior,Himachal Pradesh,2049,1.233403952597663,0.9390775236483961,1.6227262541041942
Tight Prior,Himachal Pradesh,2050,1.2290116639023396,0.9306504317717479,1.6065104143341957
Tight Prior,Jammu & Kashmir,2024,1.5080169529267917,1.3768582965862062,1.6480970393004684
Tight Prior,Jammu & Kashmir,2025,1.4936391613998021,1.341737247736786,1.663584553717592
Tight Prior,Jammu & Kashmir,2026,1.4826968073423443,1.3158980941212621,1.667961928261303
Tight Prior,Jammu & Kashmir,2027,1.4734846464843527,1.291704125896609,1.6762347260460237
Tight Prior,Jammu & Kashmir,2028,1.4618672911842112,1.2728263470399863,1.6765674526487078
Tight Prior,Jammu & Kashmir,2029,1.4523436332400361,1.245498056040737,1.6816602178847717
Tight Prior,Jammu & Kashmir,2030,1.4422949690349132,1.2295375090834115,1.6883046853829582
Tight Prior,Jammu & Kashmir,2031,1.4286150941392535,1.2050774643851987,1.6834698183186898
Tight Prior,Jammu & Kashmir,2032,1.420985640439342,1.1934358227917499,1.6811498606621185
Tight Prior,Jammu & Kashmir,2033,1.4089389857209706,1.182490853358446,1.6886548066373426
Tight Prior,Jammu & Kashmir,2034,1.4016641752684267,1.162722711837084,1.6803332520037568
Tight Prior,Jammu & Kashmir,2035,1.3923147146612784,1.1473669013328396,1.6711210002867816
Tight Prior,Jammu & Kashmir,2036,1.3846860567240644,1.1383121989656653,1.670563687296582
Tight Prior,Jammu & Kashmir,2037,1.3769920549211778,1.123491615780121,1.674455624064138
Tight Prior,Jammu & Kashmir,2038,1.3680580599794516,1.1127309876558458,1.6620051438645587
Tight Prior,Jammu & Kashmir,2039,1.357713801135664,1.1049310933425978,1.6700884784495917
Tight Prior,Jammu & Kashmir,2040,1.3485447165902804,1.0862142911185635,1.672921452819243
Tight Prior,Jammu & Kashmir,2041,1.3433322576913882,1.0752664182646743,1.6683378791850814
Tight Prior,Jammu & Kashmir,2042,1.334931565644012,1.0630113304178097,1.6724456980703113
Tight Prior,Jammu & Kashmir,2043,1.3263904923452987,1.054761746342326,1.6519352615583023
Tight Prior,Jammu & Kashmir,2044,1.320589123006422,1.0489622815485862,1.6558843728928356
Tight Prior,Jammu & Kashmir,2045,1.3122275581901333,1.0379707115795864,1.6515861486113372
Tight Prior,Jammu & Kashmir,2046,1.3010903089307906,1.031106488934494,1.6551538696721393
Tight Prior,Jammu & Kashmir,2047,1.2964686309600857,1.0221497030586104,1.6434522821289932
Tight Prior,Jammu & Kashmir,2048,1.2893378325811102,1.0113537223759779,1.6384671294649835
Tight Prior,Jammu & Kashmir,2049,1.2836016473383016,1.0013760990587266,1.649031660060794
Tight Prior,Jammu & Kashmir,2050,1.2748879182023947,0.9990109449326017,1.6406269733604273
Tight Prior,Jharkhand,2024,2.1796775912787796,2.0014452003828174,2.362906852984586
Tight Prior,Jharkhand,2025,2.1541138337982257,1.9587069042333511,2.3682521647629224
Tight Prior,Jharkhand,2026,2.130030019853292,1.9130143985182109,2.3714927190135224
Tight Prior,Jharkhand,2027,2.110379181090365,1.8799773810458975,2.3676836270325436
Tight Prior,Jharkhand,2028,2.088028925576735,1.8455982553374477,2.3700930232265707
Tight Prior,Jharkhand,2029,2.06574281005493,1.8043187917712653,2.3713230836057795
Tight Prior,Jharkhand,2030,2.04471614430703,1.774404564923599,2.3595402363958717
Tight Prior,Jharkhand,2031,2.0256017593162383,1.7334042716400069,2.354171143844754
Tight Prior,Jharkhand,2032,2.00675484458466,1.708164071016233,2.337484716897725
Tight Prior,Jharkhand,2033,1.9849932971959978,1.6785375769342363,2.323492424615246
Tight Prior,Jharkhand,2034,1.9684128000265202,1.6508423728402675,2.3204445222734775
Tight Prior,Jharkhand,2035,1.9485247776121657,1.6283184504791015,2.307449011810628
Tight Prior,Jharkhand,2036,1.9317614492180828,1.603367342158794,2.2945180501400277
Tight Prior,Jharkhand,2037,1.9127577123426387,1.5779855164749885,2.2941421421736474
Tight Prior,Jharkhand,2038,1.8967389803579093,1.5596577175996493,2.2764169886160457
Tight Prior,Jharkhand,2039,1.8786365001280045,1.5346488204824706,2.2757393331788425
Tight Prior,Jharkhand,2040,1.8609737006275449,1.518322514584072,2.263889098180437
Tight Prior,Jharkhand,2041,1.8458566257012972,1.4996840957014763,2.2549271877150985
Tight Prior,Jharkhand,2042,1.828181312790714,1.4816937213699684,2.235759075918785
Tight Prior,Jharkhand,2043,1.811148686959085,1.4657354255824986,2.232170545449123
Tight Prior,Jharkhand,2044,1.7925582873914903,1.4516455917314925,2.2170622034296277
Tight Prior,Jharkhand,2045,1.7810774212327427,1.4394474507438333,2.208121185801037
Tight Prior,Jharkhand,2046,1.766653870178232,1.4173487973781262,2.202417177965851
Tight Prior,Jharkhand,2047,1.7547549209883917,1.3994771833786184,2.185966751001269
Tight Prior,Jharkhand,2048,1.741897599106366,1.3831337907549859,2.173722642694038
Tight Prior,Jharkhand,2049,1.7298695260984234,1.36719388348108,2.1522238460431615
Tight Prior,Jharkhand,2050,1.7166377019879167,1.3536861109135327,2.1478340446131408
Tight Prior,Karnataka,2024,1.5255389036191853,1.3792248462185337,1.6944228488578728
Tight Prior,Karnataka,2025,1.5084769223396703,1.3438164564523292,1.7011915440256733
Tight Prior,Karnataka,2026,1.4932466252545522,1.302705499745662,1.71209340175048
Tight Prior,Karnataka,2027,1.4779485002394184,1.270910030241616,1.7154477959205072
Tight Prior,Karnataka,2028,1.4581245089486523,1.2415466631113872,1.717618664662828
Tight Prior,Karnataka,2029,1.4466875968680113,1.2207812084985652,1.7163577390255202
Tight Prior,Karnataka,2030,1.4304553523662977,1.1967533613182233,1.711687965951989
Tight Prior,Karnataka,2031,1.4168889518370336,1.1816698945780362,1.7078463586014225
Tight Prior,Karnataka,2032,1.4032474867242737,1.1623937953780104,1.7058828937340809
Tight Prior,Karnataka,2033,1.3901603833603764,1.1440615031590735,1.697507907986371
Tight Prior,Karnataka,2034,1.3781163132171965,1.1239992835021797,1.6915769320542924
Tight Prior,Karnataka,2035,1.3657989717572345,1.103936853522453,1.6877710091275349
Tight Prior,Karnataka,2036,1.3552416396971012,1.0842723127148024,1.6857217591552178
Tight Prior,Karnataka,2037,1.34372844545918,1.0720536071304303,1.6772576925240184
Tight Prior,Karnataka,2038,1.3325307458797142,1.057775128606766,1.6722465809477367
Tight Prior,Karnataka,2039,1.3250688711986107,1.04449063777451,1.6747608629742687
Tight Prior,Karnataka,2040,1.3151263468051717,1.0384614838338742,1.6636107310590957
Tight Prior,Karnataka,2041,1.3033853033654905,1.0240106076455588,1.6462184235008466
Tight Prior,Karnataka,2042,1.2923137064285823,1.0095833949034319,1.6442827845739372
Tight Prior,Karnataka,2043,1.2860880512393758,0.9985353533429003,1.636469748050812
Tight Prior,Karnataka,2044,1.2770889460175168,0.9937360116991871,1.640009966496782
Tight Prior,Karnataka,2045,1.2703422619981848,0.9744767048022416,1.6264555404346206
Tight Prior,Karnataka,2046,1.2615418281448232,0.9735445689837455,1.630880442761704
Tight Prior,Karnataka,2047,1.2517431466010693,0.9646907220834176,1.6191455596488773
Tight Prior,Karnataka,2048,1.2451990438658354,0.9505139259197638,1.6239696181589602
Tight Prior,Karnataka,2049,1.2374925722495598,0.9452029486084106,1.6138960445016217
Tight Prior,Karnataka,2050,1.2267259556895587,0.9341735837736166,1.606857445764997
Tight Prior,Kerala,2024,1.489675010589306,1.3551272684371387,1.6370121340676653
Tight Prior,Kerala,2025,1.4753292926875345,1.3166403020794244,1.6505496862188287
Tight Prior,Kerala,2026,1.463215279441807,1.2860715093092001,1.666093668763152
Tight Prior,Kerala,2027,1.4513859077941953,1.2632180795532968,1.6751369730475585
Tight Prior,Kerala,2028,1.4385370284305414,1.2366767388926778,1.675212516233823
Tight Prior,Kerala,2029,1.4268002555912052,1.2130916034730383,1.6801722720440768
Tight Prior,Kerala,2030,1.4129143331871634,1.1880638071650242,1.672003192298713
Tight Prior,Kerala,2031,1.4067656732449976,1.1739987193200765,1.6809721336596513
Tight Prior,Kerala,2032,1.3908734779836998,1.1616530505051559,1.6678040444141942
Tight Prior,Kerala,2033,1.3800033821804538,1.139967328429709,1.666573149545164
Tight Prior,Kerala,2034,1.3708550763894594,1.1217390853773028,1.6673128237881323
Tight Prior,Kerala,2035,1.3612500749537257,1.1109069246369239,1.675041789659561
Tight Prior,Kerala,2036,1.3521344032913032,1.0968338059343512,1.6675312627092844
Tight Prior,Kerala,2037,1.3399030131862513,1.0825808338148462,1.6636830851413613
Tight Prior,Kerala,2038,1.3312212274213329,1.0699263349038153,1.6620023999594011
Tight Prior,Kerala,2039,1.3230536304010005,1.0553261121756978,1.665451311924969
Tight Prior,Kerala,2040,1.3146086216651096,1.0446561723316603,1.65748430637836
Tight Prior,Kerala,2041,1.3069837400916562,1.0384942412584484,1.6564851442183088
Tight Prior,Kerala,2042,1.298543902968846,1.022804802565273,1.660900439641983
Tight Prior,Kerala,2043,1.2882345586612063,1.0118107502178775,1.6624357832099856
Tight Prior,Kerala,2044,1.284162543014411,0.9998391597696324,1.649727210250344
Tight Prior,Kerala,2045,1.2776625694513872,0.9919511738683987,1.638690630636545
Tight Prior,Kerala,2046,1.268221657029906,0.9853203318210889,1.6339328574962355
Tight Prior,Kerala,2047,1.259031666621505,0.9796205011504608,1.6291336888450927
Tight Prior,Kerala,2048,1.2514928868460609,0.9720492526055782,1.6317264222800425
Tight Prior,Kerala,2049,1.247013568312076,0.9659185865245845,1.6237977836162434
Tight Prior,Kerala,2050,1.2390079444845912,0.9582033245339656,1.6215834156496793
Tight Prior,Ladakh,2023,1.2995520309636217,1.1444143505990192,1.4797140385700769
Tight Prior,Ladakh,2024,1.2930926638258553,1.1261663752088715,1.487242341257091
Tight Prior,Ladakh,2025,1.2830890547453038,1.109123095804761,1.4942901393164816
Tight Prior,Ladakh,2026,1.2808144633375538,1.0949974700754215,1.503861831602659
Tight Prior,Ladakh,2027,1.2737281151017297,1.083372661495541,1.5081662959119688
Tight Prior,Ladakh,2028,1.2674598294937822,1.074332562216274,1.5039754604352538
Tight Prior,Ladakh,2029,1.2612614954577108,1.0544024594249077,1.5148476345073973
Tight Prior,Ladakh,2030,1.256606253204135,1.0411667129028481,1.517277616794547
Tight Prior,Ladakh,2031,1.2514618690583617,1.0319709663669465,1.5201966157744478
Tight Prior,Ladakh,2032,1.2465043709453845,1.023342553622518,1.5159826707921489
Tight Prior,Ladakh,2033,1.2411421632844624,1.0104601911970965,1.5103978932987514
Tight Prior,Ladakh,2034,1.235189094409964,1.00428043539842,1.5139463967314892
Tight Prior,Ladakh,2035,1.2304394350104684,0.9987915261886873,1.5088043778908167
Tight Prior,Ladakh,2036,1.2242531913238341,0.9837105842470552,1.5124729216742294
Tight Prior,Ladakh,2037,1.2193234618221604,0.9794222481660578,1.5135034178801885
Tight Prior,Ladakh,2038,1.2153458669837698,0.9719359331593967,1.5160380981925752
Tight Prior,Ladakh,2039,1.2077567940213974,0.9650663759526574,1.51697841282535
Tight Prior,Ladakh,2040,1.201847646403726,0.9561328060354535,1.520413656535543
Tight Prior,Ladakh,2041,1.1989289974864121,0.9478151727173644,1.5265734154186792
Tight Prior,Ladakh,2042,1.196847492385007,0.9432503732970029,1.5257482474222968
Tight Prior,Ladakh,2043,1.1924527552633553,0.9377804470901986,1.525883991534906
Tight Prior,Ladakh,2044,1.189768648769752,0.934648921952286,1.52467330926864
Tight Prior,Ladakh,2045,1.1832000226564312,0.929583820643374,1.532017973682143
Tight Prior,Ladakh,2046,1.1799504350645549,0.9235844957264172,1.5277891578065361
Tight Prior,Ladakh,2047,1.1759972425389125,0.9195564634820644,1.5199914054518107
Tight Prior,Ladakh,2048,1.1687489934042665,0.9167450487374407,1.5234563942943948
Tight Prior,Ladakh,2049,1.1658764334100038,0.9103569586596242,1.523284659339513
Tight Prior,Ladakh,2050,1.1631123327274855,0.9047345650119305,1.5277255567046673
Tight Prior,Lakshadweep,2023,1.5552289675231523,1.295167927629908,1.85712971449426
Tight Prior,Lakshadweep,2024,1.5355397114094105,1.2676381627041642,1.8548520044084307
Tight Prior,Lakshadweep,2025,1.5159860472546671,1.2414914518678815,1.8474956301197227
Tight Prior,Lakshadweep,2026,1.5000066210000673,1.227153212629632,1.827947699948951
Tight Prior,Lakshadweep,2027,1.483851513534535,1.205475362815716,1.831357836419494
Tight Prior,Lakshadweep,2028,1.4674887868202262,1.185220134510963,1.817758227011001
Tight Prior,Lakshadweep,2029,1.4546472162541768,1.1684532788899118,1.8168491770674093
Tight Prior,Lakshadweep,2030,1.4386072668351275,1.149516562907953,1.8122276739605603
Tight Prior,Lakshadweep,2031,1.4243162859778047,1.1336417071809997,1.7879022487217997
Tight Prior,Lakshadweep,2032,1.40963488152182,1.114221194476964,1.7842918277990503
Tight Prior,Lakshadweep,2033,1.399818477183269,1.1007109396570878,1.773178614906905
Tight Prior,Lakshadweep,2034,1.3849848367715043,1.0847423405542571,1.7713491741908447
Tight Prior,Lakshadweep,2035,1.375413479216,1.0700774439436227,1.76579530686802
Tight Prior,Lakshadweep,2036,1.3612916971180087,1.0574297149661407,1.7598617740740317
Tight Prior,Lakshadweep,2037,1.3474590344566406,1.0389542149232225,1.7370434083718778
Tight Prior,Lakshadweep,2038,1.3369460632527366,1.0290832186339045,1.7357226711793172
Tight Prior,Lakshadweep,2039,1.3250224197174485,1.0240520374570798,1.731574956097825
Tight Prior,Lakshadweep,2040,1.3150283452275953,1.0112555832220558,1.7032393833322845
Tight Prior,Lakshadweep,2041,1.304491684516993,0.9990762389733677,1.693908804784534
Tight Prior,Lakshadweep,2042,1.295156124940605,0.9954989739072536,1.692581535508007
Tight Prior,Lakshadweep,2043,1.285128070551382,0.9847386711371995,1.6770910785470374
Tight Prior,Lakshadweep,2044,1.2770157565258313,0.9753734730088343,1.6915113583713641
Tight Prior,Lakshadweep,2045,1.2691601544187314,0.9670790734331786,1.6731465693910432
Tight Prior,Lakshadweep,2046,1.2625424162327044,0.9566157539232962,1.6650650995392706
Tight Prior,Lakshadweep,2047,1.2579257465554297,0.9491926603037129,1.6573971953819102
Tight Prior,Lakshadweep,2048,1.2476818097633537,0.9444357004443286,1.6499760771855596
Tight Prior,Lakshadweep,2049,1.2374834396755905,0.9390409088906271,1.6441463292389589
Tight Prior,Lakshadweep,2050,1.2343087590952684,0.9297957662252454,1.630127166303021
Tight Prior,Madhya Pradesh,2024,2.4208823008835614,2.2220048545279543,2.627043233096087
Tight Prior,Madhya Pradesh,2025,2.3888851689087973,2.1612864581726776,2.6195018992831876
Tight Prior,Madhya Pradesh,2026,2.353279718802306,2.1050794279868787,2.6301663303326204
Tight Prior,Madhya Pradesh,2027,2.325346436901386,2.0588784840814407,2.6183487195057857
Tight Prior,Madhya Pradesh,2028,2.294368048819151,2.014834326162969,2.615543439019418
Tight Prior,Madhya Pradesh,2029,2.2641339696322076,1.9676296218122398,2.6080286792698244
Tight Prior,Madhya Pradesh,2030,2.240161551340335,1.9331594276580264,2.603769597722942
Tight Prior,Madhya Pradesh,2031,2.2122441185680137,1.898298840651476,2.590993209872619
Tight Prior,Madhya Pradesh,2032,2.1879100017512694,1.8594480505998183,2.576451151633237
Tight Prior,Madhya Pradesh,2033,2.164508504285447,1.8283622687766392,2.5532952114103153
Tight Prior,Madhya Pradesh,2034,2.140925545110753,1.7971533019260133,2.532687016368425
Tight Prior,Madhya Pradesh,2035,2.1169118809045884,1.7743660835163482,2.523543173399598
Tight Prior,Madhya Pradesh,2036,2.096348581536326,1.755559182323859,2.5048852521832647
Tight Prior,Madhya Pradesh,2037,2.0696996836323613,1.7230190182145868,2.48146765878849
Tight Prior,Madhya Pradesh,2038,2.048685640205574,1.6996507953500122,2.462449855640331
Tight Prior,Madhya Pradesh,2039,2.0263822496115194,1.66762415466618,2.4386137577322717
Tight Prior,Madhya Pradesh,2040,2.008348141795115,1.646461494130994,2.4278978375863822
Tight Prior,Madhya Pradesh,2041,1.9877688101476325,1.6339410006610935,2.4142695239651073
Tight Prior,Madhya Pradesh,2042,1.9652253055542537,1.6056632407143783,2.396898360788181
Tight Prior,Madhya Pradesh,2043,1.943100300173084,1.5802250488495238,2.3751288250506994
Tight Prior,Madhya Pradesh,2044,1.9239582649929048,1.5603610349793893,2.361553863739285
Tight Prior,Madhya Pradesh,2045,1.9054858069681329,1.5360990273659054,2.357646823803082
Tight Prior,Madhya Pradesh,2046,1.8923876072287018,1.5128544891739335,2.3390522054212672
Tight Prior,Madhya Pradesh,2047,1.873078059213495,1.4982871742092554,2.323801512236822
Tight Prior,Madhya Pradesh,2048,1.85314582717684,1.482470984752569,2.314137466428479
Tight Prior,Madhya Pradesh,2049,1.8353035105101303,1.46018075861187,2.301604076795705
Tight Prior,Madhya Pradesh,2050,1.819261838856383,1.4442622082131409,2.285030266754087
Tight Prior,Maharashtra,2024,1.4587632834127793,1.3284771017616581,1.6000558992049212
Tight Prior,Maharashtra,2025,1.4465217474645058,1.2960149867776398,1.6149021854776235
Tight Prior,Maharashtra,2026,1.4369811257641527,1.274372669920855,1.6228171387617816
Tight Prior,Maharashtra,2027,1.4255077217194865,1.2440370899794782,1.6255684113119013
Tight Prior,Maharashtra,2028,1.4172781504262977,1.2260751645240102,1.6265994419827394
Tight Prior,Maharashtra,2029,1.4058818455099518,1.2026936008896236,1.6296499708783054
Tight Prior,Maharashtra,2030,1.397973773266361,1.1857869870555164,1.6367133259270816
Tight Prior,Maharashtra,2031,1.3874174886076966,1.1700445466345322,1.6374819266218312
Tight Prior,Maharashtra,2032,1.3781682767701626,1.1516874398451757,1.6372350879288986
Tight Prior,Maharashtra,2033,1.367635950038848,1.1402883278144873,1.631350502291763
Tight Prior,Maharashtra,2034,1.3591453186342197,1.1236127210353684,1.6283922997479634
Tight Prior,Maharashtra,2035,1.3492021160530876,1.1145374213713988,1.6332945933184462
Tight Prior,Maharashtra,2036,1.343655446873436,1.1036491738173968,1.6292503415072885
Tight Prior,Maharashtra,2037,1.3364995207031214,1.08739228079239,1.626356022459231
Tight Prior,Maharashtra,2038,1.3278311722659062,1.0815802753007582,1.6264974289097038
Tight Prior,Maharashtra,2039,1.3183652679434674,1.068188063204238,1.624439652453979
Tight Prior,Maharashtra,2040,1.3110976394411467,1.0505219103759111,1.622375656874426
Tight Prior,Maharashtra,2041,1.3046434761568961,1.0414355660607868,1.6217315244102901
Tight Prior,Maharashtra,2042,1.2990162576555933,1.0312340687083081,1.6206378653492757
Tight Prior,Maharashtra,2043,1.292615736235108,1.026276304571482,1.6178716535191326
Tight Prior,Maharashtra,2044,1.2827646870322633,1.011894842386346,1.6132560218034282
Tight Prior,Maharashtra,2045,1.274067994717476,1.0089717418195505,1.6099912345739615
Tight Prior,Maharashtra,2046,1.2674084749377434,1.002029383551485,1.6078345299499641
Tight Prior,Maharashtra,2047,1.259386775087262,0.9901120178587041,1.611025011266338
Tight Prior,Maharashtra,2048,1.2544028572678143,0.9826325083696139,1.6124712664493361
Tight Prior,Maharashtra,2049,1.2522439280214883,0.9757791982492697,1.6091638990239105
Tight Prior,Maharashtra,2050,1.244878562924925,0.9631286255498533,1.6152197805939925
Tight Prior,Manipur,2019,1.5912709249495325,1.3966158849644124,1.8178699269323755
Tight Prior,Manipur,2020,1.5830927818748686,1.3737791271475361,1.8164187964944274
Tight Prior,Manipur,2021,1.5726003584771098,1.3582569992954057,1.8236423187520303
Tight Prior,Manipur,2022,1.5606904073380907,1.340405009534601,1.8221689384880038
Tight Prior,Manipur,2023,1.5517041062106618,1.3218058676871929,1.8241406221091372
Tight Prior,Manipur,2024,1.5423606732394668,1.3097648187804067,1.8218456388736395
Tight Prior,Manipur,2025,1.5328258694869974,1.2961629554923773,1.8361591571248137
Tight Prior,Manipur,2026,1.5244895787510124,1.2814224834035857,1.8285103068021094
Tight Prior,Manipur,2027,1.5158332319944385,1.2691023131589452,1.8208611774940886
Tight Prior,Manipur,2028,1.5086781579649504,1.2475146017097174,1.8111510119862402
Tight Prior,Manipur,2029,1.497784676181463,1.2385124437709845,1.8085113513858997
Tight Prior,Manipur,2030,1.4887464751880173,1.226452274244752,1.804355481861957
Tight Prior,Manipur,2031,1.4801547842809049,1.2117482498328151,1.7992779138822235
Tight Prior,Manipur,2032,1.4714452675611787,1.1984238181260802,1.8005782648504627
Tight Prior,Manipur,2033,1.4605887201736427,1.1870361369774085,1.7926102097387349
Tight Prior,Manipur,2034,1.457770290129751,1.1730038318842069,1.795360094516632
Tight Prior,Manipur,2035,1.4478260260090678,1.1586660249478222,1.7828694458295566
Tight Prior,Manipur,2036,1.4394189523155818,1.151917214857994,1.7750969027156118
Tight Prior,Manipur,2037,1.4352445891345602,1.1356426531488593,1.7722770533326833
Tight Prior,Manipur,2038,1.4261204589645835,1.1326257256692853,1.7700905970394059
Tight Prior,Manipur,2039,1.4199046140532734,1.1243651419817742,1.7653849115281985
Tight Prior,Manipur,2040,1.414078462330981,1.1163992697979606,1.7536531343775956
Tight Prior,Manipur,2041,1.4085339242340444,1.1038867375885817,1.7553360625276466
Tight Prior,Manipur,2042,1.4018112602954602,1.1010330233172303,1.7514243063344708
Tight Prior,Manipur,2043,1.3946846026206963,1.0894672880070557,1.7382878389942074
Tight Prior,Manipur,2044,1.3905415923569642,1.0773075618396097,1.7388770023949576
Tight Prior,Manipur,2045,1.3853368504461907,1.0660955166001898,1.73262995489226
Tight Prior,Manipur,2046,1.3775145081581737,1.064115951800709,1.7330985110398385
Tight Prior,Manipur,2047,1.3719839887104008,1.0594615883060685,1.7263866263355454
Tight Prior,Manipur,2048,1.3674095854827004,1.0511422761758606,1.7291995545579772
Tight Prior,Manipur,2049,1.3594317654358847,1.0440602651354054,1.7291688614510095
Tight Prior,Manipur,2050,1.352342045232093,1.0397032980341276,1.7230317853218164
Tight Prior,Meghalaya,2023,2.400907016696733,2.069564787396463,2.7849158812527204
Tight Prior,Meghalaya,2024,2.373084989303613,2.0278281695176035,2.766860814776166
Tight Prior,Meghalaya,2025,2.342215074661204,2.003041390292794,2.7429593330587774
Tight Prior,Meghalaya,2026,2.3137861486657747,1.9669792907475294,2.7250547183886678
Tight Prior,Meghalaya,2027,2.286820078545974,1.9285354881872325,2.7157382570593054
Tight Prior,Meghalaya,2028,2.2611276687844875,1.8986852809731039,2.7000684833524096
Tight Prior,Meghalaya,2029,2.237255384855198,1.862443265945944,2.6905637832412896
Tight Prior,Meghalaya,2030,2.2111150266946877,1.838087119850397,2.68090943806269
Tight Prior,Meghalaya,2031,2.186442862386845,1.8032867420992043,2.6570510575171817
Tight Prior,Meghalaya,2032,2.1643864430326287,1.775155844520346,2.630186603251822
Tight Prior,Meghalaya,2033,2.1457769440052266,1.7443125930840742,2.612190463180977
Tight Prior,Meghalaya,2034,2.1182859151033395,1.723929639593525,2.6006208058649976
Tight Prior,Meghalaya,2035,2.0978060931299147,1.6993488689190406,2.588288447044263
Tight Prior,Meghalaya,2036,2.078343935533568,1.6679004610440693,2.5585293340504247
Tight Prior,Meghalaya,2037,2.0568217318069926,1.655072683528572,2.5386580369966487
Tight Prior,Meghalaya,2038,2.0367990103068436,1.6283670281802847,2.512577849163637
Tight Prior,Meghalaya,2039,2.0201262183141715,1.6165111807747015,2.5012903217036633
Tight Prior,Meghalaya,2040,1.9995907166605194,1.590834291921784,2.4769027814967
Tight Prior,Meghalaya,2041,1.9792395739235378,1.568829525889548,2.4669308705823734
Tight Prior,Meghalaya,2042,1.9595454079430572,1.5547932875973043,2.447087611688069
Tight Prior,Meghalaya,2043,1.9388784637289505,1.5400177226500205,2.4351527568392837
Tight Prior,Meghalaya,2044,1.9176952991474718,1.5221539626636076,2.423170682600244
Tight Prior,Meghalaya,2045,1.9008390965919355,1.498113868759071,2.407018414087314
Tight Prior,Meghalaya,2046,1.8839603904312512,1.4877546783652407,2.3800556946902782
Tight Prior,Meghalaya,2047,1.8678227897852486,1.4703625117698729,2.3691586157311746
Tight Prior,Meghalaya,2048,1.8494577321706984,1.4505339878793506,2.3497443021761866
Tight Prior,Meghalaya,2049,1.8349949606534857,1.4276677211137978,2.34230911038405
Tight Prior,Meghalaya,2050,1.817304152705224,1.4096522957488282,2.3166212768520205
Tight Prior,Mizoram,2023,1.5934285134357786,1.3815279279447352,1.8458739698116362
Tight Prior,Mizoram,2024,1.5826745537917755,1.3582004021693426,1.8455951521566027
Tight Prior,Mizoram,2025,1.5710765789225212,1.3390348265717869,1.8430289819375156
Tight Prior,Mizoram,2026,1.5583256750572834,1.325780170802155,1.8356886914478536
Tight Prior,Mizoram,2027,1.5471862539574377,1.3094293944712012,1.8326403874479662
Tight Prior,Mizoram,2028,1.534934816858148,1.29300594371011,1.8392061514948117
Tight Prior,Mizoram,2029,1.5239456764612354,1.277099353450913,1.8325913014643913
Tight Prior,Mizoram,2030,1.5154391982868671,1.2641218252994828,1.8326847072526837
Tight Prior,Mizoram,2031,1.5080994519824382,1.2481732503941567,1.8228540837911107
Tight Prior,Mizoram,2032,1.4979202404677308,1.235443371319027,1.8358267691383627
Tight Prior,Mizoram,2033,1.4879528307152925,1.2181794068138911,1.8229863248938358
Tight Prior,Mizoram,2034,1.479984765316674,1.2017380382322325,1.8185935372616109
Tight Prior,Mizoram,2035,1.4713436729319214,1.1960153197115588,1.8144446022853176
Tight Prior,Mizoram,2036,1.4642524216505397,1.1880820919514417,1.8137626996307683
Tight Prior,Mizoram,2037,1.4562019596914437,1.1800158038376036,1.8160346571823267
Tight Prior,Mizoram,2038,1.449477133432986,1.1685996266248102,1.803218581282941
Tight Prior,Mizoram,2039,1.4419797144631752,1.1566771749500928,1.7977416444059398
Tight Prior,Mizoram,2040,1.4363096774117254,1.1466253059575193,1.7957541814183857
Tight Prior,Mizoram,2041,1.4266509752672258,1.1394138381839993,1.7920717492011164
Tight Prior,Mizoram,2042,1.4205962055824601,1.1309425781446671,1.7871922061497187
Tight Prior,Mizoram,2043,1.4139059285932813,1.116095542557023,1.7857769907254433
Tight Prior,Mizoram,2044,1.40760020830266,1.111905741379911,1.7763363956869545
Tight Prior,Mizoram,2045,1.3996300481327981,1.1045334297846074,1.7729257127304123
Tight Prior,Mizoram,2046,1.3926273079710438,1.0949075182537187,1.7707154083024415
Tight Prior,Mizoram,2047,1.3888252869990978,1.0864294782507284,1.7484008788129897
Tight Prior,Mizoram,2048,1.3808026444030546,1.078538454515785,1.749476839568695
Tight Prior,Mizoram,2049,1.3756179150214876,1.0729195405592737,1.7444273520030387
Tight Prior,Mizoram,2050,1.370334628065538,1.0634627937843713,1.7382884607849443
Tight Prior,Nagaland,2023,1.6674559345292719,1.4416710728645856,1.935484963569808
Tight Prior,Nagaland,2024,1.6542019266363133,1.416925501474681,1.9256897067213008
Tight Prior,Nagaland,2025,1.641009660262468,1.3911421161364863,1.9316301544522365
Tight Prior,Nagaland,2026,1.627932090583033,1.371088743828228,1.9281173743423123
Tight Prior,Nagaland,2027,1.6145046839379575,1.3556092986453616,1.9264032757699117
Tight Prior,Nagaland,2028,1.6074519616761678,1.3421312332607735,1.9206258164769339
Tight Prior,Nagaland,2029,1.5945105069836298,1.3164229762726782,1.9201932966133923
Tight Prior,Nagaland,2030,1.5830888433894146,1.301775465952898,1.9197397045375397
Tight Prior,Nagaland,2031,1.5691082643311351,1.2866128707029207,1.9149128068185364
Tight Prior,Nagaland,2032,1.560502838868592,1.2743576086472075,1.9096986664201563
Tight Prior,Nagaland,2033,1.5519981453628708,1.2510995976750305,1.9097644129888696
Tight Prior,Nagaland,2034,1.541976379495607,1.2518886839324614,1.901249651185223
Tight Prior,Nagaland,2035,1.5347006578928366,1.235944777057521,1.8885733993810032
Tight Prior,Nagaland,2036,1.5213850911372166,1.2291715675340036,1.8873862918779356
Tight Prior,Nagaland,2037,1.5113446275104037,1.2146735338300527,1.8793535052409107
Tight Prior,Nagaland,2038,1.5035277842294081,1.2010500272382978,1.8724508667293103
Tight Prior,Nagaland,2039,1.4958995315932648,1.1864455627432358,1.8693360647051114
Tight Prior,Nagaland,2040,1.4845276372945597,1.1754223036122131,1.8580391646372378
Tight Prior,Nagaland,2041,1.475900760013547,1.170612587893326,1.8514728832682372
Tight Prior,Nagaland,2042,1.4694093868240208,1.16423687002239,1.8477533508999604
Tight Prior,Nagaland,2043,1.4615344723818744,1.1541705686522312,1.8482174626313166
Tight Prior,Nagaland,2044,1.4502110810431343,1.1444967868843385,1.8403566062961163
Tight Prior,Nagaland,2045,1.441744919663527,1.1393340773672713,1.8392548672850346
Tight Prior,Nagaland,2046,1.4332173632113991,1.125941208479108,1.8253187553676937
Tight Prior,Nagaland,2047,1.4257095843991772,1.1183367273007634,1.8194236133481614
Tight Prior,Nagaland,2048,1.418857559377118,1.1099090096021396,1.8145180923162827
Tight Prior,Nagaland,2049,1.4108052224336765,1.098846549935028,1.8193844442027416
Tight Prior,Nagaland,2050,1.4048450326069397,1.0863955168739676,1.8185769489372794
Tight Prior,Odisha,2024,1.694937080393131,1.5445735907714542,1.8589935495219791
Tight Prior,Odisha,2025,1.678080122437155,1.506550462738613,1.8656157276130514
Tight Prior,Odisha,2026,1.6606783218352255,1.4709645393968551,1.878245382943622
Tight Prior,Odisha,2027,1.6428132474511408,1.4396016614348297,1.8765870850420978
Tight Prior,Odisha,2028,1.6266850164943842,1.4118187153182469,1.8737189504374268
Tight Prior,Odisha,2029,1.6107185246355025,1.3845555041904136,1.8662121670250669
Tight Prior,Odisha,2030,1.5964755179175296,1.359257538347042,1.8602797054895857
Tight Prior,Odisha,2031,1.578877583772487,1.332455042512348,1.8604783020107853
Tight Prior,Odisha,2032,1.5641345241816893,1.3147648687250657,1.8597159439983573
Tight Prior,Odisha,2033,1.5503932765985584,1.295560673230237,1.8501029449116528
Tight Prior,Odisha,2034,1.5385242602360405,1.2691674510300868,1.8425208979095817
Tight Prior,Odisha,2035,1.5241786642891957,1.260313150378963,1.8402457457471273
Tight Prior,Odisha,2036,1.5120562316190687,1.232279595675062,1.83673560687369
Tight Prior,Odisha,2037,1.499006623381433,1.2125623346531902,1.8418836032998915
Tight Prior,Odisha,2038,1.486984218866656,1.2016770574393145,1.8318372992601333
Tight Prior,Odisha,2039,1.4755910378992865,1.1885576861694092,1.8362863508395948
Tight Prior,Odisha,2040,1.461303158900288,1.180452060840418,1.828564699279815
Tight Prior,Odisha,2041,1.4514476048018614,1.1668780026227845,1.8185038145408312
Tight Prior,Odisha,2042,1.4403702763739132,1.152835248186362,1.8123711620779466
Tight Prior,Odisha,2043,1.4316410549300882,1.139107472022689,1.7926178593170505
Tight Prior,Odisha,2044,1.423130848385767,1.1261026972223338,1.791666967392171
Tight Prior,Odisha,2045,1.4154132347674064,1.1214558288334078,1.7831629599026027
Tight Prior,Odisha,2046,1.4035784790226415,1.1040513165502321,1.7783681120949346
Tight Prior,Odisha,2047,1.3920406863961778,1.0885328012644298,1.7705924216422417
Tight Prior,Odisha,2048,1.384791942696585,1.0828601753016627,1.758462127715966
Tight Prior,Odisha,2049,1.37675991678418,1.0714998542047607,1.7534722494774782
Tight Prior,Odisha,2050,1.365878503843605,1.051950681908382,1.7435240906137364
Tight Prior,Puducherry,2023,1.5091237224033798,1.2686486848927208,1.7973286095825525
Tight Prior,Puducherry,2024,1.4919054210844953,1.242768952940308,1.784030319887683
Tight Prior,Puducherry,2025,1.4822036804837113,1.2227027346404364,1.794751586482142
Tight Prior,Puducherry,2026,1.4649341703408334,1.1986268838838876,1.7996106997229373
Tight Prior,Puducherry,2027,1.4519347755755065,1.1828217609755143,1.7924957958148797
Tight Prior,Puducherry,2028,1.438392345928659,1.1633910168918302,1.7819224639423057
Tight Prior,Puducherry,2029,1.4298633571122146,1.1482415885247865,1.7704597640411912
Tight Prior,Puducherry,2030,1.4177233793668296,1.1283161292444919,1.7557145702106696
Tight Prior,Puducherry,2031,1.4025956251982823,1.119879605719696,1.7587246896703617
Tight Prior,Puducherry,2032,1.3923365462732988,1.100871662086656,1.7505489216439496
Tight Prior,Puducherry,2033,1.3821430917235118,1.0876482358405999,1.7408905690354624
Tight Prior,Puducherry,2034,1.3721768874941853,1.079593623278921,1.7336181703637352
Tight Prior,Puducherry,2035,1.3624144522138057,1.0717394486733207,1.7326710895783015
Tight Prior,Puducherry,2036,1.3540964927626502,1.0606544660951411,1.728447812821973
Tight Prior,Puducherry,2037,1.341637327486722,1.0454908215535481,1.7128322549903723
Tight Prior,Puducherry,2038,1.3347356840726063,1.036206474986857,1.7102587779113412
Tight Prior,Puducherry,2039,1.3273919317478198,1.0278651944167916,1.700256260604269
Tight Prior,Puducherry,2040,1.316931871550417,1.025876659681484,1.6978422419048904
Tight Prior,Puducherry,2041,1.3085293638627642,1.0153440860302394,1.6952192083532174
Tight Prior,Puducherry,2042,1.296763360009524,1.0011841024950836,1.6840905222196103
Tight Prior,Puducherry,2043,1.2868043175937116,0.9966625890958192,1.6695090297489898
Tight Prior,Puducherry,2044,1.2786834027249006,0.9883752915777536,1.674521035837241
Tight Prior,Puducherry,2045,1.2744212269156616,0.9814667497655022,1.6805472795989862
Tight Prior,Puducherry,2046,1.2675910885324342,0.9726986504724212,1.6645092763631006
Tight Prior,Puducherry,2047,1.25970874394224,0.965015378888833,1.6628197802807243
Tight Prior,Puducherry,2048,1.2569796451382493,0.9528342832194397,1.6509988132086328
Tight Prior,Puducherry,2049,1.2504810897435497,0.9489606772577063,1.6447562867884802
Tight Prior,Puducherry,2050,1.2461405890096997,0.9394905006001579,1.6454386321915127
Tight Prior,Punjab,2024,1.4706211475974307,1.3315233911109832,1.6311252042661688
Tight Prior,Punjab,2025,1.4571814856049408,1.2913428224026884,1.6448456343208409
Tight Prior,Punjab,2026,1.4412262394143052,1.2604117063030835,1.6620398444381097
Tight Prior,Punjab,2027,1.428967019117915,1.2305286853428965,1.6648413354391016
Tight Prior,Punjab,2028,1.4144761901037075,1.2070568543915312,1.664226411729581
Tight Prior,Punjab,2029,1.400336806278834,1.1784269707642185,1.6758232014428434
Tight Prior,Punjab,2030,1.3871644996503223,1.1536199881230775,1.6686137997915813
Tight Prior,Punjab,2031,1.3755156787976883,1.1368507745049001,1.6656361797897368
Tight Prior,Punjab,2032,1.3662904256057087,1.118540425500364,1.6651140800012767
Tight Prior,Punjab,2033,1.3525835656745226,1.0953744361563558,1.6604458064223249
Tight Prior,Punjab,2034,1.342471969311905,1.0829717198214561,1.6541375004088876
Tight Prior,Punjab,2035,1.3305008674369008,1.0679025643159519,1.6444979164893392
Tight Prior,Punjab,2036,1.318715070448318,1.057493412549794,1.645513757575988
Tight Prior,Punjab,2037,1.3095434876015188,1.0448845207785495,1.6468453300920833
Tight Prior,Punjab,2038,1.3024955302449859,1.0263134679258645,1.6447415595068242
Tight Prior,Punjab,2039,1.2937312440671498,1.0144871617208557,1.6363556441362619
Tight Prior,Punjab,2040,1.2821788624008887,0.996506534808873,1.6401734135210948
Tight Prior,Punjab,2041,1.2738976802909547,0.9842936996597772,1.6256150640516955
Tight Prior,Punjab,2042,1.2646324670372258,0.9818490224814285,1.6368432920452387
Tight Prior,Punjab,2043,1.2558003431942084,0.9710808914330236,1.6274012083182328
Tight Prior,Punjab,2044,1.251273575439833,0.9652887566355289,1.6226174640284983
Tight Prior,Punjab,2045,1.24013168610875,0.9546502092123679,1.6308193300321103
Tight Prior,Punjab,2046,1.2339077270113752,0.9446119007693852,1.6157662394550025
Tight Prior,Punjab,2047,1.2240715680167182,0.9294645914008635,1.5968964555273961
Tight Prior,Punjab,2048,1.2190268404195947,0.9273894366668833,1.5929453666151747
Tight Prior,Punjab,2049,1.213055837818621,0.9154839635657152,1.5897712189661848
Tight Prior,Punjab,2050,1.206864570357118,0.9106308527310218,1.5839121495687016
Tight Prior,Rajasthan,2024,2.320421972446208,2.1358628550878365,2.511116115442096
Tight Prior,Rajasthan,2025,2.29265423542679,2.0760330777449707,2.521968929426407
Tight Prior,Rajasthan,2026,2.2647764884104253,2.0343391510733206,2.5204773727490797
Tight Prior,Rajasthan,2027,2.2392640723562613,1.98356203790949,2.5160189578816228
Tight Prior,Rajasthan,2028,2.2115708256772515,1.9410451059671712,2.5059687906743764
Tight Prior,Rajasthan,2029,2.186470623565567,1.8995881554074738,2.4985700894372167
Tight Prior,Rajasthan,2030,2.1604723366567504,1.8638810522102056,2.4872348012351266
Tight Prior,Rajasthan,2031,2.1373185369800196,1.8262838997204218,2.484135191706452
Tight Prior,Rajasthan,2032,2.1145763106351794,1.801982648124336,2.4700534139707626
Tight Prior,Rajasthan,2033,2.092529516311703,1.7701915895489284,2.462771306901288
Tight Prior,Rajasthan,2034,2.068319917076749,1.7394376924657236,2.4466549360414382
Tight Prior,Rajasthan,2035,2.0491293724070756,1.7005361281709768,2.4372366045253333
Tight Prior,Rajasthan,2036,2.0237860285229416,1.684340728217537,2.427892561889826
Tight Prior,Rajasthan,2037,2.0043595750288428,1.6582423739210799,2.41045523643856
Tight Prior,Rajasthan,2038,1.980759069977988,1.6271299890428306,2.389762010842158
Tight Prior,Rajasthan,2039,1.964148138715061,1.6122165224574303,2.3885754118916007
Tight Prior,Rajasthan,2040,1.9456099038392929,1.5843940986252996,2.368476765878908
Tight Prior,Rajasthan,2041,1.9258267784330392,1.5552377684432948,2.365306106285174
Tight Prior,Rajasthan,2042,1.9050824592130562,1.5389676223404898,2.345842684970801
Tight Prior,Rajasthan,2043,1.8864525085213015,1.5091065789185039,2.338243625285207
Tight Prior,Rajasthan,2044,1.8668589366305703,1.4981376959605157,2.320047997232089
Tight Prior,Rajasthan,2045,1.850738427708306,1.4770445596923156,2.2999128020847435
Tight Prior,Rajasthan,2046,1.8374945135656247,1.4568022903403621,2.2842717461843467
Tight Prior,Rajasthan,2047,1.822983173696978,1.4473069000241412,2.2768275120472365
Tight Prior,Rajasthan,2048,1.80685990219186,1.422834300149255,2.26216478030488
Tight Prior,Rajasthan,2049,1.7959345803560016,1.4053064432077604,2.2385577453582846
Tight Prior,Rajasthan,2050,1.7723454638708753,1.3950661411888736,2.2255892515742173
Tight Prior,Sikkim,2023,1.2395492397696217,1.027657687718903,1.4767741799153669
Tight Prior,Sikkim,2024,1.2320917010274206,1.0143151413249503,1.4791263289088905
Tight Prior,Sikkim,2025,1.225836071141635,0.9982877178436631,1.48144573558139
Tight Prior,Sikkim,2026,1.2187040351170024,0.9880543858959082,1.482187833798751
Tight Prior,Sikkim,2027,1.210357164317743,0.9768079978682993,1.4878838389194224
Tight Prior,Sikkim,2028,1.2045978585240493,0.9672251081001143,1.48011974855536
Tight Prior,Sikkim,2029,1.1959729219600304,0.9590218427140934,1.4835924365588322
Tight Prior,Sikkim,2030,1.190625041735476,0.9505478239647038,1.4837716766026405
Tight Prior,Sikkim,2031,1.1836314190716501,0.9466412161491119,1.4787496706780139
Tight Prior,Sikkim,2032,1.1762151263426253,0.94124312821474,1.4844925925150663
Tight Prior,Sikkim,2033,1.1716404806854777,0.9291030026730953,1.4858850614805958
Tight Prior,Sikkim,2034,1.165509634288473,0.9206906370538113,1.4880110047178865
Tight Prior,Sikkim,2035,1.1645621835325919,0.9076537829515576,1.4899349198617295
Tight Prior,Sikkim,2036,1.1561956497842822,0.9059253657594923,1.4863157816480472
Tight Prior,Sikkim,2037,1.151030300602503,0.897281699569122,1.4945415178862855
Tight Prior,Sikkim,2038,1.144343199132469,0.8935830064159075,1.493035595891147
Tight Prior,Sikkim,2039,1.1409923403009645,0.8816718187636463,1.4914450099825491
Tight Prior,Sikkim,2040,1.1343609217731556,0.8772756789076868,1.497729402377914
Tight Prior,Sikkim,2041,1.1295069575127195,0.8733122922991198,1.4927823822658293
Tight Prior,Sikkim,2042,1.1275841971535137,0.8669163510121164,1.4930525787619406
Tight Prior,Sikkim,2043,1.123961247516307,0.8664254704491602,1.4986581841442888
Tight Prior,Sikkim,2044,1.1214391676740134,0.8581312238039498,1.4862017349342227
Tight Prior,Sikkim,2045,1.1166114329760666,0.8558801414187253,1.478232127912183
Tight Prior,Sikkim,2046,1.115576723693612,0.8471488347324423,1.4738169122546063
Tight Prior,Sikkim,2047,1.1132097149382947,0.8364466951327568,1.46222601440738
Tight Prior,Sikkim,2048,1.1089033831302695,0.837570341394194,1.466841290663226
Tight Prior,Sikkim,2049,1.1062976595914882,0.8343599145377552,1.4611145141131376
Tight Prior,Sikkim,2050,1.1028793306550082,0.8265476313892348,1.465855819467963
Tight Prior,Tamil Nadu,2024,1.3447380413056023,1.2211068848054532,1.4845608189799373
Tight Prior,Tamil Nadu,2025,1.3341303565903648,1.188889815189185,1.493768320261343
Tight Prior,Tamil Nadu,2026,1.3255246892701302,1.1660397433610354,1.5116224286047022
Tight Prior,Tamil Nadu,2027,1.3168418393601566,1.1338033483638548,1.5187304925634353
Tight Prior,Tamil Nadu,2028,1.3097286316860663,1.1142643008871205,1.529458711920137
Tight Prior,Tamil Nadu,2029,1.299436138200811,1.1010861189183156,1.5356478770982591
Tight Prior,Tamil Nadu,2030,1.292670391593984,1.091300960981614,1.5376180770528018
Tight Prior,Tamil Nadu,2031,1.283431318149273,1.0712987691932032,1.5449368305986266
Tight Prior,Tamil Nadu,2032,1.2761881319734774,1.0574302790099692,1.544302423578268
Tight Prior,Tamil Nadu,2033,1.2673308454270662,1.0406025412421296,1.5350459613737872
Tight Prior,Tamil Nadu,2034,1.2602633098574607,1.0251546778024356,1.5351361327263466
Tight Prior,Tamil Nadu,2035,1.2528029026224377,1.0150424736477395,1.5324293543677545
Tight Prior,Tamil Nadu,2036,1.2494157304428053,1.0032323378469263,1.5386188925716342
Tight Prior,Tamil Nadu,2037,1.2433054280983642,0.9918434284349884,1.535159907143013
Tight Prior,Tamil Nadu,2038,1.235079016106559,0.9781021140148046,1.5413299112200236
Tight Prior,Tamil Nadu,2039,1.226235943548756,0.9738890158392952,1.5327202825695183
Tight Prior,Tamil Nadu,2040,1.2197984900800098,0.9663049522995463,1.5303069721191767
Tight Prior,Tamil Nadu,2041,1.213229579308851,0.9577579237178104,1.5241502159398477
Tight Prior,Tamil Nadu,2042,1.2075644744557625,0.9524234776160257,1.5230945724570988
Tight Prior,Tamil Nadu,2043,1.2028961549165436,0.9465678503693231,1.5323960579559648
Tight Prior,Tamil Nadu,2044,1.1987187531603427,0.9361235533586434,1.5299487906802056
Tight Prior,Tamil Nadu,2045,1.193870253235044,0.9280900493368986,1.5183907260020117
Tight Prior,Tamil Nadu,2046,1.1900213735900227,0.9154776499808993,1.5206125374911612
Tight Prior,Tamil Nadu,2047,1.1830987231773245,0.9143451029214157,1.5235771602070578
Tight Prior,Tamil Nadu,2048,1.1781410287345873,0.9040993871135722,1.5296506723806136
Tight Prior,Tamil Nadu,2049,1.1724648722559552,0.8950242098350697,1.5136258061393788
Tight Prior,Tamil Nadu,2050,1.1704503412279228,0.891837442699725,1.5184134624806167
Tight Prior,Telangana,2024,1.5155783019922624,1.3701672375563136,1.6837397288839233
Tight Prior,Telangana,2025,1.4962921681868102,1.3309519867164208,1.6970754660685718
Tight Prior,Telangana,2026,1.481992688844699,1.2952796156502118,1.6966874000579515
Tight Prior,Telangana,2027,1.4665091945277682,1.2689603749490812,1.709048073651088
Tight Prior,Telangana,2028,1.4504465473608117,1.2392880244431888,1.7011414462690055
Tight Prior,Telangana,2029,1.4360947948187945,1.210441263309898,1.7044515651621783
Tight Prior,Telangana,2030,1.4214885585368906,1.187247874335718,1.70085820404747
Tight Prior,Telangana,2031,1.4070058507035257,1.1647951392784772,1.7007923574221795
Tight Prior,Telangana,2032,1.395264958096393,1.1416341924713476,1.7020552585326543
Tight Prior,Telangana,2033,1.3811211161736794,1.1212453983620887,1.6869152131607814
Tight Prior,Telangana,2034,1.3731995781694781,1.1090402902967025,1.6791405106918982
Tight Prior,Telangana,2035,1.362801874759394,1.0943768266745653,1.6826062257334173
Tight Prior,Telangana,2036,1.3482315242560512,1.0805025742103045,1.6763716771021289
Tight Prior,Telangana,2037,1.3363762880658538,1.063318206850429,1.6804769102288635
Tight Prior,Telangana,2038,1.3239718243423395,1.048307658572049,1.6735202570524261
Tight Prior,Telangana,2039,1.3138397406328242,1.0313494713361993,1.6675712519820138
Tight Prior,Telangana,2040,1.3060394708556258,1.0278907464626346,1.659763657993082
Tight Prior,Telangana,2041,1.2977825546030415,1.010874248675043,1.646496149772889
Tight Prior,Telangana,2042,1.2860472152853921,1.0015486010905321,1.650058891527564
Tight Prior,Telangana,2043,1.2795593506905893,0.988125597667591,1.6407366136128427
Tight Prior,Telangana,2044,1.27083354823324,0.9872660846862409,1.6444299025584428
Tight Prior,Telangana,2045,1.2619494481783418,0.9756223969465319,1.6344406816399117
Tight Prior,Telangana,2046,1.2522126979985835,0.9604046640180685,1.6247642154856348
Tight Prior,Telangana,2047,1.241170582316415,0.9532058693553948,1.6223748162355656
Tight Prior,Telangana,2048,1.2334572940958046,0.9500407285407049,1.6165861869517686
Tight Prior,Telangana,2049,1.2256445083516048,0.9486721439595114,1.6062003682807973
Tight Prior,Telangana,2050,1.2201061775983375,0.941289122145861,1.6044322034922167
Tight Prior,Tripura,2023,1.4117559291250399,1.198787239166028,1.6640516978894726
Tight Prior,Tripura,2024,1.4034633947855526,1.1826745565910897,1.6668050784159205
Tight Prior,Tripura,2025,1.3927623057476974,1.167036077594667,1.660679862495495
Tight Prior,Tripura,2026,1.3814435000765237,1.1520886785135498,1.6541789292053553
Tight Prior,Tripura,2027,1.3730521366775177,1.1377167401590262,1.6625784124245953
Tight Prior,Tripura,2028,1.3643049938133427,1.1208843736090244,1.6621667102359494
Tight Prior,Tripura,2029,1.3577515289117568,1.1089596484783737,1.664472557068937
Tight Prior,Tripura,2030,1.3513065764897396,1.1036450115076826,1.6646646501211764
Tight Prior,Tripura,2031,1.3422459598111098,1.0843333188774655,1.6606755534714348
Tight Prior,Tripura,2032,1.334444914378285,1.0746925924146786,1.6543433514270764
Tight Prior,Tripura,2033,1.327787005672258,1.06021468364519,1.6479869614811697
Tight Prior,Tripura,2034,1.3206779561642907,1.0459889726130922,1.643749443489495
Tight Prior,Tripura,2035,1.311014716522966,1.034343973697202,1.643229747167587
Tight Prior,Tripura,2036,1.3040212593162033,1.0278246318734987,1.6370125687764527
Tight Prior,Tripura,2037,1.2969672489579713,1.0255895346273614,1.6309729855191555
Tight Prior,Tripura,2038,1.28961772121812,1.0145824345167704,1.6279515397570625
Tight Prior,Tripura,2039,1.2833378080862987,1.0029717918108398,1.6371817309296794
Tight Prior,Tripura,2040,1.2758275178365035,0.9940091436979293,1.6271107464124408
Tight Prior,Tripura,2041,1.2692080734445192,0.9797441561288015,1.6123223540029104
Tight Prior,Tripura,2042,1.2608943641827297,0.9690152453817649,1.6193469994665513
Tight Prior,Tripura,2043,1.2548762166402025,0.9683932277025347,1.6174941319230145
Tight Prior,Tripura,2044,1.2466747507007137,0.9637537625803154,1.610996146969985
Tight Prior,Tripura,2045,1.2417780883430831,0.9560172284233596,1.6015186550327147
Tight Prior,Tripura,2046,1.238330095911629,0.9496421169344402,1.6119564989386834
Tight Prior,Tripura,2047,1.2344009667986617,0.9442604980350588,1.6105227188720888
Tight Prior,Tripura,2048,1.2302466468580564,0.9402566772007096,1.6054414689342416
Tight Prior,Tripura,2049,1.2246471107525116,0.9297191512158458,1.6023631902109303
Tight Prior,Tripura,2050,1.2193220421628541,0.9258440648355701,1.6024865205779306
Tight Prior,Uttar Pradesh,2024,2.5765762853394856,2.3714924034096128,2.791841022536813
Tight Prior,Uttar Pradesh,2025,2.540002552640894,2.306773841925142,2.793256301700328
Tight Prior,Uttar Pradesh,2026,2.509241806764038,2.2597387019973962,2.799027682349301
Tight Prior,Uttar Pradesh,2027,2.4711921660771505,2.2049330725822607,2.7725136647216404
Tight Prior,Uttar Pradesh,2028,2.4427127716647528,2.161196370081431,2.7667111005698537
Tight Prior,Uttar Pradesh,2029,2.409959765541572,2.1114373702562705,2.7457042319820832
Tight Prior,Uttar Pradesh,2030,2.37877913941574,2.0713482329486,2.7394373500031217
Tight Prior,Uttar Pradesh,2031,2.351711082501699,2.0259678804909496,2.724194482400437
Tight Prior,Uttar Pradesh,2032,2.3193066307215617,1.99042985331249,2.713704912897847
Tight Prior,Uttar Pradesh,2033,2.296305628578321,1.9629359721765034,2.698015553297839
Tight Prior,Uttar Pradesh,2034,2.268048793714221,1.9142388984024006,2.6765349719603404
Tight Prior,Uttar Pradesh,2035,2.2416039320099337,1.888643694236107,2.655215540671316
Tight Prior,Uttar Pradesh,2036,2.2164577553312004,1.8575755235105866,2.6441405499689146
Tight Prior,Uttar Pradesh,2037,2.1882892489553667,1.824132344885422,2.6247398796346313
Tight Prior,Uttar Pradesh,2038,2.16798633292421,1.7945649294900945,2.602897973891738
Tight Prior,Uttar Pradesh,2039,2.144517130688002,1.76701820044717,2.58656778776161
Tight Prior,Uttar Pradesh,2040,2.118211735472476,1.744230535433461,2.570681760057434
Tight Prior,Uttar Pradesh,2041,2.099500753632574,1.7173728288391916,2.556333204650699
Tight Prior,Uttar Pradesh,2042,2.0770046376115374,1.6841209858075745,2.5416589517189396
Tight Prior,Uttar Pradesh,2043,2.0537221009643236,1.6640110320283745,2.534823341590414
Tight Prior,Uttar Pradesh,2044,2.0346042828051565,1.6374809277939688,2.519299805862551
Tight Prior,Uttar Pradesh,2045,2.0115090187117053,1.617558553260186,2.4915537221947672
Tight Prior,Uttar Pradesh,2046,1.9909324785722649,1.5973096235260749,2.4902769968883964
Tight Prior,Uttar Pradesh,2047,1.9723908654743314,1.5786796075776206,2.4768532445768487
Tight Prior,Uttar Pradesh,2048,1.9543280470788185,1.5640468694544203,2.4492988773048006
Tight Prior,Uttar Pradesh,2049,1.9399051765658313,1.5460844430091667,2.4251291503451458
Tight Prior,Uttar Pradesh,2050,1.91806004100563,1.5210052272158472,2.4093259430262175
Tight Prior,Uttarakhand,2024,1.721595012120972,1.5756643199945077,1.8867397263432728
Tight Prior,Uttarakhand,2025,1.702170239195159,1.5338361495684831,1.8991578224316967
Tight Prior,Uttarakhand,2026,1.68194804021488,1.493096475993194,1.9049105436926006
Tight Prior,Uttarakhand,2027,1.6654387687408574,1.4624746219430753,1.9177235802031614
Tight Prior,Uttarakhand,2028,1.6482846316887358,1.430366049348502,1.9063133660713407
Tight Prior,Uttarakhand,2029,1.6354856238690083,1.4058005792612198,1.9053081607428246
Tight Prior,Uttarakhand,2030,1.616997227840657,1.376609087957144,1.9066218691351045
Tight Prior,Uttarakhand,2031,1.5976807914099482,1.3594258656563913,1.9058284449160567
Tight Prior,Uttarakhand,2032,1.5848471547155718,1.3355098669538363,1.8992608053461142
Tight Prior,Uttarakhand,2033,1.5698820934422577,1.3138004637518117,1.896919165310495
Tight Prior,Uttarakhand,2034,1.5564516664282926,1.3002586835858247,1.8933323638165471
Tight Prior,Uttarakhand,2035,1.543123355260956,1.274388665967281,1.8851116781119273
Tight Prior,Uttarakhand,2036,1.5324269631655103,1.2533081829182704,1.8705184098995558
Tight Prior,Uttarakhand,2037,1.517894528800936,1.2382467601052451,1.8614880059507077
Tight Prior,Uttarakhand,2038,1.5091287399083093,1.2210402023781992,1.8676680811005382
Tight Prior,Uttarakhand,2039,1.4941366430354268,1.2121278577791612,1.8668095395382347
Tight Prior,Uttarakhand,2040,1.482923446082858,1.1959254150044547,1.8510593727008735
Tight Prior,Uttarakhand,2041,1.4744325787392114,1.181925015519002,1.838126268351193
Tight Prior,Uttarakhand,2042,1.460541401589791,1.1719791003860736,1.8240070859053439
Tight Prior,Uttarakhand,2043,1.4494360480174546,1.1564223172256192,1.8252018884207388
Tight Prior,Uttarakhand,2044,1.4422117628597633,1.1483776494002476,1.8127169178310174
Tight Prior,Uttarakhand,2045,1.428453256956483,1.1312161163847418,1.805440679017707
Tight Prior,Uttarakhand,2046,1.4167573144024215,1.1130095044851622,1.8010634429252756
Tight Prior,Uttarakhand,2047,1.4114222681028035,1.1081433843197874,1.789357587612841
Tight Prior,Uttarakhand,2048,1.3985122848486522,1.099919497840868,1.7837245890934592
Tight Prior,Uttarakhand,2049,1.390113240466861,1.0865049400684503,1.7797354236414726
Tight Prior,Uttarakhand,2050,1.3816110972379303,1.0776333795195094,1.7833147737522665
Tight Prior,West Bengal,2024,1.3433028006104877,1.2172801431902516,1.4902838794483477
Tight Prior,West Bengal,2025,1.3331862338647238,1.1840882176678371,1.5121759540141995
Tight Prior,West Bengal,2026,1.3251314093722577,1.1596084426183904,1.519318234344303
Tight Prior,West Bengal,2027,1.3154849525544305,1.1283681576866693,1.5317532241460672
Tight Prior,West Bengal,2028,1.3043570625015422,1.1109078145005193,1.5364904031693811
Tight Prior,West Bengal,2029,1.294803282728713,1.092873107330784,1.5431873819473751
Tight Prior,West Bengal,2030,1.284731893798158,1.07404737287678,1.547146293332051
Tight Prior,West Bengal,2031,1.2749716862518379,1.0584744715002656,1.5495670981367167
Tight Prior,West Bengal,2032,1.2656411042169096,1.0463552760661896,1.5405260810756156
Tight Prior,West Bengal,2033,1.2587801358628865,1.0322339828811191,1.5430778762227093
Tight Prior,West Bengal,2034,1.2526063108827532,1.0169745548945899,1.5507054708909334
Tight Prior,West Bengal,2035,1.2431248120922276,1.0036028449102279,1.5447142814455554
Tight Prior,West Bengal,2036,1.2370889549530029,0.9923030142317779,1.5475031276198015
Tight Prior,West Bengal,2037,1.2307698790223296,0.9781085320077365,1.5555990833968858
Tight Prior,West Bengal,2038,1.2234954701159717,0.9693823693005058,1.5526314082215722
Tight Prior,West Bengal,2039,1.2180388733720138,0.9550952885651994,1.5424793814120539
Tight Prior,West Bengal,2040,1.211223401795123,0.9488347128098201,1.5480913514304677
Tight Prior,West Bengal,2041,1.2046071515617935,0.9440459820963039,1.5447053871528298
Tight Prior,West Bengal,2042,1.1943455006322945,0.9322982440438705,1.547268401107609
Tight Prior,West Bengal,2043,1.1916171143659546,0.9252470407503307,1.5453273210965839
Tight Prior,West Bengal,2044,1.1844389359917658,0.9171683431320381,1.5372826377197406
Tight Prior,West Bengal,2045,1.1766359105790487,0.9093211453072878,1.533050455796634
Tight Prior,West Bengal,2046,1.1717102391804193,0.9039148338531817,1.52976138747759
Tight Prior,West Bengal,2047,1.1679292836697424,0.8982325995678812,1.5301441183194768
Tight Prior,West Bengal,2048,1.1641739149436399,0.8932205424684516,1.521055615227378
Tight Prior,West Bengal,2049,1.1590657795127022,0.8890556874733362,1.5168653803364136
Tight Prior,West Bengal,2050,1.1559319167552247,0.881041840585981,1.5314303493768513
Floor Low (0.6),Andaman & Nicobar Islands,2023,1.1990809268549398,1.0011986364194456,1.4411062677482502
Floor Low (0.6),Andaman & Nicobar Islands,2024,1.1891235474868938,0.9830725151351976,1.4417995210974675
Floor Low (0.6),Andaman & Nicobar Islands,2025,1.1789260354162814,0.9689986505341626,1.4351853709789553
Floor Low (0.6),Andaman & Nicobar Islands,2026,1.1702704733854645,0.9496629202818075,1.429534805752106
Floor Low (0.6),Andaman & Nicobar Islands,2027,1.1629605320062115,0.9330850088069569,1.4348506319385355
Floor Low (0.6),Andaman & Nicobar Islands,2028,1.1537298139565957,0.9202861752603034,1.4320664700200467
Floor Low (0.6),Andaman & Nicobar Islands,2029,1.1452980785101143,0.9093555000485799,1.4383362661262984
Floor Low (0.6),Andaman & Nicobar Islands,2030,1.138085474837442,0.8977421798094353,1.431773527520008
Floor Low (0.6),Andaman & Nicobar Islands,2031,1.1286339144850779,0.8822840570479362,1.4251853636490321
Floor Low (0.6),Andaman & Nicobar Islands,2032,1.1229074738580365,0.8739482484110971,1.4188769265145982
Floor Low (0.6),Andaman & Nicobar Islands,2033,1.1164910043869636,0.8623940696056653,1.4126583865085145
Floor Low (0.6),Andaman & Nicobar Islands,2034,1.109049448955975,0.8498577511078949,1.4190606554992513
Floor Low (0.6),Andaman & Nicobar Islands,2035,1.1061385348498463,0.8401037867831183,1.4148890333042585
Floor Low (0.6),Andaman & Nicobar Islands,2036,1.0986109629157415,0.8332109563178444,1.4150855951052537
Floor Low (0.6),Andaman & Nicobar Islands,2037,1.0889174571744622,0.8284832026344515,1.4208772950383035
Floor Low (0.6),Andaman & Nicobar Islands,2038,1.0809555202745158,0.8175653695761532,1.4153608679248533
Floor Low (0.6),Andaman & Nicobar Islands,2039,1.0773989397285928,0.8108817881137487,1.4102716798523693
Floor Low (0.6),Andaman & Nicobar Islands,2040,1.069015845329487,0.807130704281825,1.408884233740087
Floor Low (0.6),Andaman & Nicobar Islands,2041,1.0632470442582491,0.7940328198250107,1.405053283150369
Floor Low (0.6),Andaman & Nicobar Islands,2042,1.0585347962724385,0.794281630421711,1.4118342567713154
Floor Low (0.6),Andaman & Nicobar Islands,2043,1.0537597261051679,0.7930652859497713,1.3932561876457306
Floor Low (0.6),Andaman & Nicobar Islands,2044,1.0476723821076246,0.7883243483652823,1.4042699423157847
Floor Low (0.6),Andaman & Nicobar Islands,2045,1.0414238469559405,0.7804642917147474,1.3935777884441864
Floor Low (0.6),Andaman & Nicobar Islands,2046,1.0361101234545398,0.7731184520372643,1.3936716147561747
Floor Low (0.6),Andaman & Nicobar Islands,2047,1.033153709374933,0.7676112159004224,1.3912046339849558
Floor Low (0.6),Andaman & Nicobar Islands,2048,1.0301786852981731,0.7563248943690591,1.3939676344473526
Floor Low (0.6),Andaman & Nicobar Islands,2049,1.0257756656879524,0.7559458821514583,1.3859788241002053
Floor Low (0.6),Andaman & Nicobar Islands,2050,1.0211806001219885,0.7563000173246726,1.3865595882315662
Floor Low (0.6),Andhra Pradesh,2024,1.4894874783596452,1.3416475503306173,1.6490421472405175
Floor Low (0.6),Andhra Pradesh,2025,1.4697322636044268,1.301411323093334,1.6522042518533624
Floor Low (0.6),Andhra Pradesh,2026,1.4500348973917028,1.2644888642395735,1.6618684440017224
Floor Low (0.6),Andhra Pradesh,2027,1.430541396118096,1.2362344959239318,1.6618270436208316
Floor Low (0.6),Andhra Pradesh,2028,1.410878545304668,1.2017184699024626,1.6544923124487856
Floor Low (0.6),Andhra Pradesh,2029,1.3963211566270903,1.1734171105227538,1.6619414495586893
Floor Low (0.6),Andhra Pradesh,2030,1.3783456969298378,1.1484546702125165,1.6594936778791385
Floor Low (0.6),Andhra Pradesh,2031,1.3620953504318887,1.1288077175339246,1.6659437613926873
Floor Low (0.6),Andhra Pradesh,2032,1.3476200319096125,1.1089150727773838,1.6521690316290236
Floor Low (0.6),Andhra Pradesh,2033,1.3347956221870194,1.0878453845114557,1.6434524121023315
Floor Low (0.6),Andhra Pradesh,2034,1.3211288099789853,1.0675332584780712,1.632675957600358
Floor Low (0.6),Andhra Pradesh,2035,1.3072610350388763,1.0504809230102248,1.6214781983229685
Floor Low (0.6),Andhra Pradesh,2036,1.294803708769308,1.0293788981704424,1.622021160794887
Floor Low (0.6),Andhra Pradesh,2037,1.2813887885677404,1.0163142989140115,1.6165145343386738
Floor Low (0.6),Andhra Pradesh,2038,1.267800739725969,1.0032967082205966,1.6172941746872973
Floor Low (0.6),Andhra Pradesh,2039,1.2566855778617896,0.9916719672198415,1.60285422977208
Floor Low (0.6),Andhra Pradesh,2040,1.2445732957222062,0.9772569524413476,1.6030312900277148
Floor Low (0.6),Andhra Pradesh,2041,1.2370500918398672,0.9552497880413449,1.590588930599311
Floor Low (0.6),Andhra Pradesh,2042,1.2257046141484391,0.9465823781041023,1.585832154225108
Floor Low (0.6),Andhra Pradesh,2043,1.2129854889140614,0.9277587372035719,1.570446432881175
Floor Low (0.6),Andhra Pradesh,2044,1.2051542231949992,0.9189316866400103,1.572137715771306
Floor Low (0.6),Andhra Pradesh,2045,1.1956058570013837,0.904428270134287,1.5614445610277148
Floor Low (0.6),Andhra Pradesh,2046,1.1870749598524348,0.8935778790108281,1.5587034645771882
Floor Low (0.6),Andhra Pradesh,2047,1.176520469507471,0.8872221224326922,1.5492451983183113
Floor Low (0.6),Andhra Pradesh,2048,1.1695135073257283,0.8748582668698568,1.5407874940098758
Floor Low (0.6),Andhra Pradesh,2049,1.1603820730290781,0.8668543162190689,1.5224764786199954
Floor Low (0.6),Andhra Pradesh,2050,1.1526654580111724,0.8594592818334955,1.5352591854056616
Floor Low (0.6),Arunachal Pradesh,2023,1.7257220986637956,1.4585310178729993,2.0344429389788656
Floor Low (0.6),Arunachal Pradesh,2024,1.7059967723051828,1.4282564198171552,2.024840125630668
Floor Low (0.6),Arunachal Pradesh,2025,1.6856057358868637,1.406316398476942,2.0062044046314758
Floor Low (0.6),Arunachal Pradesh,2026,1.6673840794039643,1.3762604200196766,1.9980231046854653
Floor Low (0.6),Arunachal Pradesh,2027,1.6470029291993342,1.3563467401258977,1.9779208202939462
Floor Low (0.6),Arunachal Pradesh,2028,1.6293341700946962,1.33394922357755,1.9697686246908797
Floor Low (0.6),Arunachal Pradesh,2029,1.6140531376687464,1.30960853128121,1.956952062399525
Floor Low (0.6),Arunachal Pradesh,2030,1.596826638435223,1.288704045503162,1.9466585930138316
Floor Low (0.6),Arunachal Pradesh,2031,1.5787152863168816,1.2724348835820785,1.9390526534488481
Floor Low (0.6),Arunachal Pradesh,2032,1.559303486689032,1.252907699658487,1.9224577138346342
Floor Low (0.6),Arunachal Pradesh,2033,1.539757602204463,1.235042191655121,1.9180213746715475
Floor Low (0.6),Arunachal Pradesh,2034,1.5270920332987048,1.2233743608685768,1.9063856251903197
Floor Low (0.6),Arunachal Pradesh,2035,1.5114203471016507,1.2024297094417749,1.8949309934303613
Floor Low (0.6),Arunachal Pradesh,2036,1.497824527960435,1.1878813670701964,1.870190435820603
Floor Low (0.6),Arunachal Pradesh,2037,1.482454089369574,1.1650426230225943,1.8610840836828235
Floor Low (0.6),Arunachal Pradesh,2038,1.469457060936325,1.1538745441410678,1.863016279521852
Floor Low (0.6),Arunachal Pradesh,2039,1.452696679705874,1.1381273052102934,1.8417289436911695
Floor Low (0.6),Arunachal Pradesh,2040,1.4369239879521063,1.115759206839132,1.8447432320142165
Floor Low (0.6),Arunachal Pradesh,2041,1.426740906710957,1.1011942102349341,1.827688284739659
Floor Low (0.6),Arunachal Pradesh,2042,1.4159841266372044,1.0860059853390922,1.8162245113102868
Floor Low (0.6),Arunachal Pradesh,2043,1.4017954152747236,1.0800131493242708,1.8086043485860932
Floor Low (0.6),Arunachal Pradesh,2044,1.3875783964831194,1.0714620509197026,1.8062434615787686
Floor Low (0.6),Arunachal Pradesh,2045,1.3778648828768236,1.058754917385547,1.7935024003840603
Floor Low (0.6),Arunachal Pradesh,2046,1.3650834355900445,1.0456785757413964,1.7810060457850692
Floor Low (0.6),Arunachal Pradesh,2047,1.355385457237395,1.0327595560575538,1.7687025064923458
Floor Low (0.6),Arunachal Pradesh,2048,1.3421987153764445,1.030280344402145,1.774022136063899
Floor Low (0.6),Arunachal Pradesh,2049,1.3318832494942274,1.0168292646997554,1.74701635081375
Floor Low (0.6),Arunachal Pradesh,2050,1.3218898100583796,1.0055128687412298,1.732674452508517
Floor Low (0.6),Assam,2024,2.007861761841278,1.8483547430300653,2.1790664272129
Floor Low (0.6),Assam,2025,1.9856296653569878,1.801919923208398,2.179737429892393
Floor Low (0.6),Assam,2026,1.9616311966637645,1.7616666702059192,2.181350729579018
Floor Low (0.6),Assam,2027,1.9430486049308635,1.7266556990877573,2.171058080813703
Floor Low (0.6),Assam,2028,1.9202204803793177,1.6903607326852204,2.1702933987188726
Floor Low (0.6),Assam,2029,1.8982201575167994,1.6644226508313487,2.1673987267129564
Floor Low (0.6),Assam,2030,1.8795551153334245,1.6269742280139694,2.160039804045703
Floor Low (0.6),Assam,2031,1.858783850097232,1.6000863584717502,2.15660050770112
Floor Low (0.6),Assam,2032,1.8358895712703303,1.5781415128259921,2.1504714256279924
Floor Low (0.6),Assam,2033,1.8202297075788931,1.549459753473778,2.145077179839859
Floor Low (0.6),Assam,2034,1.8034018439879516,1.520109304834521,2.1384363631431897
Floor Low (0.6),Assam,2035,1.7842210179608944,1.4946246979925062,2.123783903829936
Floor Low (0.6),Assam,2036,1.763560967587403,1.4722264709817796,2.102820277303473
Floor Low (0.6),Assam,2037,1.7496600431574243,1.4468123170322802,2.1003049604071578
Floor Low (0.6),Assam,2038,1.7320697217756609,1.4304516077292562,2.0923671798108643
Floor Low (0.6),Assam,2039,1.7155415819437674,1.4102544598063333,2.07190854825867
Floor Low (0.6),Assam,2040,1.6980358810793086,1.3845741109794216,2.073026494579452
Floor Low (0.6),Assam,2041,1.6858728923765938,1.3754546158821692,2.065065932450746
Floor Low (0.6),Assam,2042,1.672855441458871,1.3513817216851844,2.05723073344323
Floor Low (0.6),Assam,2043,1.656306631312313,1.3345285215013734,2.0440433365724595
Floor Low (0.6),Assam,2044,1.6428245904317405,1.3242861682798144,2.0409814863336866
Floor Low (0.6),Assam,2045,1.626713727493679,1.307357811267388,2.0373656251533294
Floor Low (0.6),Assam,2046,1.6143987250374932,1.2881510119613975,2.0202034924848147
Floor Low (0.6),Assam,2047,1.6031953138354744,1.2747069617050837,2.007604981352394
Floor Low (0.6),Assam,2048,1.5892676316888603,1.2614073953675886,2.000872743255005
Floor Low (0.6),Assam,2049,1.5756580252687311,1.2401886241358877,1.9895138176475355
Floor Low (0.6),Assam,2050,1.562511568271296,1.2259455142706042,1.9817737790157877
Floor Low (0.6),Bihar,2024,2.824518752927114,2.6011976306294766,3.063463990990822
Floor Low (0.6),Bihar,2025,2.7836180333997516,2.528323920312233,3.063430689100882
Floor Low (0.6),Bihar,2026,2.746864556901526,2.46709971695172,3.0504512950932323
Floor Low (0.6),Bihar,2027,2.704366108327597,2.3984864365829197,3.0241520914635913
Floor Low (0.6),Bihar,2028,2.6647070441534177,2.3435855090976276,3.0180303581884256
Floor Low (0.6),Bihar,2029,2.624807406696899,2.2885609929935273,2.9960859747891937
Floor Low (0.6),Bihar,2030,2.586418039932185,2.250394423508673,2.989175093879209
Floor Low (0.6),Bihar,2031,2.5547865665152383,2.1953060529923762,2.9583341601022712
Floor Low (0.6),Bihar,2032,2.519519758642428,2.156188702700344,2.9419215893413435
Floor Low (0.6),Bihar,2033,2.484507372371308,2.1101289606413807,2.9236088123358326
Floor Low (0.6),Bihar,2034,2.4525519295356704,2.06573387803973,2.900838699111158
Floor Low (0.6),Bihar,2035,2.419060378449277,2.0302803273774446,2.889506377227571
Floor Low (0.6),Bihar,2036,2.3867358545500705,1.9911413651888081,2.85741157547227
Floor Low (0.6),Bihar,2037,2.3556057796391547,1.9556185971165467,2.840325329736426
Floor Low (0.6),Bihar,2038,2.3261554037367906,1.9222749294417536,2.814857438785629
Floor Low (0.6),Bihar,2039,2.298330125315502,1.8885957883738191,2.777442680678318
Floor Low (0.6),Bihar,2040,2.2665480378820426,1.8539495646708253,2.7585226355247214
Floor Low (0.6),Bihar,2041,2.2372523563372226,1.8216089199700776,2.7387283527041206
Floor Low (0.6),Bihar,2042,2.209452244416086,1.7957580100071155,2.7151486064616224
Floor Low (0.6),Bihar,2043,2.182283329287853,1.764401970610357,2.6962232434681255
Floor Low (0.6),Bihar,2044,2.1565187659162994,1.7452234296718185,2.674725747534686
Floor Low (0.6),Bihar,2045,2.1302527272109364,1.710804447108108,2.654010272803621
Floor Low (0.6),Bihar,2046,2.103272183871093,1.694195343568943,2.619382999780177
Floor Low (0.6),Bihar,2047,2.0800148694294522,1.6648000727747945,2.606503625717203
Floor Low (0.6),Bihar,2048,2.05852444673828,1.6453950664425503,2.587235745364927
Floor Low (0.6),Bihar,2049,2.039625612101144,1.6214552249321563,2.5659915248266305
Floor Low (0.6),Bihar,2050,2.0191799028128097,1.6107569339994297,2.5536539506981364
Floor Low (0.6),Chandigarh,2023,1.4499104091116952,1.2157573219026623,1.7385298787428414
Floor Low (0.6),Chandigarh,2024,1.4338278317035744,1.185956748812044,1.737985485085885
Floor Low (0.6),Chandigarh,2025,1.4167516137058622,1.1655845375063703,1.7258891163226393
Floor Low (0.6),Chandigarh,2026,1.4004273517236732,1.1380600661492202,1.7180443319607372
Floor Low (0.6),Chandigarh,2027,1.3827322992930726,1.1231066705293096,1.7067895775122488
Floor Low (0.6),Chandigarh,2028,1.367620835833709,1.1013243153520007,1.699933291453264
Floor Low (0.6),Chandigarh,2029,1.3465138771255538,1.0836195675683824,1.695345854791772
Floor Low (0.6),Chandigarh,2030,1.3333484271481542,1.0663540984041908,1.6796266694686934
Floor Low (0.6),Chandigarh,2031,1.3215390728206584,1.049135732423218,1.6648943380941428
Floor Low (0.6),Chandigarh,2032,1.3067413544046156,1.0327857370788547,1.6526359042770757
Floor Low (0.6),Chandigarh,2033,1.2918623060394503,1.019586797247879,1.6507523221940585
Floor Low (0.6),Chandigarh,2034,1.278592287452721,0.9996927446058461,1.628569029256096
Floor Low (0.6),Chandigarh,2035,1.267514886499951,0.994490626897755,1.6382647782252842
Floor Low (0.6),Chandigarh,2036,1.2548539920577284,0.9783126477397069,1.6192497711678633
Floor Low (0.6),Chandigarh,2037,1.246951228722284,0.9673654379616666,1.6041571424466938
Floor Low (0.6),Chandigarh,2038,1.2369860959792418,0.9488580245462402,1.5926638937948199
Floor Low (0.6),Chandigarh,2039,1.2231758936884796,0.9416748974678766,1.5936380425337324
Floor Low (0.6),Chandigarh,2040,1.2125715633854477,0.9288537329558113,1.5828290636992164
Floor Low (0.6),Chandigarh,2041,1.2040028396253124,0.9110885219380948,1.5748342737001404
Floor Low (0.6),Chandigarh,2042,1.1938174115168345,0.9012862972610431,1.5635284116886978
Floor Low (0.6),Chandigarh,2043,1.1818302849333322,0.8975272571606431,1.555696685801374
Floor Low (0.6),Chandigarh,2044,1.1723023768094154,0.8900461351089177,1.546430869778116
Floor Low (0.6),Chandigarh,2045,1.1655158428849908,0.883722386037264,1.5317045359212784
Floor Low (0.6),Chandigarh,2046,1.1540297180730803,0.867502315833916,1.537612433097918
Floor Low (0.6),Chandigarh,2047,1.1468676162303801,0.8591883844783593,1.5299654041393418
Floor Low (0.6),Chandigarh,2048,1.1407611596669216,0.8532782827417861,1.5205584474397442
Floor Low (0.6),Chandigarh,2049,1.1318572140176357,0.8468133115108499,1.5263294382998933
Floor Low (0.6),Chandigarh,2050,1.1257533410659848,0.8386368960848631,1.5071693223481588
Floor Low (0.6),Chhattisgarh,2024,2.1681331324451767,1.9956508218214806,2.3546991530528874
Floor Low (0.6),Chhattisgarh,2025,2.1433276944654893,1.9468553004635467,2.357959193785239
Floor Low (0.6),Chhattisgarh,2026,2.117571404548235,1.9005778728749134,2.367578413166765
Floor Low (0.6),Chhattisgarh,2027,2.0909574095029484,1.8567049819362247,2.3607797078648742
Floor Low (0.6),Chhattisgarh,2028,2.064683113034036,1.8157027491819935,2.3566170754541815
Floor Low (0.6),Chhattisgarh,2029,2.041175609321346,1.7819053858381173,2.3434904606122293
Floor Low (0.6),Chhattisgarh,2030,2.01683246759439,1.7543465963526932,2.3324261887149897
Floor Low (0.6),Chhattisgarh,2031,1.995683841287724,1.7199769215669933,2.3157425832134906
Floor Low (0.6),Chhattisgarh,2032,1.972319070725507,1.6854107557799798,2.306870584281981
Floor Low (0.6),Chhattisgarh,2033,1.9531006335269834,1.6550897808914746,2.2993263687793606
Floor Low (0.6),Chhattisgarh,2034,1.9327722250342987,1.6220215353175143,2.289826746269415
Floor Low (0.6),Chhattisgarh,2035,1.9096794575303129,1.6013984403391817,2.2874427048578467
Floor Low (0.6),Chhattisgarh,2036,1.8873914332746788,1.574590763291098,2.265014129862992
Floor Low (0.6),Chhattisgarh,2037,1.8648960082679258,1.5508586483982152,2.2499841659605013
Floor Low (0.6),Chhattisgarh,2038,1.8478765427713193,1.5248577720822938,2.227129609255854
Floor Low (0.6),Chhattisgarh,2039,1.8310231610301084,1.5007677356369187,2.2282999953924683
Floor Low (0.6),Chhattisgarh,2040,1.8123676860799414,1.4749622511979665,2.2123192283399744
Floor Low (0.6),Chhattisgarh,2041,1.7923593444611314,1.4466756800880836,2.199162408864404
Floor Low (0.6),Chhattisgarh,2042,1.7725844253229237,1.432737637463441,2.181881322828962
Floor Low (0.6),Chhattisgarh,2043,1.7554744482756117,1.4127969439293666,2.172461074842271
Floor Low (0.6),Chhattisgarh,2044,1.7388409471435975,1.3959044395948723,2.158213970818927
Floor Low (0.6),Chhattisgarh,2045,1.721901985238556,1.3750734443220076,2.1403744415645916
Floor Low (0.6),Chhattisgarh,2046,1.707481076460904,1.3625740300433444,2.1287389309478137
Floor Low (0.6),Chhattisgarh,2047,1.689592687409618,1.3489654791304502,2.1170076669443567
Floor Low (0.6),Chhattisgarh,2048,1.6755816918935849,1.3300837189152166,2.101508041675285
Floor Low (0.6),Chhattisgarh,2049,1.6609991074605412,1.3154862994916912,2.091424203572156
Floor Low (0.6),Chhattisgarh,2050,1.6448400948520434,1.2961603316288186,2.0800101341153487
Floor Low (0.6),Dadra & Nagar Haveli and Daman & Diu,2023,1.9457430746800928,1.657448921597493,2.2613734451435215
Floor Low (0.6),Dadra & Nagar Haveli and Daman & Diu,2024,1.9225582263797836,1.6311075408827604,2.2550323156410492
Floor Low (0.6),Dadra & Nagar Haveli and Daman & Diu,2025,1.9019001964375835,1.6078055575147567,2.242186509000532
Floor Low (0.6),Dadra & Nagar Haveli and Daman & Diu,2026,1.8813133271153122,1.5708853014066344,2.2260791761535996
Floor Low (0.6),Dadra & Nagar Haveli and Daman & Diu,2027,1.8614596415771536,1.5526971268808771,2.2124768379486626
Floor Low (0.6),Dadra & Nagar Haveli and Daman & Diu,2028,1.8410086056642936,1.5297024441796299,2.217595858628477
Floor Low (0.6),Dadra & Nagar Haveli and Daman & Diu,2029,1.8218132014496884,1.4976406969211038,2.1823654809403457
Floor Low (0.6),Dadra & Nagar Haveli and Daman & Diu,2030,1.8013181371104023,1.4701230550580264,2.189193851457625
Floor Low (0.6),Dadra & Nagar Haveli and Daman & Diu,2031,1.7832886367323941,1.4625075522245248,2.1690580402183013
Floor Low (0.6),Dadra & Nagar Haveli and Daman & Diu,2032,1.7657208720937607,1.438681592908749,2.1563552467777036
Floor Low (0.6),Dadra & Nagar Haveli and Daman & Diu,2033,1.7454815038696836,1.4142934320487457,2.148638896853955
Floor Low (0.6),Dadra & Nagar Haveli and Daman & Diu,2034,1.7307810688157788,1.396096620049827,2.142594263288769
Floor Low (0.6),Dadra & Nagar Haveli and Daman & Diu,2035,1.7136260915371855,1.3795085636998938,2.13265021202845
Floor Low (0.6),Dadra & Nagar Haveli and Daman & Diu,2036,1.700247120550976,1.3630905446013608,2.112110717527169
Floor Low (0.6),Dadra & Nagar Haveli and Daman & Diu,2037,1.6856376329227782,1.3504638900280117,2.1092201309644074
Floor Low (0.6),Dadra & Nagar Haveli and Daman & Diu,2038,1.66847555052542,1.328320803181493,2.094055266840651
Floor Low (0.6),Dadra & Nagar Haveli and Daman & Diu,2039,1.650065759236344,1.3108900293592727,2.0849502206037385
Floor Low (0.6),Dadra & Nagar Haveli and Daman & Diu,2040,1.6395550187606787,1.2956780763949776,2.0730004260175
Floor Low (0.6),Dadra & Nagar Haveli and Daman & Diu,2041,1.62389026096354,1.277540134066371,2.0610309993828704
Floor Low (0.6),Dadra & Nagar Haveli and Daman & Diu,2042,1.6100659623267337,1.2619411583196196,2.044357454790032
Floor Low (0.6),Dadra & Nagar Haveli and Daman & Diu,2043,1.5958410159268235,1.251356642862598,2.032747870367154
Floor Low (0.6),Dadra & Nagar Haveli and Daman & Diu,2044,1.5825796019909306,1.233502413075012,2.022834354697231
Floor Low (0.6),Dadra & Nagar Haveli and Daman & Diu,2045,1.5667634634018106,1.2245411440190066,2.005908545200542
Floor Low (0.6),Dadra & Nagar Haveli and Daman & Diu,2046,1.5522889989404542,1.2078342615250162,1.9955433048361375
Floor Low (0.6),Dadra & Nagar Haveli and Daman & Diu,2047,1.54099537766522,1.1977628922105195,1.9641066333640222
Floor Low (0.6),Dadra & Nagar Haveli and Daman & Diu,2048,1.530552181476681,1.18136427823285,1.9525448571492616
Floor Low (0.6),Dadra & Nagar Haveli and Daman & Diu,2049,1.5220800602950497,1.167558480436874,1.9455048914635469
Floor Low (0.6),Dadra & Nagar Haveli and Daman & Diu,2050,1.5084285908353698,1.1573313235061773,1.9366012000015196
Floor Low (0.6),Delhi,2024,1.2908148166119808,1.1750696731254977,1.412568755556866
Floor Low (0.6),Delhi,2025,1.28391359214453,1.1531777751835437,1.4245893715721332
Floor Low (0.6),Delhi,2026,1.2734165342317152,1.132092641763538,1.4324389349185276
Floor Low (0.6),Delhi,2027,1.265958590786811,1.110485303320806,1.4373594054943761
Floor Low (0.6),Delhi,2028,1.2538246394113646,1.088562249180897,1.4447944288617174
Floor Low (0.6),Delhi,2029,1.246593914986935,1.0681412138070219,1.4483380450662093
Floor Low (0.6),Delhi,2030,1.2380194293311653,1.0584624953751702,1.4561294061566412
Floor Low (0.6),Delhi,2031,1.2310156180245633,1.0457772551995241,1.4507523124041801
Floor Low (0.6),Delhi,2032,1.2228118531827596,1.0312817320604173,1.4542683955537745
Floor Low (0.6),Delhi,2033,1.2166005066008931,1.013509179636014,1.4552960097625427
Floor Low (0.6),Delhi,2034,1.2102376336461018,1.0004253820887135,1.4647530813466372
Floor Low (0.6),Delhi,2035,1.2011383151959931,0.9909232589226548,1.4620973985354762
Floor Low (0.6),Delhi,2036,1.1933126387479056,0.9776288789310954,1.4619155749722463
Floor Low (0.6),Delhi,2037,1.1853923235928185,0.9636613310169073,1.4654527729658746
Floor Low (0.6),Delhi,2038,1.1810770294377742,0.9493847882874096,1.4520098932719798
Floor Low (0.6),Delhi,2039,1.1768996454511567,0.9425634266222037,1.4534802526218493
Floor Low (0.6),Delhi,2040,1.170999668880843,0.9323720488985999,1.4570106673857934
Floor Low (0.6),Delhi,2041,1.1622529980398528,0.9234447328543961,1.4573927282992938
Floor Low (0.6),Delhi,2042,1.1581278023223385,0.9150005367832836,1.458167539413427
Floor Low (0.6),Delhi,2043,1.1506328813457403,0.9063336133809549,1.4533232993430631
Floor Low (0.6),Delhi,2044,1.1456709218660077,0.8996662061902675,1.4592057321111327
Floor Low (0.6),Delhi,2045,1.1408758474738026,0.892857479396085,1.4603099100425567
Floor Low (0.6),Delhi,2046,1.1328480832405128,0.8871256424319328,1.4478910023567744
Floor Low (0.6),Delhi,2047,1.1258372084320554,0.882156697001901,1.4453549008410516
Floor Low (0.6),Delhi,2048,1.1189005545138315,0.871040813905667,1.4445796543153822
Floor Low (0.6),Delhi,2049,1.11444112669638,0.8646340537474271,1.447357177673369
Floor Low (0.6),Delhi,2050,1.1105598636223915,0.8522687593521955,1.4440448706429165
Floor Low (0.6),Goa,2023,1.3390259418709611,1.130614360217276,1.5798679227575643
Floor Low (0.6),Goa,2024,1.3276406776911314,1.1102959329445883,1.5833547504169982
Floor Low (0.6),Goa,2025,1.3142116230392766,1.0894987553575572,1.5859611654527528
Floor Low (0.6),Goa,2026,1.302074973494308,1.0682865182312098,1.5900598915058648
Floor Low (0.6),Goa,2027,1.294106240222085,1.0544349679085476,1.5813270720394907
Floor Low (0.6),Goa,2028,1.2818456477148985,1.0399437701019516,1.5789042104281183
Floor Low (0.6),Goa,2029,1.2701361389408827,1.0241240284132052,1.571943374362936
Floor Low (0.6),Goa,2030,1.261081914457018,1.0108519252221624,1.5652815968874518
Floor Low (0.6),Goa,2031,1.2487647518936416,0.9985046448253461,1.5557772340152536
Floor Low (0.6),Goa,2032,1.240340716106651,0.9830927268757184,1.546513067360483
Floor Low (0.6),Goa,2033,1.2302330729748387,0.9717369218674502,1.5457683445333026
Floor Low (0.6),Goa,2034,1.2189378709551741,0.9581318385220716,1.5391580202583088
Floor Low (0.6),Goa,2035,1.2123132008760764,0.9461940372281659,1.5383364808433526
Floor Low (0.6),Goa,2036,1.204123192350492,0.9367619919673057,1.5372891406902105
Floor Low (0.6),Goa,2037,1.1967730647879629,0.9287461177753757,1.5309542547096242
Floor Low (0.6),Goa,2038,1.18694078401888,0.9152291321947825,1.5163894690092337
Floor Low (0.6),Goa,2039,1.1787715828987282,0.903494795602545,1.5053830905267571
Floor Low (0.6),Goa,2040,1.1709471722683862,0.8955658991085393,1.5054552515344584
Floor Low (0.6),Goa,2041,1.1624945040470722,0.8822749023267004,1.4999592224383937
Floor Low (0.6),Goa,2042,1.1587117674707854,0.8680822784105653,1.5084340038237367
Floor Low (0.6),Goa,2043,1.1505185670941558,0.8689440880395032,1.5054722876314413
Floor Low (0.6),Goa,2044,1.143713424123022,0.8586088462424112,1.5016075550788273
Floor Low (0.6),Goa,2045,1.1359964834143825,0.8539110378022582,1.493240421822423
Floor Low (0.6),Goa,2046,1.1304117708838526,0.8442920548112889,1.4869244765926257
Floor Low (0.6),Goa,2047,1.1231935333197272,0.8402504715757527,1.4776594225874788
Floor Low (0.6),Goa,2048,1.119865905523892,0.8358272352610654,1.4682056020328524
Floor Low (0.6),Goa,2049,1.1162341787856973,0.8261160734794286,1.4615767499562313
Floor Low (0.6),Goa,2050,1.1078366766830507,0.8219777971995722,1.4656504891521935
Floor Low (0.6),Gujarat,2024,1.8415626842295434,1.6827749948189732,2.0204530893271904
Floor Low (0.6),Gujarat,2025,1.818404802776441,1.632983866595312,2.009221581035755
Floor Low (0.6),Gujarat,2026,1.7956870997062628,1.5884369545429857,2.0170066217128815
Floor Low (0.6),Gujarat,2027,1.7709752955401858,1.5527473401828515,2.0178803783636385
Floor Low (0.6),Gujarat,2028,1.7493512801288778,1.5119200079600306,2.0137231771336124
Floor Low (0.6),Gujarat,2029,1.7250935942646102,1.486381202849766,2.0042605407499887
Floor Low (0.6),Gujarat,2030,1.7015167563716078,1.4488074969444449,2.0021801310967
Floor Low (0.6),Gujarat,2031,1.6828002352950597,1.420205486759192,1.9969083369568161
Floor Low (0.6),Gujarat,2032,1.6623266223211015,1.3922699876749307,1.9866111272997138
Floor Low (0.6),Gujarat,2033,1.6432059299139383,1.3699344261459803,1.9702794765306662
Floor Low (0.6),Gujarat,2034,1.6255244946643579,1.3452102680425837,1.9603789313564306
Floor Low (0.6),Gujarat,2035,1.603966244990731,1.3251119779702816,1.9507204909265101
Floor Low (0.6),Gujarat,2036,1.5876213066345968,1.302248456936009,1.9426712020145842
Floor Low (0.6),Gujarat,2037,1.5737951716805527,1.2748390466489021,1.9237655906663371
Floor Low (0.6),Gujarat,2038,1.557411064463555,1.2573076941621693,1.9200519855739084
Floor Low (0.6),Gujarat,2039,1.54170660165659,1.2398047140068125,1.8975936271524836
Floor Low (0.6),Gujarat,2040,1.526903740865016,1.222863150216652,1.8912467930267456
Floor Low (0.6),Gujarat,2041,1.5099837623766312,1.2117978345038374,1.8946707021047873
Floor Low (0.6),Gujarat,2042,1.4963332855776459,1.1934733335703427,1.8792826609262843
Floor Low (0.6),Gujarat,2043,1.4836021010640237,1.1689846691193313,1.873008501714546
Floor Low (0.6),Gujarat,2044,1.4686994837307297,1.1528625388357008,1.8572404063806132
Floor Low (0.6),Gujarat,2045,1.4547435207234893,1.1297298335002521,1.8421621292970347
Floor Low (0.6),Gujarat,2046,1.4414923139740603,1.1188311013906809,1.8328777001120655
Floor Low (0.6),Gujarat,2047,1.4297520391750775,1.1004967289886156,1.824432391359691
Floor Low (0.6),Gujarat,2048,1.4136907483081318,1.089009671065272,1.824882025223786
Floor Low (0.6),Gujarat,2049,1.4025324814371418,1.0725764131559614,1.8045998744984233
Floor Low (0.6),Gujarat,2050,1.3894726146043959,1.064525458921181,1.797035405336677
Floor Low (0.6),Haryana,2024,1.9061396933539907,1.7424297116565366,2.0804892029563127
Floor Low (0.6),Haryana,2025,1.8792226655973079,1.683078752315878,2.0920645460228227
Floor Low (0.6),Haryana,2026,1.8545230119735208,1.638450150617729,2.082922027093117
Floor Low (0.6),Haryana,2027,1.8292122749042639,1.597654082790136,2.0894173718130853
Floor Low (0.6),Haryana,2028,1.8033146638639885,1.5652628199382415,2.079589729036943
Floor Low (0.6),Haryana,2029,1.7809243896618587,1.524514399933728,2.070636999166564
Floor Low (0.6),Haryana,2030,1.7594981403705878,1.4928115223187557,2.065134170058061
Floor Low (0.6),Haryana,2031,1.7382541155039146,1.4674461207719556,2.060243094428628
Floor Low (0.6),Haryana,2032,1.7153818174017472,1.4380421585471077,2.038993005971282
Floor Low (0.6),Haryana,2033,1.695352582870632,1.4118496848788087,2.02521336798332
Floor Low (0.6),Haryana,2034,1.6769085585564962,1.3857334531855237,2.012873712085319
Floor Low (0.6),Haryana,2035,1.655615149622236,1.3537456308270825,2.0052415458501454
Floor Low (0.6),Haryana,2036,1.6370725921970464,1.3335095141823827,1.9847840694215675
Floor Low (0.6),Haryana,2037,1.6171274109086886,1.311923232744068,1.982671733689759
Floor Low (0.6),Haryana,2038,1.5966429665239126,1.2994675829227171,1.9738632259776852
Floor Low (0.6),Haryana,2039,1.5801393570340352,1.275128882710982,1.9581314683403679
Floor Low (0.6),Haryana,2040,1.5672897116733493,1.2514533781904402,1.959564497456304
Floor Low (0.6),Haryana,2041,1.551552904684678,1.2353154451222825,1.9418176054599974
Floor Low (0.6),Haryana,2042,1.5339610688786212,1.2158431816625324,1.9352956442237002
Floor Low (0.6),Haryana,2043,1.5163504462083741,1.200262016728352,1.9171921148274331
Floor Low (0.6),Haryana,2044,1.50171382642645,1.1856642695759239,1.918365344247945
Floor Low (0.6),Haryana,2045,1.4887391202977134,1.1663839172514552,1.892702324616299
Floor Low (0.6),Haryana,2046,1.4755849646526784,1.1528747119012726,1.883633688643284
Floor Low (0.6),Haryana,2047,1.4637071204523382,1.1335280415837585,1.8640343863401634
Floor Low (0.6),Haryana,2048,1.4489994860638542,1.1237304312973184,1.8583945371709558
Floor Low (0.6),Haryana,2049,1.4316181270299362,1.1127919535762838,1.8438362364034786
Floor Low (0.6),Haryana,2050,1.4182146742538242,1.0950368999111715,1.8360668060910004
Floor Low (0.6),Himachal Pradesh,2024,1.5252819239764412,1.3752252169100188,1.6960481960342184
Floor Low (0.6),Himachal Pradesh,2025,1.505682716800338,1.333958167006767,1.7033735031226445
Floor Low (0.6),Himachal Pradesh,2026,1.4854022579161155,1.2945725428866675,1.7055256035672945
Floor Low (0.6),Himachal Pradesh,2027,1.4665322466469672,1.2650340942248073,1.705905904602235
Floor Low (0.6),Himachal Pradesh,2028,1.4470774875136363,1.2306506473455696,1.7019248132100764
Floor Low (0.6),Himachal Pradesh,2029,1.4305961069580353,1.2007436432566683,1.6924532591320778
Floor Low (0.6),Himachal Pradesh,2030,1.4124900149425208,1.1811835460346725,1.6847692232090734
Floor Low (0.6),Himachal Pradesh,2031,1.3945832403666398,1.1499849724279845,1.6846580830511404
Floor Low (0.6),Himachal Pradesh,2032,1.3774261993028245,1.1272573205895897,1.6826957113515706
Floor Low (0.6),Himachal Pradesh,2033,1.3619112334218506,1.113232018969132,1.6762228933971832
Floor Low (0.6),Himachal Pradesh,2034,1.3453406143549573,1.091047802215502,1.6663721013978814
Floor Low (0.6),Himachal Pradesh,2035,1.336649727138414,1.0729668793162024,1.6476729449030079
Floor Low (0.6),Himachal Pradesh,2036,1.3196692797601672,1.049778047275934,1.6497383440834015
Floor Low (0.6),Himachal Pradesh,2037,1.3034434103551535,1.0292670193299218,1.6301896703199847
Floor Low (0.6),Himachal Pradesh,2038,1.2903060438686742,1.0161667327986161,1.6254338649506253
Floor Low (0.6),Himachal Pradesh,2039,1.2753408914729678,1.0023328003190537,1.6230966905755992
Floor Low (0.6),Himachal Pradesh,2040,1.2627512479299297,0.9894063744941999,1.61300491633468
Floor Low (0.6),Himachal Pradesh,2041,1.2512464938296513,0.9788859204081645,1.6080528630630055
Floor Low (0.6),Himachal Pradesh,2042,1.2411732551052994,0.9621725687690871,1.5907245470416462
Floor Low (0.6),Himachal Pradesh,2043,1.2288048206945201,0.9549594960488208,1.5931009910126737
Floor Low (0.6),Himachal Pradesh,2044,1.219214640136407,0.9406956495438753,1.5771703876715464
Floor Low (0.6),Himachal Pradesh,2045,1.210007236370803,0.9281444142528559,1.569274370986314
Floor Low (0.6),Himachal Pradesh,2046,1.2035285267249751,0.9148862478391366,1.565919280521847
Floor Low (0.6),Himachal Pradesh,2047,1.1931059788453078,0.9063850366686437,1.5654963283963546
Floor Low (0.6),Himachal Pradesh,2048,1.1811544343472251,0.8894902530771948,1.5493206429142534
Floor Low (0.6),Himachal Pradesh,2049,1.174250858321479,0.8787751863788079,1.5388966027260285
Floor Low (0.6),Himachal Pradesh,2050,1.164542992073806,0.866098103429143,1.5271612815894677
Floor Low (0.6),Jammu & Kashmir,2024,1.4972362823832013,1.369336704230509,1.6462160887992316
Floor Low (0.6),Jammu & Kashmir,2025,1.483393808215299,1.334942430126768,1.6542322115938743
Floor Low (0.6),Jammu & Kashmir,2026,1.4693477420937002,1.3055579716116206,1.6667884003616824
Floor Low (0.6),Jammu & Kashmir,2027,1.4536648054215666,1.279837819801021,1.6665838016854109
Floor Low (0.6),Jammu & Kashmir,2028,1.4402171888914408,1.2527290800721083,1.6687126396048246
Floor Low (0.6),Jammu & Kashmir,2029,1.4284926672273253,1.2341315421188441,1.672655030206427
Floor Low (0.6),Jammu & Kashmir,2030,1.4138199093749972,1.2092347805208834,1.6670214422285468
Floor Low (0.6),Jammu & Kashmir,2031,1.4023191127635495,1.1861843777556416,1.6623462324866405
Floor Low (0.6),Jammu & Kashmir,2032,1.392444778703025,1.1670387046591926,1.6624865675174783
Floor Low (0.6),Jammu & Kashmir,2033,1.378509080270585,1.1486478699131168,1.6606996934962064
Floor Low (0.6),Jammu & Kashmir,2034,1.3653683779483738,1.1373160897989052,1.6521476573921927
Floor Low (0.6),Jammu & Kashmir,2035,1.3541740580226396,1.1174137907984727,1.6478990089241021
Floor Low (0.6),Jammu & Kashmir,2036,1.3447145086564645,1.1021945564984346,1.6453577909782624
Floor Low (0.6),Jammu & Kashmir,2037,1.3340484206881607,1.086150011028114,1.6364506505338758
Floor Low (0.6),Jammu & Kashmir,2038,1.3211667637223639,1.0752867682893985,1.6334721999897668
Floor Low (0.6),Jammu & Kashmir,2039,1.3144461099552043,1.0606862209091972,1.6226280009610605
Floor Low (0.6),Jammu & Kashmir,2040,1.3031228368656473,1.04502488696803,1.6232620761981562
Floor Low (0.6),Jammu & Kashmir,2041,1.293838608791208,1.0370932596010911,1.6173503798463849
Floor Low (0.6),Jammu & Kashmir,2042,1.286259572778453,1.0251749994548645,1.6155805700386263
Floor Low (0.6),Jammu & Kashmir,2043,1.2772525489600932,1.0069922261276725,1.6157524639552918
Floor Low (0.6),Jammu & Kashmir,2044,1.2670302909645632,0.993116726528352,1.606405856426502
Floor Low (0.6),Jammu & Kashmir,2045,1.2569764871457791,0.984914253277798,1.59882554447364
Floor Low (0.6),Jammu & Kashmir,2046,1.248789580175002,0.9735507217383373,1.5967096501340332
Floor Low (0.6),Jammu & Kashmir,2047,1.239928743514716,0.972635328304719,1.5936434376904751
Floor Low (0.6),Jammu & Kashmir,2048,1.2322133052909798,0.9571139483509241,1.5847387904008798
Floor Low (0.6),Jammu & Kashmir,2049,1.2244743745148954,0.9510057097780759,1.578822132898535
Floor Low (0.6),Jammu & Kashmir,2050,1.2165565804595575,0.9455884016053491,1.5747676080511868
Floor Low (0.6),Jharkhand,2024,2.1723243055723733,1.9983010673565298,2.358194268162208
Floor Low (0.6),Jharkhand,2025,2.1466263241735204,1.9485298583723822,2.3621136803051663
Floor Low (0.6),Jharkhand,2026,2.1208638525944363,1.9021690998898677,2.3578024333965364
Floor Low (0.6),Jharkhand,2027,2.09679806387803,1.8613464354784448,2.3539569563633607
Floor Low (0.6),Jharkhand,2028,2.074479667787922,1.8189916301284221,2.3413877659440656
Floor Low (0.6),Jharkhand,2029,2.0498778565922393,1.7883928241487577,2.3354697166538854
Floor Low (0.6),Jharkhand,2030,2.0282136291644757,1.7508183620027646,2.3246804272899113
Floor Low (0.6),Jharkhand,2031,2.0065457645109497,1.7196471483473166,2.314309981657375
Floor Low (0.6),Jharkhand,2032,1.9834829613096212,1.690295346757672,2.3055836147432833
Floor Low (0.6),Jharkhand,2033,1.9626206280703375,1.6617282451522308,2.307393958712748
Floor Low (0.6),Jharkhand,2034,1.9393856919150645,1.6330693713844853,2.305625476810024
Floor Low (0.6),Jharkhand,2035,1.921441698680017,1.6077285614069932,2.282667494095349
Floor Low (0.6),Jharkhand,2036,1.9009617565869301,1.5899299481178344,2.268943220770379
Floor Low (0.6),Jharkhand,2037,1.8853034850232144,1.5604997273829115,2.270538947681934
Floor Low (0.6),Jharkhand,2038,1.863749101154486,1.539310215818697,2.260005101931539
Floor Low (0.6),Jharkhand,2039,1.8461099647741102,1.5188053797089396,2.2404651931755106
Floor Low (0.6),Jharkhand,2040,1.8282805299202962,1.4949765113825095,2.227103375965108
Floor Low (0.6),Jharkhand,2041,1.8138975475260173,1.4731813223709296,2.210178093952624
Floor Low (0.6),Jharkhand,2042,1.79434346094397,1.4504344822229627,2.1961729788313473
Floor Low (0.6),Jharkhand,2043,1.776991270185929,1.4319073716491264,2.18770313791153
Floor Low (0.6),Jharkhand,2044,1.7625063618171855,1.424578560712734,2.1627457375038595
Floor Low (0.6),Jharkhand,2045,1.7447724657783783,1.4033293609375497,2.157286694418786
Floor Low (0.6),Jharkhand,2046,1.7299000331239875,1.3804888174575378,2.1460373911014106
Floor Low (0.6),Jharkhand,2047,1.716000455121775,1.3620084927116625,2.133658740213768
Floor Low (0.6),Jharkhand,2048,1.6996127083124402,1.3458396788642013,2.1098427346099426
Floor Low (0.6),Jharkhand,2049,1.6833206043769247,1.3248995061481277,2.102565201580508
Floor Low (0.6),Jharkhand,2050,1.6685946883287555,1.3137491965365395,2.084296760059742
Floor Low (0.6),Karnataka,2024,1.520179782660281,1.3758532832566859,1.6881262666428691
Floor Low (0.6),Karnataka,2025,1.4995838609543966,1.3327761297512215,1.6979630726854824
Floor Low (0.6),Karnataka,2026,1.4801672313606096,1.2930849990123006,1.6947699287805138
Floor Low (0.6),Karnataka,2027,1.461977139712323,1.2618268315084387,1.694891458942277
Floor Low (0.6),Karnataka,2028,1.4442916889876267,1.2306921469169179,1.6939698985369405
Floor Low (0.6),Karnataka,2029,1.4237443816925217,1.2031163522151471,1.6904063592846446
Floor Low (0.6),Karnataka,2030,1.4077268585359048,1.1782452003987973,1.6887642050278315
Floor Low (0.6),Karnataka,2031,1.3893651260916162,1.1464126295129204,1.685524906003751
Floor Low (0.6),Karnataka,2032,1.3772403303366847,1.1296495941269118,1.675718173841369
Floor Low (0.6),Karnataka,2033,1.3601565161046176,1.1097606001811422,1.6691068319781348
Floor Low (0.6),Karnataka,2034,1.343442988850444,1.0829073576797599,1.6661900986211857
Floor Low (0.6),Karnataka,2035,1.326996791629424,1.0673670729859628,1.6569898821803293
Floor Low (0.6),Karnataka,2036,1.3145574450865838,1.0491195231233812,1.6501982365809194
Floor Low (0.6),Karnataka,2037,1.304916618289918,1.037011445556148,1.6423335650055282
Floor Low (0.6),Karnataka,2038,1.2860877135917512,1.027119148706212,1.6374378732900816
Floor Low (0.6),Karnataka,2039,1.2753824835993113,1.0093249620548672,1.6359776788054798
Floor Low (0.6),Karnataka,2040,1.265582058572222,0.9958283938153542,1.6296893185778933
Floor Low (0.6),Karnataka,2041,1.2526227625798216,0.9813434065539823,1.6201441402740244
Floor Low (0.6),Karnataka,2042,1.2418232922948524,0.964113977004964,1.607110592468788
Floor Low (0.6),Karnataka,2043,1.2334858267812265,0.9541656399681526,1.5987472403274787
Floor Low (0.6),Karnataka,2044,1.2211290594090558,0.946346993263717,1.5847251863218108
Floor Low (0.6),Karnataka,2045,1.2079836656129972,0.9357177289033779,1.5830873357845485
Floor Low (0.6),Karnataka,2046,1.201956154488722,0.9194083276597357,1.5799021962115376
Floor Low (0.6),Karnataka,2047,1.190911890752485,0.9098902223812538,1.581581513989179
Floor Low (0.6),Karnataka,2048,1.1813157958674352,0.8990907983069564,1.5658269134383749
Floor Low (0.6),Karnataka,2049,1.1726777663231356,0.8870317143976179,1.5522777584992216
Floor Low (0.6),Karnataka,2050,1.1638570033927604,0.880146867942309,1.547438253142272
Floor Low (0.6),Kerala,2024,1.485395930870054,1.3478788541116498,1.6342973812502875
Floor Low (0.6),Kerala,2025,1.4668466269791303,1.3128256683628283,1.6418624577943832
Floor Low (0.6),Kerala,2026,1.452970918087927,1.2779067937764983,1.653993614211966
Floor Low (0.6),Kerala,2027,1.4371194599306738,1.2509326640067762,1.6518266642649477
Floor Low (0.6),Kerala,2028,1.4217542958944844,1.2162249112646182,1.6533651465201629
Floor Low (0.6),Kerala,2029,1.4063783091810287,1.1904043527613861,1.6526063149123056
Floor Low (0.6),Kerala,2030,1.3899511317745366,1.176074319336487,1.6565565212729076
Floor Low (0.6),Kerala,2031,1.376265969724432,1.1486366265484047,1.651566127156514
Floor Low (0.6),Kerala,2032,1.3639873184147921,1.1238551545298359,1.647811524040836
Floor Low (0.6),Kerala,2033,1.3499463887363756,1.1110005057968892,1.6501045230053162
Floor Low (0.6),Kerala,2034,1.3397845086767084,1.0911967341942794,1.6475467737243923
Floor Low (0.6),Kerala,2035,1.325402126555453,1.0747236400800257,1.6382078760584777
Floor Low (0.6),Kerala,2036,1.3146279499520646,1.0573043917105627,1.637520802235843
Floor Low (0.6),Kerala,2037,1.3013592681136408,1.0399580007882758,1.6330302608867986
Floor Low (0.6),Kerala,2038,1.2907496658465467,1.0247635056370774,1.6313417135000952
Floor Low (0.6),Kerala,2039,1.281980309509399,1.0118539142211351,1.6180535152838431
Floor Low (0.6),Kerala,2040,1.2729423375492006,1.000011706570945,1.612128055677709
Floor Low (0.6),Kerala,2041,1.2612144481857455,0.988552195899513,1.60169946472491
Floor Low (0.6),Kerala,2042,1.2555428984388515,0.9742749319343025,1.6017993734938607
Floor Low (0.6),Kerala,2043,1.2406506786741314,0.9611466635240765,1.5887836423226218
Floor Low (0.6),Kerala,2044,1.2315778495730747,0.9518860103648472,1.5801481922415912
Floor Low (0.6),Kerala,2045,1.2210422297842822,0.9454028169825376,1.5740414694397256
Floor Low (0.6),Kerala,2046,1.2121018018498695,0.9279847991199531,1.5629371843308073
Floor Low (0.6),Kerala,2047,1.2038721508763681,0.9198641186385268,1.5550598340124688
Floor Low (0.6),Kerala,2048,1.1948541526923728,0.9079208699655704,1.5419492762835907
Floor Low (0.6),Kerala,2049,1.1859721799354355,0.8930141280760184,1.5440996190777416
Floor Low (0.6),Kerala,2050,1.1803274405459838,0.8864277873798517,1.5344885436036502
Floor Low (0.6),Ladakh,2023,1.285406598405448,1.1297910967359082,1.4607206734697122
Floor Low (0.6),Ladakh,2024,1.275492711821359,1.1138696616682495,1.467214839614897
Floor Low (0.6),Ladakh,2025,1.2663109767191596,1.0898145743411465,1.4710421811797858
Floor Low (0.6),Ladakh,2026,1.257162551443453,1.0729296376833732,1.4728345565769914
Floor Low (0.6),Ladakh,2027,1.2488637808202596,1.0564702198015157,1.4785711092329163
Floor Low (0.6),Ladakh,2028,1.2391881491950811,1.0450589900960094,1.4777228357342016
Floor Low (0.6),Ladakh,2029,1.2305815005072611,1.0242801717276437,1.475629043354472
Floor Low (0.6),Ladakh,2030,1.2271134713302594,1.0111688794223095,1.485909825821424
Floor Low (0.6),Ladakh,2031,1.215242907999392,1.0018172271586225,1.4813146203611156
Floor Low (0.6),Ladakh,2032,1.2083883837337048,0.9878203353663115,1.4838481759186959
Floor Low (0.6),Ladakh,2033,1.2041336608964617,0.9797004242769136,1.4791825361662028
Floor Low (0.6),Ladakh,2034,1.1954543447416555,0.9722231431396623,1.4767544957412155
Floor Low (0.6),Ladakh,2035,1.1889780831549563,0.9607388567595535,1.4823470792837143
Floor Low (0.6),Ladakh,2036,1.181417553236039,0.947597706791216,1.4887991948743051
Floor Low (0.6),Ladakh,2037,1.1748588722332443,0.9360674480109705,1.4854418153665807
Floor Low (0.6),Ladakh,2038,1.16930851630051,0.9316362696522733,1.48030591093266
Floor Low (0.6),Ladakh,2039,1.1625043055317676,0.9156586679073948,1.4720210397618219
Floor Low (0.6),Ladakh,2040,1.1564646788975723,0.9128808359610356,1.4730608426320158
Floor Low (0.6),Ladakh,2041,1.1488021311195535,0.8999196982212645,1.4666699480922885
Floor Low (0.6),Ladakh,2042,1.142224057140836,0.8963586770342711,1.4630115879891545
Floor Low (0.6),Ladakh,2043,1.1377910613724125,0.8845059049126626,1.4620065597559375
Floor Low (0.6),Ladakh,2044,1.1289240612278912,0.8808558790060856,1.4570155940712646
Floor Low (0.6),Ladakh,2045,1.1242338365485465,0.8740569669950622,1.4507225829565742
Floor Low (0.6),Ladakh,2046,1.1197504782856775,0.86687619630974,1.4546433672375925
Floor Low (0.6),Ladakh,2047,1.1138479344235401,0.8561298139649463,1.4428287794067278
Floor Low (0.6),Ladakh,2048,1.1103740670020708,0.8498505519290509,1.4400734170285243
Floor Low (0.6),Ladakh,2049,1.1057310315991065,0.8391326096269922,1.4361647532514006
Floor Low (0.6),Ladakh,2050,1.101470684787293,0.8334392454907225,1.4317153783455179
Floor Low (0.6),Lakshadweep,2023,1.5288238069479985,1.2756537616141648,1.8296314378740581
Floor Low (0.6),Lakshadweep,2024,1.5034672730830152,1.245196382575303,1.815087896788216
Floor Low (0.6),Lakshadweep,2025,1.4830939044227167,1.2154712309734554,1.8024646711869523
Floor Low (0.6),Lakshadweep,2026,1.4616622087873261,1.186515666545111,1.7893729378002623
Floor Low (0.6),Lakshadweep,2027,1.4450549053086874,1.1716787088216971,1.7809930149139457
Floor Low (0.6),Lakshadweep,2028,1.4249849228849754,1.1466501678443004,1.7702904920740932
Floor Low (0.6),Lakshadweep,2029,1.4097379445506222,1.1249899256087852,1.756356862032278
Floor Low (0.6),Lakshadweep,2030,1.3937666201368344,1.1081561071142565,1.7451428523569135
Floor Low (0.6),Lakshadweep,2031,1.3799120297460616,1.0907888714129896,1.7372335293082997
Floor Low (0.6),Lakshadweep,2032,1.3636272063599257,1.071314772723691,1.717907563197577
Floor Low (0.6),Lakshadweep,2033,1.344631055520579,1.0496404694964518,1.7107764192282024
Floor Low (0.6),Lakshadweep,2034,1.3329639338592387,1.0338221792429378,1.710447202600503
Floor Low (0.6),Lakshadweep,2035,1.3153151868262598,1.0215121011288097,1.6968491852560046
Floor Low (0.6),Lakshadweep,2036,1.302489606662064,1.0011149772278236,1.6838646089813012
Floor Low (0.6),Lakshadweep,2037,1.2910848409780986,0.9982718602769767,1.6715665903746044
Floor Low (0.6),Lakshadweep,2038,1.2793378386008638,0.978538492550379,1.6557892369040685
Floor Low (0.6),Lakshadweep,2039,1.2663847993177326,0.9667811009748651,1.6398466196368011
Floor Low (0.6),Lakshadweep,2040,1.2516098923995236,0.9539758047780934,1.640077777427389
Floor Low (0.6),Lakshadweep,2041,1.2356565061096376,0.9442942579868698,1.6213542273842645
Floor Low (0.6),Lakshadweep,2042,1.2267413005160086,0.9281881842573781,1.6113527277636406
Floor Low (0.6),Lakshadweep,2043,1.219223737581408,0.9221833817036994,1.605402527324177
Floor Low (0.6),Lakshadweep,2044,1.208077177180786,0.9129906483902333,1.5905063217682143
Floor Low (0.6),Lakshadweep,2045,1.2006023378379205,0.9036526647736545,1.5838107500028042
Floor Low (0.6),Lakshadweep,2046,1.1905353948892876,0.8901362357649654,1.5816873379240917
Floor Low (0.6),Lakshadweep,2047,1.1798039075625604,0.8804901696224113,1.579461540709388
Floor Low (0.6),Lakshadweep,2048,1.16969773880796,0.869984379427663,1.566062879229669
Floor Low (0.6),Lakshadweep,2049,1.1616434080334468,0.8612530697481285,1.5630547864238524
Floor Low (0.6),Lakshadweep,2050,1.15207652460513,0.8507833752286793,1.5547780214603846
Floor Low (0.6),Madhya Pradesh,2024,2.4142856435786877,2.2133936504748917,2.6212511347728724
Floor Low (0.6),Madhya Pradesh,2025,2.3830581741164476,2.1588513188690817,2.6167640815666737
Floor Low (0.6),Madhya Pradesh,2026,2.3518827831286155,2.104879447441574,2.616442637010915
Floor Low (0.6),Madhya Pradesh,2027,2.3202092545190096,2.057910238982163,2.60997907611381
Floor Low (0.6),Madhya Pradesh,2028,2.285873691986289,2.012825916978955,2.6019877635786597
Floor Low (0.6),Madhya Pradesh,2029,2.258108575767145,1.9693037858254583,2.579968028252844
Floor Low (0.6),Madhya Pradesh,2030,2.225897284643115,1.93602544825692,2.5681227773601543
Floor Low (0.6),Madhya Pradesh,2031,2.197498654735365,1.8948122055335348,2.553905590063967
Floor Low (0.6),Madhya Pradesh,2032,2.177442775681071,1.853192462704985,2.537222091833887
Floor Low (0.6),Madhya Pradesh,2033,2.1455572580569457,1.8213634532866574,2.5159987069660454
Floor Low (0.6),Madhya Pradesh,2034,2.1215710983285856,1.7887167984003496,2.5054639007539494
Floor Low (0.6),Madhya Pradesh,2035,2.097371437661268,1.7587229813140157,2.485227809970765
Floor Low (0.6),Madhya Pradesh,2036,2.06895939530446,1.7256280349766477,2.4655358706373396
Floor Low (0.6),Madhya Pradesh,2037,2.043945894125875,1.6971703918777716,2.4566095750782497
Floor Low (0.6),Madhya Pradesh,2038,2.024082675467103,1.6630339075095062,2.4410153635252483
Floor Low (0.6),Madhya Pradesh,2039,1.9985912683226092,1.6384483516833388,2.4155361195840293
Floor Low (0.6),Madhya Pradesh,2040,1.9771462768895274,1.6128412968585923,2.4073470045018572
Floor Low (0.6),Madhya Pradesh,2041,1.9491754439919207,1.5888527584380518,2.3822090995311043
Floor Low (0.6),Madhya Pradesh,2042,1.9289397671079267,1.5641943356631345,2.3785991256669057
Floor Low (0.6),Madhya Pradesh,2043,1.9080631609584287,1.5384053854655695,2.3670280903589704
Floor Low (0.6),Madhya Pradesh,2044,1.891178201058323,1.5155537745640013,2.3499869541831346
Floor Low (0.6),Madhya Pradesh,2045,1.8706754625575104,1.4933636284315446,2.3279769472331204
Floor Low (0.6),Madhya Pradesh,2046,1.8459714349693874,1.4715919968642495,2.316429582576355
Floor Low (0.6),Madhya Pradesh,2047,1.8274340136972778,1.443879575738778,2.2913913349020745
Floor Low (0.6),Madhya Pradesh,2048,1.8081880697293244,1.4240326219602404,2.273178087326645
Floor Low (0.6),Madhya Pradesh,2049,1.7887655207004594,1.4098214024173805,2.248469158145262
Floor Low (0.6),Madhya Pradesh,2050,1.7689085065276546,1.3889010717569368,2.244650699113602
Floor Low (0.6),Maharashtra,2024,1.4536056369491055,1.3233541084493232,1.5916599351053646
Floor Low (0.6),Maharashtra,2025,1.4407051377861428,1.2896289209144622,1.5990550229745484
Floor Low (0.6),Maharashtra,2026,1.42564144266892,1.260973320800629,1.600584388664902
Floor Low (0.6),Maharashtra,2027,1.4134931735264507,1.235333089956843,1.6105089554085978
Floor Low (0.6),Maharashtra,2028,1.4022098944471715,1.2143520457027237,1.6160980609621236
Floor Low (0.6),Maharashtra,2029,1.389892745275206,1.1837342149023082,1.6124212640432076
Floor Low (0.6),Maharashtra,2030,1.3757361935705457,1.166115487788142,1.6193257030340906
Floor Low (0.6),Maharashtra,2031,1.3670502402830351,1.1434247953258923,1.6137805894772381
Floor Low (0.6),Maharashtra,2032,1.3563558718056512,1.1263258167954444,1.6132645825105134
Floor Low (0.6),Maharashtra,2033,1.3446943022868014,1.1133649353606347,1.6173985235834594
Floor Low (0.6),Maharashtra,2034,1.3325946737231764,1.098877711901777,1.6206956626283004
Floor Low (0.6),Maharashtra,2035,1.3210861516208996,1.081536033613346,1.619234219322806
Floor Low (0.6),Maharashtra,2036,1.311862179154469,1.067577350522104,1.6139335244675954
Floor Low (0.6),Maharashtra,2037,1.3012861551752635,1.0545394134311377,1.6023198634814944
Floor Low (0.6),Maharashtra,2038,1.2918127341743804,1.0397581229271022,1.5880061777886096
Floor Low (0.6),Maharashtra,2039,1.2801141251304196,1.0232052502117603,1.5858383791634465
Floor Low (0.6),Maharashtra,2040,1.2701851812611704,1.017275884651319,1.5826719776449412
Floor Low (0.6),Maharashtra,2041,1.262889753276553,1.004702907736905,1.5862350700446348
Floor Low (0.6),Maharashtra,2042,1.2547142800472102,0.9943357758063949,1.5739215542338492
Floor Low (0.6),Maharashtra,2043,1.2483898375492886,0.987534269445417,1.5748702703096038
Floor Low (0.6),Maharashtra,2044,1.2397822525721178,0.9735983820402937,1.5681911820635661
Floor Low (0.6),Maharashtra,2045,1.2299833781445533,0.9638640422673478,1.5644790209874389
Floor Low (0.6),Maharashtra,2046,1.2224314393591484,0.9599218424465936,1.5539831084627713
Floor Low (0.6),Maharashtra,2047,1.2141358296780926,0.9492929536806926,1.5594358661276146
Floor Low (0.6),Maharashtra,2048,1.207322634060301,0.9382086970182028,1.5461266529805813
Floor Low (0.6),Maharashtra,2049,1.1990284675225038,0.9328225011022938,1.5483659074570357
Floor Low (0.6),Maharashtra,2050,1.1885728047333068,0.9218542990173613,1.5362052508629769
Floor Low (0.6),Manipur,2019,1.5739675005213414,1.379341869441841,1.806592650910612
Floor Low (0.6),Manipur,2020,1.5595497545788675,1.3560320291767007,1.797894191436645
Floor Low (0.6),Manipur,2021,1.5471331316836865,1.3304654699558667,1.7982884866008755
Floor Low (0.6),Manipur,2022,1.5370778922464263,1.3172532280069975,1.7891961890229546
Floor Low (0.6),Manipur,2023,1.522453375376795,1.2990138856963536,1.78395687722421
Floor Low (0.6),Manipur,2024,1.5104478476517773,1.283255978030253,1.7851425589443932
Floor Low (0.6),Manipur,2025,1.4992666606662366,1.267915796163214,1.7800604520835799
Floor Low (0.6),Manipur,2026,1.489842713222068,1.2508074801594316,1.7733717534947244
Floor Low (0.6),Manipur,2027,1.4767488882133843,1.2350903802658624,1.7757255963051097
Floor Low (0.6),Manipur,2028,1.465211780066341,1.2305552258437515,1.7715100479123584
Floor Low (0.6),Manipur,2029,1.4528931239696912,1.2098893851930543,1.773264844525145
Floor Low (0.6),Manipur,2030,1.445777430100962,1.198377325837842,1.7645500638804612
Floor Low (0.6),Manipur,2031,1.4362013214935587,1.1860716213042932,1.7635327900769386
Floor Low (0.6),Manipur,2032,1.4264360250145574,1.1767230932176207,1.7694814447848826
Floor Low (0.6),Manipur,2033,1.4188868379467654,1.161915426165747,1.7585449217508402
Floor Low (0.6),Manipur,2034,1.4108898813148736,1.1487880190503916,1.7541435419021183
Floor Low (0.6),Manipur,2035,1.399151981918388,1.1366960522234024,1.7460586575504347
Floor Low (0.6),Manipur,2036,1.3924213773032266,1.1219487786962055,1.743284215241092
Floor Low (0.6),Manipur,2037,1.3808625414909683,1.107259954158228,1.7360618570552793
Floor Low (0.6),Manipur,2038,1.37232968427629,1.0997742536871593,1.73425067680145
Floor Low (0.6),Manipur,2039,1.3647423695952132,1.0887708276618573,1.712965016529843
Floor Low (0.6),Manipur,2040,1.3590721922220972,1.0800130253270768,1.7146313570124807
Floor Low (0.6),Manipur,2041,1.3497908908180258,1.0693813715843492,1.7026782397008169
Floor Low (0.6),Manipur,2042,1.3410155872242977,1.0614192644076104,1.6990687108773659
Floor Low (0.6),Manipur,2043,1.332439506470612,1.0593231203809603,1.6929093033501448
Floor Low (0.6),Manipur,2044,1.3262737404527494,1.0411605888784916,1.6884557491946628
Floor Low (0.6),Manipur,2045,1.3193622993779528,1.0390212751188046,1.6969075981513402
Floor Low (0.6),Manipur,2046,1.3113022469150186,1.0293650430565897,1.6891023474997395
Floor Low (0.6),Manipur,2047,1.3057723858244543,1.0218029906394506,1.682548303776517
Floor Low (0.6),Manipur,2048,1.3020571311074796,1.008632211276751,1.6813343752661536
Floor Low (0.6),Manipur,2049,1.2936673525002034,1.001847033609249,1.6724022451805625
Floor Low (0.6),Manipur,2050,1.2850431146177246,0.9998146422926801,1.6689647684284186
Floor Low (0.6),Meghalaya,2023,2.3834848747751662,2.044916319845235,2.768782971540797
Floor Low (0.6),Meghalaya,2024,2.3530113091812073,2.0059746276184445,2.747236845407245
Floor Low (0.6),Meghalaya,2025,2.321633862198359,1.9682602425388864,2.7221018062746065
Floor Low (0.6),Meghalaya,2026,2.2918519181568104,1.9328108984837853,2.7053502583908364
Floor Low (0.6),Meghalaya,2027,2.266562028403368,1.898482745830898,2.6877737608279375
Floor Low (0.6),Meghalaya,2028,2.2355599455726063,1.8630793489501478,2.6675012114163517
Floor Low (0.6),Meghalaya,2029,2.207230764171664,1.8179881489979788,2.659290326890732
Floor Low (0.6),Meghalaya,2030,2.179834257221404,1.7912165127431852,2.6414443982937956
Floor Low (0.6),Meghalaya,2031,2.1599695546064,1.76696610531578,2.6232085162765713
Floor Low (0.6),Meghalaya,2032,2.136342627663928,1.7458471018764619,2.5985143597374845
Floor Low (0.6),Meghalaya,2033,2.115870887915956,1.7164920832665629,2.587768926377017
Floor Low (0.6),Meghalaya,2034,2.086495228247553,1.688766147069929,2.5743607203971264
Floor Low (0.6),Meghalaya,2035,2.062362992233525,1.6641580848656912,2.552509538984071
Floor Low (0.6),Meghalaya,2036,2.042695739238823,1.6354698158174819,2.534499328004965
Floor Low (0.6),Meghalaya,2037,2.0182294659861,1.6169824027948632,2.494453809422736
Floor Low (0.6),Meghalaya,2038,1.9972629683803016,1.5907461771537372,2.4854956538787665
Floor Low (0.6),Meghalaya,2039,1.9779674005805967,1.5624430659336581,2.4658049089883574
Floor Low (0.6),Meghalaya,2040,1.955823128147403,1.531452116299357,2.4470360945187086
Floor Low (0.6),Meghalaya,2041,1.935070463859514,1.5147845353677336,2.4195519470616342
Floor Low (0.6),Meghalaya,2042,1.9150633600724276,1.5023675871363662,2.4089739801680543
Floor Low (0.6),Meghalaya,2043,1.8948546420206456,1.4755399771717423,2.3944520912662477
Floor Low (0.6),Meghalaya,2044,1.8779523316850575,1.4566875582500758,2.3882890273047814
Floor Low (0.6),Meghalaya,2045,1.8613260170609411,1.4422418758373126,2.376885839488075
Floor Low (0.6),Meghalaya,2046,1.8388786456781532,1.423537067019714,2.349691386417925
Floor Low (0.6),Meghalaya,2047,1.8226109713548295,1.4075221287592445,2.333490330451756
Floor Low (0.6),Meghalaya,2048,1.8061937706667406,1.3836724058978491,2.3163791847323796
Floor Low (0.6),Meghalaya,2049,1.7874626198640522,1.3673339409253453,2.300392405469281
Floor Low (0.6),Meghalaya,2050,1.7681492989570655,1.3523387622845662,2.2753686789144205
Floor Low (0.6),Mizoram,2023,1.5714365626360918,1.3614408994437928,1.8211730749862456
Floor Low (0.6),Mizoram,2024,1.5597605173404117,1.3355980777193157,1.8179372063518324
Floor Low (0.6),Mizoram,2025,1.5444562892006772,1.314609804850669,1.8160742306677686
Floor Low (0.6),Mizoram,2026,1.5346569767722036,1.2962951190021121,1.8176250723330227
Floor Low (0.6),Mizoram,2027,1.5207974464101781,1.2796726414426587,1.8111643298532738
Floor Low (0.6),Mizoram,2028,1.5082299151772407,1.2709287429871323,1.8063161227712992
Floor Low (0.6),Mizoram,2029,1.4984479471841015,1.2483556761049597,1.7989665436583056
Floor Low (0.6),Mizoram,2030,1.4882627194936164,1.2293012708016209,1.7962135671147523
Floor Low (0.6),Mizoram,2031,1.4780979693825909,1.2141899598828652,1.794258122778433
Floor Low (0.6),Mizoram,2032,1.4656635850443775,1.1980525160602404,1.7901362483885255
Floor Low (0.6),Mizoram,2033,1.4537554006620503,1.1786249446320607,1.7861447034991154
Floor Low (0.6),Mizoram,2034,1.4464734343357595,1.1700984221056774,1.7805653886379769
Floor Low (0.6),Mizoram,2035,1.438614572136919,1.1584572957257677,1.7779238855439412
Floor Low (0.6),Mizoram,2036,1.4285236946330955,1.1404851448508972,1.7731133415717637
Floor Low (0.6),Mizoram,2037,1.4185864671294617,1.1366751975844835,1.763447688864937
Floor Low (0.6),Mizoram,2038,1.4097144688075072,1.1281476758824391,1.7555478139413236
Floor Low (0.6),Mizoram,2039,1.3996974868166427,1.1102246470340045,1.742306916612732
Floor Low (0.6),Mizoram,2040,1.3878438405424562,1.1021169705719691,1.7425213469617413
Floor Low (0.6),Mizoram,2041,1.3767649714089258,1.0919301872806437,1.7323193021197025
Floor Low (0.6),Mizoram,2042,1.3675496263537714,1.0868526351414645,1.728383555331685
Floor Low (0.6),Mizoram,2043,1.361209714284032,1.0775736134090417,1.7203246164388366
Floor Low (0.6),Mizoram,2044,1.3542282494863231,1.0649838826067093,1.7171227066175612
Floor Low (0.6),Mizoram,2045,1.3447835258174794,1.0538698889613518,1.713610389999996
Floor Low (0.6),Mizoram,2046,1.3362217887578622,1.0499675489884468,1.7099946258669165
Floor Low (0.6),Mizoram,2047,1.329006666882313,1.0351128679044852,1.7064316409962665
Floor Low (0.6),Mizoram,2048,1.3205699792014678,1.027675521548183,1.7018885261327537
Floor Low (0.6),Mizoram,2049,1.312518181494728,1.0194018920018324,1.6946651825070425
Floor Low (0.6),Mizoram,2050,1.301777653956759,1.0113823927009888,1.6901520639099872
Floor Low (0.6),Nagaland,2023,1.6483961682240538,1.4203934735829231,1.9107374789284093
Floor Low (0.6),Nagaland,2024,1.63341877044654,1.4003399011098063,1.9178500668532619
Floor Low (0.6),Nagaland,2025,1.6221620810256971,1.3734394027451164,1.9072940301525787
Floor Low (0.6),Nagaland,2026,1.605696630737614,1.3578260721206166,1.9064545426892967
Floor Low (0.6),Nagaland,2027,1.595431441735134,1.330222453477034,1.8889933357303776
Floor Low (0.6),Nagaland,2028,1.5806749450706938,1.3093933222680978,1.8941849480776178
Floor Low (0.6),Nagaland,2029,1.568928418767106,1.292553683911027,1.8888501296655598
Floor Low (0.6),Nagaland,2030,1.55779626944436,1.2771219473551532,1.8803785488115592
Floor Low (0.6),Nagaland,2031,1.5466250773494463,1.2677031416712419,1.8714214784405658
Floor Low (0.6),Nagaland,2032,1.5321215540641693,1.2504155063382651,1.8613986187424199
Floor Low (0.6),Nagaland,2033,1.5207992117894693,1.2360290461539423,1.8565055313266259
Floor Low (0.6),Nagaland,2034,1.5115300612246736,1.2193293637351372,1.8462900923073817
Floor Low (0.6),Nagaland,2035,1.4986712590825073,1.204410343803626,1.8403774292194175
Floor Low (0.6),Nagaland,2036,1.4875081798751526,1.188304573737709,1.8266967269356125
Floor Low (0.6),Nagaland,2037,1.4751175537481533,1.1842913814353249,1.8278642820205084
Floor Low (0.6),Nagaland,2038,1.4643355186850764,1.171949328335694,1.8208379421893148
Floor Low (0.6),Nagaland,2039,1.4522028962213356,1.164301390851822,1.8206745574682144
Floor Low (0.6),Nagaland,2040,1.4431739098740979,1.1550612109047458,1.8130473251442811
Floor Low (0.6),Nagaland,2041,1.4329667555131853,1.1381200902560407,1.803243569788172
Floor Low (0.6),Nagaland,2042,1.4216963129148419,1.128477244109535,1.7951356052395604
Floor Low (0.6),Nagaland,2043,1.4128682328091398,1.1175405184476688,1.7875638937811758
Floor Low (0.6),Nagaland,2044,1.3996887961797333,1.1096761346817916,1.7840604906576518
Floor Low (0.6),Nagaland,2045,1.3912912429622875,1.0982893946397576,1.7823350822049906
Floor Low (0.6),Nagaland,2046,1.381352534969797,1.0888013236749825,1.7764858748494257
Floor Low (0.6),Nagaland,2047,1.3740794012205013,1.0753431829981153,1.7723109195015214
Floor Low (0.6),Nagaland,2048,1.3689629855816006,1.0681662693345926,1.7658175493539479
Floor Low (0.6),Nagaland,2049,1.3605004940542538,1.0565754076224396,1.7464669375294335
Floor Low (0.6),Nagaland,2050,1.3515910150364898,1.044093296980946,1.7347257092542592
Floor Low (0.6),Odisha,2024,1.6907305176244172,1.5433843394570492,1.8519100360727057
Floor Low (0.6),Odisha,2025,1.6697289755470317,1.5038005747700982,1.858899670194681
Floor Low (0.6),Odisha,2026,1.648664100679413,1.4663180805092595,1.862778598398963
Floor Low (0.6),Odisha,2027,1.629561004732863,1.4305326882061409,1.860293070059632
Floor Low (0.6),Odisha,2028,1.6102276752985882,1.4032596438169265,1.860390401168233
Floor Low (0.6),Odisha,2029,1.5954405970026253,1.3743482640030997,1.8538974704308055
Floor Low (0.6),Odisha,2030,1.5753913037798815,1.3469390984368674,1.850237872077695
Floor Low (0.6),Odisha,2031,1.5618250903481652,1.3234334589817003,1.8477674740616554
Floor Low (0.6),Odisha,2032,1.542584013279987,1.3012216685670346,1.835955906174286
Floor Low (0.6),Odisha,2033,1.5252317149692447,1.2810505538255363,1.8300627431677654
Floor Low (0.6),Odisha,2034,1.5107218736146577,1.257354157489538,1.8295646341423226
Floor Low (0.6),Odisha,2035,1.4936725924752992,1.2358109626765068,1.8205328623408392
Floor Low (0.6),Odisha,2036,1.4824162721297487,1.214381107999463,1.817826156317648
Floor Low (0.6),Odisha,2037,1.4667469032475164,1.1984361842999147,1.8091237931650437
Floor Low (0.6),Odisha,2038,1.4556247428145688,1.1801524450370615,1.8014359840616576
Floor Low (0.6),Odisha,2039,1.439102507364764,1.159462709498192,1.786836250108894
Floor Low (0.6),Odisha,2040,1.4276792448191693,1.147796471353455,1.7890337755681587
Floor Low (0.6),Odisha,2041,1.4127645292051412,1.1305750242065102,1.7803345482662918
Floor Low (0.6),Odisha,2042,1.4011210370923997,1.108442949012667,1.7718952202128375
Floor Low (0.6),Odisha,2043,1.3868228494673023,1.0994950586783254,1.754659366717695
Floor Low (0.6),Odisha,2044,1.3763205311568025,1.079006737245759,1.747982771620087
Floor Low (0.6),Odisha,2045,1.3669225078857228,1.0695538455653333,1.7294987306588612
Floor Low (0.6),Odisha,2046,1.3534293920142106,1.0598951937963526,1.7298183654936035
Floor Low (0.6),Odisha,2047,1.3451816061896449,1.0469601185809292,1.7159188144301887
Floor Low (0.6),Odisha,2048,1.3307405685119638,1.031701486875834,1.7128749514745047
Floor Low (0.6),Odisha,2049,1.3189948753781489,1.0209646138216153,1.7055811812614325
Floor Low (0.6),Odisha,2050,1.3101840534255411,1.0094961558990747,1.6992101175543968
Floor Low (0.6),Puducherry,2023,1.4883257488256902,1.2594744482797242,1.7562226724739303
Floor Low (0.6),Puducherry,2024,1.472238282799366,1.2357773125135383,1.7558036638403696
Floor Low (0.6),Puducherry,2025,1.4561324739661559,1.2120407992540447,1.7536298888197908
Floor Low (0.6),Puducherry,2026,1.4381150530832207,1.1990009056179218,1.7463727687766826
Floor Low (0.6),Puducherry,2027,1.4242221334565748,1.1749788346369392,1.7376034543800363
Floor Low (0.6),Puducherry,2028,1.4086014081925984,1.1529805295504647,1.730184088099218
Floor Low (0.6),Puducherry,2029,1.3937367402309255,1.1307609748365608,1.717600559155208
Floor Low (0.6),Puducherry,2030,1.384475987470387,1.1145700303734938,1.7072905688950888
Floor Low (0.6),Puducherry,2031,1.3692594227888566,1.0967575033227315,1.6951515512436302
Floor Low (0.6),Puducherry,2032,1.3603587787796312,1.0821668544083127,1.6935053804424878
Floor Low (0.6),Puducherry,2033,1.3464662171293744,1.0583223617782,1.681252691297018
Floor Low (0.6),Puducherry,2034,1.3338149102431855,1.0469106745010384,1.6727646501464044
Floor Low (0.6),Puducherry,2035,1.3211065348777677,1.0289997409038203,1.6783696543022013
Floor Low (0.6),Puducherry,2036,1.308030150414278,1.019534538189615,1.6779351249229495
Floor Low (0.6),Puducherry,2037,1.2967765244408653,1.004650339654255,1.6696124298345898
Floor Low (0.6),Puducherry,2038,1.2853731968830115,0.9923787657471299,1.6612166236430888
Floor Low (0.6),Puducherry,2039,1.2759741059671392,0.9829709791562221,1.6544519322356896
Floor Low (0.6),Puducherry,2040,1.2647936449999775,0.9704629184729813,1.6426542555866845
Floor Low (0.6),Puducherry,2041,1.2550333493657444,0.9570569934283811,1.6363122733568147
Floor Low (0.6),Puducherry,2042,1.245663778509909,0.9449002362666546,1.622207131456256
Floor Low (0.6),Puducherry,2043,1.2382167153879435,0.935938413260086,1.613770740724251
Floor Low (0.6),Puducherry,2044,1.2283013045650963,0.926263184266156,1.6061389213624309
Floor Low (0.6),Puducherry,2045,1.2214556118082238,0.9148199479728758,1.5999259140391806
Floor Low (0.6),Puducherry,2046,1.2095600986634587,0.9076206101400307,1.589674039512949
Floor Low (0.6),Puducherry,2047,1.2032033630215981,0.8989667659784383,1.5797225014510634
Floor Low (0.6),Puducherry,2048,1.1931864348180947,0.89279221067228,1.5757689790646165
Floor Low (0.6),Puducherry,2049,1.1860796242043445,0.8872641440645794,1.5770387909988535
Floor Low (0.6),Puducherry,2050,1.1772839597832814,0.8704911567008877,1.5660205132541425
Floor Low (0.6),Punjab,2024,1.464389960791705,1.3252358823879804,1.6208887922202744
Floor Low (0.6),Punjab,2025,1.4444628955836263,1.281879194699704,1.6318679670018172
Floor Low (0.6),Punjab,2026,1.425365825920676,1.2490689019261345,1.6360665634054683
Floor Low (0.6),Punjab,2027,1.411913576462336,1.2148375534613227,1.6402221082614419
Floor Low (0.6),Punjab,2028,1.394293301322405,1.1881022227025209,1.639229148425687
Floor Low (0.6),Punjab,2029,1.3771874013605192,1.1568152430521155,1.6292165372289344
Floor Low (0.6),Punjab,2030,1.3619060367534772,1.1285247648140575,1.6353288860865018
Floor Low (0.6),Punjab,2031,1.345697026957501,1.1083421416709978,1.626903369851551
Floor Low (0.6),Punjab,2032,1.3322555807827416,1.093608119751554,1.6238131146660035
Floor Low (0.6),Punjab,2033,1.3170627463246392,1.0730778122362787,1.6138207358207641
Floor Low (0.6),Punjab,2034,1.304505303021787,1.0590458517122983,1.6082053037955968
Floor Low (0.6),Punjab,2035,1.2949481440771862,1.0380010070175476,1.594422062263494
Floor Low (0.6),Punjab,2036,1.2791512638129305,1.025657049749451,1.5930656544775563
Floor Low (0.6),Punjab,2037,1.2679574928713584,1.0017044783306541,1.586477898165887
Floor Low (0.6),Punjab,2038,1.2558253148134346,0.9932920600141001,1.5869566344802437
Floor Low (0.6),Punjab,2039,1.245458516756242,0.9809027181294767,1.5793772867085245
Floor Low (0.6),Punjab,2040,1.236345451131311,0.9665989634220565,1.5745317745605139
Floor Low (0.6),Punjab,2041,1.2239507942470804,0.9530028494887043,1.5712083580162215
Floor Low (0.6),Punjab,2042,1.2119637502484903,0.9405830958271805,1.5554879266787727
Floor Low (0.6),Punjab,2043,1.2023935852730119,0.9319593620816071,1.556656512669387
Floor Low (0.6),Punjab,2044,1.1932682001172805,0.9234681688965839,1.5526187066540358
Floor Low (0.6),Punjab,2045,1.185801376583894,0.9089157193642344,1.5420721419414218
Floor Low (0.6),Punjab,2046,1.1721407575830438,0.9006042370962087,1.5335177567513616
Floor Low (0.6),Punjab,2047,1.1647882381192693,0.8895465946063811,1.5338062116576245
Floor Low (0.6),Punjab,2048,1.1569093887164597,0.8843075401810901,1.5283444693835706
Floor Low (0.6),Punjab,2049,1.145664600177761,0.8731670675712424,1.5093901899718039
Floor Low (0.6),Punjab,2050,1.1370134776853853,0.8644864520907437,1.5067089552543973
Floor Low (0.6),Rajasthan,2024,2.3171781354681125,2.127740787030356,2.516686648322802
Floor Low (0.6),Rajasthan,2025,2.2876363399867907,2.071459952914922,2.517559609605402
Floor Low (0.6),Rajasthan,2026,2.257208740042953,2.0229164991099924,2.5196491184503396
Floor Low (0.6),Rajasthan,2027,2.2256619352103577,1.9687280246956071,2.5146515457287233
Floor Low (0.6),Rajasthan,2028,2.1995218067410143,1.9245074988136857,2.5026488210556295
Floor Low (0.6),Rajasthan,2029,2.172573879481577,1.8801011095538758,2.4916605751307612
Floor Low (0.6),Rajasthan,2030,2.144554834046256,1.8453716618506688,2.4809911440888555
Floor Low (0.6),Rajasthan,2031,2.1160674196302103,1.8108372118650677,2.4709208394876083
Floor Low (0.6),Rajasthan,2032,2.0927715432812564,1.7733468854817627,2.45386515075838
Floor Low (0.6),Rajasthan,2033,2.067123693571387,1.7493647951059672,2.4408700329527813
Floor Low (0.6),Rajasthan,2034,2.044662371127501,1.724130926687535,2.4161307776596255
Floor Low (0.6),Rajasthan,2035,2.0200218698581787,1.6881826640204265,2.4114326115781908
Floor Low (0.6),Rajasthan,2036,1.997269620084463,1.6624107104709238,2.386184720559578
Floor Low (0.6),Rajasthan,2037,1.9738430517021692,1.635401413523369,2.371225936299087
Floor Low (0.6),Rajasthan,2038,1.9533129521797692,1.604333812936829,2.3620550990632707
Floor Low (0.6),Rajasthan,2039,1.934843461829563,1.5849778328312976,2.3481621275086413
Floor Low (0.6),Rajasthan,2040,1.9134027427241345,1.5516058867764309,2.3411259617177405
Floor Low (0.6),Rajasthan,2041,1.8930928260597824,1.5283705151872318,2.324747741393145
Floor Low (0.6),Rajasthan,2042,1.87370657352691,1.5089463485001815,2.3158909539164485
Floor Low (0.6),Rajasthan,2043,1.848890080413098,1.4861091978463623,2.2984382456836614
Floor Low (0.6),Rajasthan,2044,1.8319376957581337,1.46370099822054,2.2884549973787816
Floor Low (0.6),Rajasthan,2045,1.8102177845831928,1.4420153256629575,2.274418204684605
Floor Low (0.6),Rajasthan,2046,1.7985729184008545,1.4223627880545866,2.2530452425702148
Floor Low (0.6),Rajasthan,2047,1.7794994298828515,1.4079328973481562,2.236720397992376
Floor Low (0.6),Rajasthan,2048,1.7652780303821392,1.3840048835806178,2.2285859230125795
Floor Low (0.6),Rajasthan,2049,1.7503613788362888,1.3703553542997178,2.2091182603516404
Floor Low (0.6),Rajasthan,2050,1.7332658223748936,1.348632662195311,2.192164518870434
Floor Low (0.6),Sikkim,2023,1.215928178323158,1.0147303323720014,1.4639363281673776
Floor Low (0.6),Sikkim,2024,1.2073151248521596,0.9985280769316189,1.4620441207136337
Floor Low (0.6),Sikkim,2025,1.198141906656241,0.9881203992225728,1.4630434237641783
Floor Low (0.6),Sikkim,2026,1.1862627139263502,0.9746942792486338,1.4555972401382233
Floor Low (0.6),Sikkim,2027,1.1766507003246507,0.9534850693639497,1.450481291208193
Floor Low (0.6),Sikkim,2028,1.1690529677342516,0.9426568541443076,1.4470204837367606
Floor Low (0.6),Sikkim,2029,1.159565441208096,0.9255224525764183,1.4445155518011283
Floor Low (0.6),Sikkim,2030,1.151178320566816,0.9135012094832046,1.4422510089371205
Floor Low (0.6),Sikkim,2031,1.1422294762996832,0.904692813569579,1.4476846464291553
Floor Low (0.6),Sikkim,2032,1.1343658849730938,0.8931788228578958,1.441055515259288
Floor Low (0.6),Sikkim,2033,1.1290219374083175,0.8857005461512686,1.4376994188172851
Floor Low (0.6),Sikkim,2034,1.1237693582636548,0.8772968824236301,1.4335967679069663
Floor Low (0.6),Sikkim,2035,1.1133983063720083,0.8672578260803743,1.4314231138339206
Floor Low (0.6),Sikkim,2036,1.1068698815585143,0.8526772683192404,1.4283738173717841
Floor Low (0.6),Sikkim,2037,1.1038504040582424,0.8446668008455177,1.428461021402715
Floor Low (0.6),Sikkim,2038,1.0960883003686979,0.8328704615269436,1.4231347948626754
Floor Low (0.6),Sikkim,2039,1.0880729793958621,0.8252122552107923,1.4246326567133365
Floor Low (0.6),Sikkim,2040,1.0799142353464994,0.8139636482149636,1.4245917082389807
Floor Low (0.6),Sikkim,2041,1.0744801815114737,0.803489793997153,1.4188350529157345
Floor Low (0.6),Sikkim,2042,1.0700361998135133,0.7940152092581653,1.4239040069347972
Floor Low (0.6),Sikkim,2043,1.063218275496964,0.7883342931529096,1.4107707916603969
Floor Low (0.6),Sikkim,2044,1.0595779721189689,0.7814753963567342,1.3939097752294605
Floor Low (0.6),Sikkim,2045,1.0532946441706414,0.7742409716537819,1.3905912996834804
Floor Low (0.6),Sikkim,2046,1.0463546736385954,0.7697448393602316,1.3917455963258538
Floor Low (0.6),Sikkim,2047,1.0403039795047677,0.7634863544646959,1.3891720147197741
Floor Low (0.6),Sikkim,2048,1.0358743406306132,0.7579166384301453,1.3927056026542795
Floor Low (0.6),Sikkim,2049,1.0325247617676312,0.7572485221136218,1.3795702792253925
Floor Low (0.6),Sikkim,2050,1.024661688246947,0.7535173241698927,1.3729942752301725
Floor Low (0.6),Tamil Nadu,2024,1.340550018131002,1.2158298597353383,1.4754289731965264
Floor Low (0.6),Tamil Nadu,2025,1.3284677347021794,1.1876838154097586,1.487690272764398
Floor Low (0.6),Tamil Nadu,2026,1.3174483643967307,1.1568907834420517,1.4908579446066454
Floor Low (0.6),Tamil Nadu,2027,1.3058708204452527,1.1341223599885806,1.4996890982117637
Floor Low (0.6),Tamil Nadu,2028,1.2955771425024385,1.1129039784366936,1.5023806545313771
Floor Low (0.6),Tamil Nadu,2029,1.2859394902488623,1.092204385588709,1.501534030613448
Floor Low (0.6),Tamil Nadu,2030,1.272570961807789,1.0767859037604959,1.503739331713221
Floor Low (0.6),Tamil Nadu,2031,1.2657190219406496,1.0547967169433887,1.5082890224657568
Floor Low (0.6),Tamil Nadu,2032,1.2545828289108565,1.0456850735898193,1.5000594837420533
Floor Low (0.6),Tamil Nadu,2033,1.2443371665229657,1.0312417648668346,1.4995261301933105
Floor Low (0.6),Tamil Nadu,2034,1.2334686313125904,1.0139259013295332,1.4970818534558514
Floor Low (0.6),Tamil Nadu,2035,1.2251295609801245,0.9969981127511675,1.504620756319879
Floor Low (0.6),Tamil Nadu,2036,1.2171138161328678,0.9849193416647185,1.4992106989008518
Floor Low (0.6),Tamil Nadu,2037,1.206277500231761,0.9759074649415219,1.4935203436588254
Floor Low (0.6),Tamil Nadu,2038,1.196695560840767,0.9617399433292243,1.494410706659517
Floor Low (0.6),Tamil Nadu,2039,1.1925951278071691,0.9494369225215096,1.492814296264577
Floor Low (0.6),Tamil Nadu,2040,1.1842359515057574,0.9417773877596797,1.4810565408686494
Floor Low (0.6),Tamil Nadu,2041,1.1731929437348065,0.9301036595718515,1.479983969734662
Floor Low (0.6),Tamil Nadu,2042,1.1651784464723272,0.9168488798944237,1.4812684951823425
Floor Low (0.6),Tamil Nadu,2043,1.1609136975271068,0.9143120012429347,1.477522834107398
Floor Low (0.6),Tamil Nadu,2044,1.1530956517781275,0.9055669120304176,1.474294621151721
Floor Low (0.6),Tamil Nadu,2045,1.1453215187041557,0.8963489246183188,1.4713275803911037
Floor Low (0.6),Tamil Nadu,2046,1.13845134996481,0.8867818542365667,1.474113949479807
Floor Low (0.6),Tamil Nadu,2047,1.1328061265121576,0.881985831385801,1.4603827457883296
Floor Low (0.6),Tamil Nadu,2048,1.125293285959275,0.8701021253552361,1.453246515399614
Floor Low (0.6),Tamil Nadu,2049,1.1181431105091182,0.8654835900004514,1.4438307560615973
Floor Low (0.6),Tamil Nadu,2050,1.1139278668680204,0.8587654512722194,1.4486845675514388
Floor Low (0.6),Telangana,2024,1.509801995517947,1.3566670034710286,1.6718016977644623
Floor Low (0.6),Telangana,2025,1.4891380180337777,1.3133852850039942,1.6807179503547576
Floor Low (0.6),Telangana,2026,1.4670023477364338,1.2786643186268847,1.690032907780514
Floor Low (0.6),Telangana,2027,1.4470292169487897,1.2410629442475205,1.684662067753749
Floor Low (0.6),Telangana,2028,1.4302513699963098,1.2075890203275765,1.6819272281996338
Floor Low (0.6),Telangana,2029,1.411229360422419,1.1875472872001707,1.6705505566097563
Floor Low (0.6),Telangana,2030,1.394372874533317,1.1601615728083863,1.6648293201687236
Floor Low (0.6),Telangana,2031,1.3804771756849576,1.1308518726361485,1.6644958943054744
Floor Low (0.6),Telangana,2032,1.361852405176538,1.1112231368414036,1.6608571704370267
Floor Low (0.6),Telangana,2033,1.3477321521483006,1.0952761602344558,1.6492566110693545
Floor Low (0.6),Telangana,2034,1.3333052828682908,1.0768896986292644,1.64544581448305
Floor Low (0.6),Telangana,2035,1.3171416687894495,1.06022576016025,1.644779171206251
Floor Low (0.6),Telangana,2036,1.304677002607587,1.0364502881533506,1.6319113785950579
Floor Low (0.6),Telangana,2037,1.2918044176826016,1.024489638863298,1.6328525326293575
Floor Low (0.6),Telangana,2038,1.2769644102509727,1.0110767806001992,1.6146060975542844
Floor Low (0.6),Telangana,2039,1.2648945356150505,0.9999776172677274,1.6119112852843278
Floor Low (0.6),Telangana,2040,1.2535819919909743,0.9825322403260434,1.6049206359652692
Floor Low (0.6),Telangana,2041,1.2417323482477545,0.9705612928329548,1.600733274968827
Floor Low (0.6),Telangana,2042,1.232213161178571,0.9548371125007706,1.5886815247735806
Floor Low (0.6),Telangana,2043,1.220710145691914,0.9470451980157796,1.589169362306555
Floor Low (0.6),Telangana,2044,1.2100795254513377,0.9385995283521109,1.5809473792517506
Floor Low (0.6),Telangana,2045,1.2009255301487136,0.9199326674356759,1.5635699971759118
Floor Low (0.6),Telangana,2046,1.1922316928687553,0.9087743151354352,1.5660506718589422
Floor Low (0.6),Telangana,2047,1.182733634156175,0.9001259797470678,1.5562725913479085
Floor Low (0.6),Telangana,2048,1.1741646869253555,0.8932950915889492,1.5508290099127446
Floor Low (0.6),Telangana,2049,1.1647127222153746,0.8828978788774352,1.550533517504801
Floor Low (0.6),Telangana,2050,1.1551042357042958,0.8725112950374738,1.5483674336432947
Floor Low (0.6),Tripura,2023,1.3934313372646225,1.1809729937516051,1.6383224758978057
Floor Low (0.6),Tripura,2024,1.3814371142689787,1.1605691856716682,1.640914451548054
Floor Low (0.6),Tripura,2025,1.3693254033130673,1.1457302314301283,1.6480146832784612
Floor Low (0.6),Tripura,2026,1.3575173842060337,1.1282710761372254,1.6479202902673924
Floor Low (0.6),Tripura,2027,1.3457313628740808,1.10844003786865,1.6418648986412778
Floor Low (0.6),Tripura,2028,1.3340993372519219,1.0980816608993849,1.640744570287697
Floor Low (0.6),Tripura,2029,1.3231036929416242,1.080911193893296,1.6361647320804995
Floor Low (0.6),Tripura,2030,1.3124607515557387,1.068355736721201,1.631630967290753
Floor Low (0.6),Tripura,2031,1.3022888063514668,1.0528553089377135,1.6238980739936595
Floor Low (0.6),Tripura,2032,1.2928219895120963,1.0423128016198846,1.622792517381276
Floor Low (0.6),Tripura,2033,1.282895744187499,1.0228220627145088,1.616905123944465
Floor Low (0.6),Tripura,2034,1.2745255783431593,1.0138711746525604,1.6131422017912158
Floor Low (0.6),Tripura,2035,1.2660666196534969,1.0075380897787194,1.6038612086476356
Floor Low (0.6),Tripura,2036,1.2547110281784277,0.9966408309485283,1.5995450125345745
Floor Low (0.6),Tripura,2037,1.24935677920899,0.984023681630386,1.6041794165699303
Floor Low (0.6),Tripura,2038,1.2404342418175642,0.9753844545390468,1.5963106606576358
Floor Low (0.6),Tripura,2039,1.2300854434940391,0.9618528092782129,1.5907262431949545
Floor Low (0.6),Tripura,2040,1.221160160586263,0.9506814824451694,1.5869573155852514
Floor Low (0.6),Tripura,2041,1.2148957267986598,0.940136556820614,1.5724378740511278
Floor Low (0.6),Tripura,2042,1.2093787299267034,0.9338618452423091,1.5723064276678531
Floor Low (0.6),Tripura,2043,1.2034108919754956,0.9274145591865365,1.572822653324233
Floor Low (0.6),Tripura,2044,1.1967700623089814,0.9191706316709035,1.5606582679352647
Floor Low (0.6),Tripura,2045,1.1876520842506995,0.9140732578615909,1.5534943091029305
Floor Low (0.6),Tripura,2046,1.1778561548613218,0.9039317624595921,1.546794327983781
Floor Low (0.6),Tripura,2047,1.17241771122727,0.896876425587147,1.5461563051852532
Floor Low (0.6),Tripura,2048,1.1659799417790453,0.8855829414787091,1.544221921509928
Floor Low (0.6),Tripura,2049,1.1594033998265219,0.8767482379518425,1.538215140208324
Floor Low (0.6),Tripura,2050,1.1538851508564532,0.8772986061814774,1.5382640124631382
Floor Low (0.6),Uttar Pradesh,2024,2.5676694180095505,2.3678290188542475,2.788630593410666
Floor Low (0.6),Uttar Pradesh,2025,2.5322017606403584,2.2923286998701595,2.7867683960478145
Floor Low (0.6),Uttar Pradesh,2026,2.500010102534322,2.2427229591223448,2.7787385275362118
Floor Low (0.6),Uttar Pradesh,2027,2.466967247574183,2.195323175408802,2.7668635179651706
Floor Low (0.6),Uttar Pradesh,2028,2.4354481301628805,2.1408985107003167,2.754048823809829
Floor Low (0.6),Uttar Pradesh,2029,2.4039321625648635,2.0969923508751633,2.7449710359334936
Floor Low (0.6),Uttar Pradesh,2030,2.3711846219476467,2.052861940897343,2.727187067921928
Floor Low (0.6),Uttar Pradesh,2031,2.3396306064967285,2.015109823402849,2.7170678908319426
Floor Low (0.6),Uttar Pradesh,2032,2.309552126579794,1.972291971430858,2.6963940953782446
Floor Low (0.6),Uttar Pradesh,2033,2.2840036970804745,1.943409892281034,2.685905346568911
Floor Low (0.6),Uttar Pradesh,2034,2.2538550515039995,1.91066634379957,2.6625616648731083
Floor Low (0.6),Uttar Pradesh,2035,2.226751370217502,1.86958017968679,2.643361686636807
Floor Low (0.6),Uttar Pradesh,2036,2.199314769583065,1.8425246885201778,2.6272119144495845
Floor Low (0.6),Uttar Pradesh,2037,2.173520247586713,1.8069097050740948,2.6069420944162567
Floor Low (0.6),Uttar Pradesh,2038,2.147166288536362,1.7708501157085348,2.6000263535920975
Floor Low (0.6),Uttar Pradesh,2039,2.122522410165972,1.7449662515748714,2.5643626896495175
Floor Low (0.6),Uttar Pradesh,2040,2.1010839850557392,1.7127376170666928,2.5563924158757843
Floor Low (0.6),Uttar Pradesh,2041,2.077876089587911,1.690265233476875,2.53133503787179
Floor Low (0.6),Uttar Pradesh,2042,2.051556868644645,1.6603440031192767,2.520473805606964
Floor Low (0.6),Uttar Pradesh,2043,2.0294607908488587,1.6362829686574198,2.504967968218007
Floor Low (0.6),Uttar Pradesh,2044,2.00653227374539,1.610568774993221,2.48055420087045
Floor Low (0.6),Uttar Pradesh,2045,1.9856720162059487,1.5914465297318643,2.452472099323365
Floor Low (0.6),Uttar Pradesh,2046,1.9669041117978403,1.5630946723857881,2.448691764923754
Floor Low (0.6),Uttar Pradesh,2047,1.9456830982314595,1.543205445001428,2.4328327212038627
Floor Low (0.6),Uttar Pradesh,2048,1.9229834346581027,1.5162085247788435,2.4102565963067315
Floor Low (0.6),Uttar Pradesh,2049,1.9022135411194783,1.4953896815025396,2.4042590738750276
Floor Low (0.6),Uttar Pradesh,2050,1.8841907742299844,1.4784260236545703,2.386512372517896
Floor Low (0.6),Uttarakhand,2024,1.7173739270429806,1.5658040912279483,1.8729683149623693
Floor Low (0.6),Uttarakhand,2025,1.6974488432263626,1.5216787448434934,1.8795646122473932
Floor Low (0.6),Uttarakhand,2026,1.679568138228566,1.4883541954852015,1.8927271059660293
Floor Low (0.6),Uttarakhand,2027,1.6573060461541684,1.451596457255692,1.8929169387287648
Floor Low (0.6),Uttarakhand,2028,1.6383688413126722,1.4206548263548133,1.8913904845464717
Floor Low (0.6),Uttarakhand,2029,1.6210222901050204,1.3867995345753712,1.8863591319289301
Floor Low (0.6),Uttarakhand,2030,1.6042785374781952,1.3659846845758346,1.8787610487486297
Floor Low (0.6),Uttarakhand,2031,1.5866690330042186,1.33932481923286,1.8761217281232405
Floor Low (0.6),Uttarakhand,2032,1.569960407378539,1.3214354937250343,1.8688850192593949
Floor Low (0.6),Uttarakhand,2033,1.551936850183942,1.295325247895879,1.8601990258544103
Floor Low (0.6),Uttarakhand,2034,1.5368658122993322,1.2678539022170607,1.850151939850349
Floor Low (0.6),Uttarakhand,2035,1.5176160246481658,1.2525045066039049,1.8470521926086785
Floor Low (0.6),Uttarakhand,2036,1.5043517462744447,1.2312946082053629,1.8366291626143374
Floor Low (0.6),Uttarakhand,2037,1.4887430601601648,1.2122793170368271,1.8251026568927409
Floor Low (0.6),Uttarakhand,2038,1.4739969574157206,1.1981473110060774,1.8195035226624587
Floor Low (0.6),Uttarakhand,2039,1.4599967914737606,1.175401063102795,1.8115993139130238
Floor Low (0.6),Uttarakhand,2040,1.4477450437820962,1.1620161990776035,1.8097982103453594
Floor Low (0.6),Uttarakhand,2041,1.4358683426810588,1.1473491791895352,1.7925966031532352
Floor Low (0.6),Uttarakhand,2042,1.421302078101391,1.1304113489880885,1.784696884027169
Floor Low (0.6),Uttarakhand,2043,1.4075887136454424,1.1169491000002485,1.783357610826233
Floor Low (0.6),Uttarakhand,2044,1.3938941510213199,1.0998118352689905,1.7723433126814652
Floor Low (0.6),Uttarakhand,2045,1.3801001790552805,1.086351151944748,1.771086064842228
Floor Low (0.6),Uttarakhand,2046,1.3700097613337072,1.0744672937985684,1.7647123341858657
Floor Low (0.6),Uttarakhand,2047,1.3574595284355975,1.056471194586196,1.7550062221249565
Floor Low (0.6),Uttarakhand,2048,1.3446324226770212,1.0477679023311748,1.7386624711276553
Floor Low (0.6),Uttarakhand,2049,1.3377488660197383,1.0353267775644615,1.7323600695937444
Floor Low (0.6),Uttarakhand,2050,1.3245020514417951,1.0264219278739835,1.730118048937112
Floor Low (0.6),West Bengal,2024,1.337240473626701,1.2083325073509201,1.4779918521761848
Floor Low (0.6),West Bengal,2025,1.3219835822258206,1.175290567605137,1.4883789046521383
Floor Low (0.6),West Bengal,2026,1.3078678141655529,1.1423698907071915,1.492177421240197
Floor Low (0.6),West Bengal,2027,1.2964370563765715,1.118279373039627,1.50351870482417
Floor Low (0.6),West Bengal,2028,1.281226314803976,1.0889253066539133,1.5105516660249445
Floor Low (0.6),West Bengal,2029,1.2705505244089825,1.0650036830355443,1.519149929317993
Floor Low (0.6),West Bengal,2030,1.2596233060069912,1.042613743538205,1.5204272227645241
Floor Low (0.6),West Bengal,2031,1.2465674345542967,1.027670764128238,1.516976686563448
Floor Low (0.6),West Bengal,2032,1.239064387956783,1.0134889893551449,1.5142568659200761
Floor Low (0.6),West Bengal,2033,1.2288445861287751,0.9983375065417632,1.503911710444133
Floor Low (0.6),West Bengal,2034,1.216919821620091,0.9833462564860734,1.5138818215577865
Floor Low (0.6),West Bengal,2035,1.204079377731301,0.9700175989330905,1.493776035969845
Floor Low (0.6),West Bengal,2036,1.1937959101831246,0.958561965555616,1.5003359033998676
Floor Low (0.6),West Bengal,2037,1.1853105091068608,0.9407541823827276,1.503380552511811
Floor Low (0.6),West Bengal,2038,1.176354980170835,0.932034165329623,1.4993888389279681
Floor Low (0.6),West Bengal,2039,1.1647002483484021,0.9206922515103373,1.4901284383961004
Floor Low (0.6),West Bengal,2040,1.1547733268891496,0.9057827495615447,1.485923533312877
Floor Low (0.6),West Bengal,2041,1.1448267386814952,0.8980324368591284,1.4790589729736467
Floor Low (0.6),West Bengal,2042,1.1362115912103705,0.8912155856504961,1.4726573404929097
Floor Low (0.6),West Bengal,2043,1.1300674559164259,0.8724016140182954,1.4789152312460128
Floor Low (0.6),West Bengal,2044,1.122852161188527,0.8664722177511753,1.4775730670156342
Floor Low (0.6),West Bengal,2045,1.1133537617746465,0.8589672873917744,1.4656212011375
Floor Low (0.6),West Bengal,2046,1.106731220332379,0.8406917775776404,1.4647673657403109
Floor Low (0.6),West Bengal,2047,1.099863155165048,0.8313027514003072,1.4546961102034437
Floor Low (0.6),West Bengal,2048,1.0915417315486136,0.8267738215500083,1.4513302594080482
Floor Low (0.6),West Bengal,2049,1.0835850848556272,0.8162383947538127,1.4537045849506962
Floor Low (0.6),West Bengal,2050,1.0776142262925943,0.8098733077250905,1.4489227970262122
Floor High (1.8),Andaman & Nicobar Islands,2023,1.2179802485633406,1.0137649819500796,1.4579336141425083
Floor High (1.8),Andaman & Nicobar Islands,2024,1.210953278419203,1.0051972781419372,1.456416014177651
Floor High (1.8),Andaman & Nicobar Islands,2025,1.2013928097337816,0.9918218480937087,1.466631170461257
Floor High (1.8),Andaman & Nicobar Islands,2026,1.193427713191153,0.9749822563603282,1.4697171941474767
Floor High (1.8),Andaman & Nicobar Islands,2027,1.185972479094953,0.9652111328172703,1.4617097588819286
Floor High (1.8),Andaman & Nicobar Islands,2028,1.1808945217908382,0.9496457170039125,1.471722273444834
Floor High (1.8),Andaman & Nicobar Islands,2029,1.1732570242482734,0.9422545931696943,1.476890051853575
Floor High (1.8),Andaman & Nicobar Islands,2030,1.1698939697016706,0.9314560223759084,1.4814326008811152
Floor High (1.8),Andaman & Nicobar Islands,2031,1.1632150498825424,0.9203472449709108,1.4793220457150136
Floor High (1.8),Andaman & Nicobar Islands,2032,1.1573923495334877,0.9144612037625018,1.4702196537194303
Floor High (1.8),Andaman & Nicobar Islands,2033,1.1526138213032096,0.9071876959278553,1.4771308078264997
Floor High (1.8),Andaman & Nicobar Islands,2034,1.146912063584205,0.9008021432617974,1.4767299608596236
Floor High (1.8),Andaman & Nicobar Islands,2035,1.1417596549491345,0.8921956988921407,1.4801607289532175
Floor High (1.8),Andaman & Nicobar Islands,2036,1.1375537687546804,0.8811655299839608,1.4757176060620312
Floor High (1.8),Andaman & Nicobar Islands,2037,1.1321498343718863,0.8757442030408005,1.478625406931534
Floor High (1.8),Andaman & Nicobar Islands,2038,1.1300273108584309,0.8735323742251184,1.4731979843460543
Floor High (1.8),Andaman & Nicobar Islands,2039,1.122940175146148,0.8678053148554183,1.4749965845144595
Floor High (1.8),Andaman & Nicobar Islands,2040,1.1212246898437694,0.861540630596674,1.4709566564480001
Floor High (1.8),Andaman & Nicobar Islands,2041,1.116248164235782,0.8574451196438853,1.4747333572496049
Floor High (1.8),Andaman & Nicobar Islands,2042,1.112351277285856,0.8508667383351797,1.46888522493795
Floor High (1.8),Andaman & Nicobar Islands,2043,1.1071200858339794,0.8437564925479851,1.45759135449171
Floor High (1.8),Andaman & Nicobar Islands,2044,1.1043557370718733,0.8365761128815313,1.4575556324031158
Floor High (1.8),Andaman & Nicobar Islands,2045,1.0995057916746869,0.8316455109001787,1.4667341215125298
Floor High (1.8),Andaman & Nicobar Islands,2046,1.0989227222009466,0.8268066006215458,1.464986168805548
Floor High (1.8),Andaman & Nicobar Islands,2047,1.0945540066824657,0.8266401491951026,1.4624948169270768
Floor High (1.8),Andaman & Nicobar Islands,2048,1.0914148269437645,0.8196718387867178,1.4669139729114968
Floor High (1.8),Andaman & Nicobar Islands,2049,1.0884054015764943,0.8130270986852107,1.464796143505386
Floor High (1.8),Andaman & Nicobar Islands,2050,1.0866514630701862,0.812272598762625,1.4601458892889962
Floor High (1.8),Andhra Pradesh,2024,1.4954519329478915,1.350419338941379,1.6542831306146233
Floor High (1.8),Andhra Pradesh,2025,1.4785675681795936,1.3104855519119725,1.6668363063830398
Floor High (1.8),Andhra Pradesh,2026,1.4619001373245488,1.2757817811736945,1.6686989576259552
Floor High (1.8),Andhra Pradesh,2027,1.4461841787585277,1.2489916696954155,1.6868908620396543
Floor High (1.8),Andhra Pradesh,2028,1.430563080639089,1.216558991173579,1.6947735793058547
Floor High (1.8),Andhra Pradesh,2029,1.4184215822095,1.192396835680537,1.687750543299935
Floor High (1.8),Andhra Pradesh,2030,1.40595826532879,1.1677757100139574,1.6786985482871497
Floor High (1.8),Andhra Pradesh,2031,1.3905338090665098,1.1481983917202638,1.686247329133738
Floor High (1.8),Andhra Pradesh,2032,1.3776383788393298,1.119676504660655,1.6732096257895779
Floor High (1.8),Andhra Pradesh,2033,1.366081453225246,1.1073636422382813,1.6737552456699403
Floor High (1.8),Andhra Pradesh,2034,1.3522261230140253,1.0920816655862666,1.6756164201110302
Floor High (1.8),Andhra Pradesh,2035,1.3395756184204952,1.0750688021081214,1.6675547121453675
Floor High (1.8),Andhra Pradesh,2036,1.327228037443992,1.0590512912799543,1.6659522857315707
Floor High (1.8),Andhra Pradesh,2037,1.3182524268725284,1.053212986834922,1.6468008242867727
Floor High (1.8),Andhra Pradesh,2038,1.3082077258993228,1.0310707348495827,1.6588316370869667
Floor High (1.8),Andhra Pradesh,2039,1.3004348259957264,1.0216634519877912,1.649071578737401
Floor High (1.8),Andhra Pradesh,2040,1.287769216507776,1.006425467714593,1.6383504690600268
Floor High (1.8),Andhra Pradesh,2041,1.2783412625965047,0.996547052234755,1.630863003382386
Floor High (1.8),Andhra Pradesh,2042,1.271703528540131,0.9834250693945011,1.636615684380412
Floor High (1.8),Andhra Pradesh,2043,1.2632295348466802,0.9680725194849942,1.6239086332785957
Floor High (1.8),Andhra Pradesh,2044,1.256080382589896,0.9652788760603249,1.613416038337242
Floor High (1.8),Andhra Pradesh,2045,1.2429190498381102,0.9536353764825226,1.6152824647585096
Floor High (1.8),Andhra Pradesh,2046,1.2348363785158274,0.9454188579267822,1.6113921582056732
Floor High (1.8),Andhra Pradesh,2047,1.2283631989362451,0.940239334916144,1.6020377982473253
Floor High (1.8),Andhra Pradesh,2048,1.2217531352873685,0.9243561252555487,1.5935367723938891
Floor High (1.8),Andhra Pradesh,2049,1.2157684631589203,0.9168474490736437,1.5859462699968123
Floor High (1.8),Andhra Pradesh,2050,1.2086742775256232,0.9085968103090495,1.5863918640728414
Floor High (1.8),Arunachal Pradesh,2023,1.7350220038369042,1.4792368475025315,2.0478081220023188
Floor High (1.8),Arunachal Pradesh,2024,1.717951080863073,1.45582198298518,2.033632454806776
Floor High (1.8),Arunachal Pradesh,2025,1.6984760207730272,1.422519670882946,2.0248814836755553
Floor High (1.8),Arunachal Pradesh,2026,1.6829613827517904,1.395630862259817,2.0163849890234564
Floor High (1.8),Arunachal Pradesh,2027,1.6647720121664529,1.3737835200107877,2.006754224027
Floor High (1.8),Arunachal Pradesh,2028,1.6472710740305765,1.3503069440048074,2.011153096729416
Floor High (1.8),Arunachal Pradesh,2029,1.6305524851857671,1.3298684945226382,2.0008106350722916
Floor High (1.8),Arunachal Pradesh,2030,1.614878837317025,1.3096847877031494,1.98845603645704
Floor High (1.8),Arunachal Pradesh,2031,1.5980191224095572,1.2898167118853572,1.9800786057672082
Floor High (1.8),Arunachal Pradesh,2032,1.5824855368505986,1.2761123574523925,1.962463453742637
Floor High (1.8),Arunachal Pradesh,2033,1.5657774909167332,1.2615950142449726,1.9582202774789268
Floor High (1.8),Arunachal Pradesh,2034,1.552853031177441,1.2330994287746444,1.9442229183906827
Floor High (1.8),Arunachal Pradesh,2035,1.5379334964403277,1.2207705504360835,1.9345546490655605
Floor High (1.8),Arunachal Pradesh,2036,1.5216017457374158,1.1968374413895144,1.9198458776593865
Floor High (1.8),Arunachal Pradesh,2037,1.5136738622374812,1.19163356001763,1.8973989386633923
Floor High (1.8),Arunachal Pradesh,2038,1.4992882123762863,1.1807191646966158,1.8952022943009772
Floor High (1.8),Arunachal Pradesh,2039,1.4862273716509184,1.1665567494720113,1.8912929792670041
Floor High (1.8),Arunachal Pradesh,2040,1.4767590524463157,1.1554749611048667,1.8743760681239796
Floor High (1.8),Arunachal Pradesh,2041,1.4656542154923438,1.1368189967946916,1.87544315321882
Floor High (1.8),Arunachal Pradesh,2042,1.4523229737565404,1.133874622963497,1.8583277597123642
Floor High (1.8),Arunachal Pradesh,2043,1.4409732078120598,1.1178215717600104,1.8499352904654045
Floor High (1.8),Arunachal Pradesh,2044,1.4288296421592954,1.1077511761818544,1.8413646960448244
Floor High (1.8),Arunachal Pradesh,2045,1.418718461174312,1.0949114633566293,1.8285038016571182
Floor High (1.8),Arunachal Pradesh,2046,1.4065944141111908,1.0843172209791752,1.8150560193021585
Floor High (1.8),Arunachal Pradesh,2047,1.398004165433919,1.0794908556004987,1.8056537740814722
Floor High (1.8),Arunachal Pradesh,2048,1.387556994868182,1.063811419657136,1.796591295444206
Floor High (1.8),Arunachal Pradesh,2049,1.3778444493400706,1.0590734043711096,1.8007060126308894
Floor High (1.8),Arunachal Pradesh,2050,1.3693501850167253,1.0411798647741926,1.7870111612682118
Floor High (1.8),Assam,2024,2.0122582155947484,1.851985156795911,2.190367025247991
Floor High (1.8),Assam,2025,1.9920940817139858,1.7972322125644236,2.1932323879150117
Floor High (1.8),Assam,2026,1.972716807033012,1.7654661383597616,2.1929151021996045
Floor High (1.8),Assam,2027,1.9519058941339726,1.726161848479152,2.1936588246564077
Floor High (1.8),Assam,2028,1.9299591365580442,1.6934813266172992,2.197989415975744
Floor High (1.8),Assam,2029,1.9110435346211303,1.66433092787159,2.188126460139161
Floor High (1.8),Assam,2030,1.8920753946170772,1.6433579152117939,2.1829470852185535
Floor High (1.8),Assam,2031,1.874092729916683,1.6117887242934035,2.1889361922280606
Floor High (1.8),Assam,2032,1.8592083495567149,1.5843585161897658,2.181299168748583
Floor High (1.8),Assam,2033,1.8408961182867385,1.553895471126337,2.1754618052945385
Floor High (1.8),Assam,2034,1.8243994877771281,1.535072565906883,2.164872808772279
Floor High (1.8),Assam,2035,1.8050775109497446,1.5152186658277709,2.157720661136107
Floor High (1.8),Assam,2036,1.7918303024260345,1.494709514266305,2.1451351913975345
Floor High (1.8),Assam,2037,1.7782487300824905,1.475117389776015,2.143296842955492
Floor High (1.8),Assam,2038,1.7623340300264894,1.4573805777699604,2.127835817714645
Floor High (1.8),Assam,2039,1.745149347216151,1.4326115510442592,2.1217057965424804
Floor High (1.8),Assam,2040,1.7339301807252494,1.414781457313802,2.126442346154225
Floor High (1.8),Assam,2041,1.7206809106353493,1.3955904559270285,2.1174161194272867
Floor High (1.8),Assam,2042,1.7059344346745324,1.379481936817685,2.0973047924043935
Floor High (1.8),Assam,2043,1.6921109265858618,1.3652249144126245,2.096058729167323
Floor High (1.8),Assam,2044,1.677695166186233,1.346601543569187,2.092339535557887
Floor High (1.8),Assam,2045,1.6645704015049385,1.3321652970512572,2.080343204184307
Floor High (1.8),Assam,2046,1.651061495643255,1.3199990203988692,2.0745814367408393
Floor High (1.8),Assam,2047,1.6377221519439464,1.301402584841687,2.0600474886124123
Floor High (1.8),Assam,2048,1.6247894627916408,1.2873743076626707,2.0450720429885734
Floor High (1.8),Assam,2049,1.6108991506992705,1.2710803743075836,2.0330774631156427
Floor High (1.8),Assam,2050,1.6027271050199634,1.261703616950362,2.0225403702805784
Floor High (1.8),Bihar,2024,2.82956792727459,2.595450609267315,3.0708385070933764
Floor High (1.8),Bihar,2025,2.7850793270867316,2.5160560836134613,3.0698617545253493
Floor High (1.8),Bihar,2026,2.7448716017213606,2.4551619227519472,3.056167428963957
Floor High (1.8),Bihar,2027,2.702215003600081,2.396820920723841,3.049193616893401
Floor High (1.8),Bihar,2028,2.668151719395901,2.3410672183389893,3.0454197347766407
Floor High (1.8),Bihar,2029,2.630287145939673,2.2855194797897602,3.018009830490676
Floor High (1.8),Bihar,2030,2.592656698768426,2.2424574088136646,2.998558136086518
Floor High (1.8),Bihar,2031,2.560556562922124,2.1991365756634025,2.974102480031416
Floor High (1.8),Bihar,2032,2.5260786736531786,2.1475947468014276,2.9592526378100863
Floor High (1.8),Bihar,2033,2.489773148261741,2.10671896560197,2.9352294816614304
Floor High (1.8),Bihar,2034,2.4615446645188817,2.061981974874931,2.906513622060632
Floor High (1.8),Bihar,2035,2.429943195281017,2.02531442969657,2.879316324353838
Floor High (1.8),Bihar,2036,2.4004759835533847,1.9852675673620377,2.8692118651719722
Floor High (1.8),Bihar,2037,2.367032256620786,1.9637797101637926,2.832331496284359
Floor High (1.8),Bihar,2038,2.3342717387515144,1.9267174591620218,2.809374902447937
Floor High (1.8),Bihar,2039,2.308557557839561,1.9015064278190412,2.781705083857428
Floor High (1.8),Bihar,2040,2.2817902330121878,1.8623880868391498,2.7558089679017828
Floor High (1.8),Bihar,2041,2.2567774240893685,1.8406480328881223,2.741439233918429
Floor High (1.8),Bihar,2042,2.2283394964120373,1.8071185978372406,2.7152803376190433
Floor High (1.8),Bihar,2043,2.2118595127351517,1.7803640485214394,2.7027174077501654
Floor High (1.8),Bihar,2044,2.1814268266672014,1.7595781220439664,2.6731489779655537
Floor High (1.8),Bihar,2045,2.160372176407481,1.7327174781627774,2.654379846540661
Floor High (1.8),Bihar,2046,2.1352475600492977,1.7028834795415086,2.6319826546270715
Floor High (1.8),Bihar,2047,2.1118382858799825,1.6761563890689062,2.6101107762490674
Floor High (1.8),Bihar,2048,2.0938661510570995,1.6434009041015734,2.5863290574264854
Floor High (1.8),Bihar,2049,2.066783735931343,1.6295779829897927,2.5757031931850825
Floor High (1.8),Bihar,2050,2.046801316721821,1.6084606102595154,2.547070971139922
Floor High (1.8),Chandigarh,2023,1.4722279217457086,1.2220404220152066,1.7706020461942944
Floor High (1.8),Chandigarh,2024,1.4535620038346073,1.2024425216481005,1.768071711928136
Floor High (1.8),Chandigarh,2025,1.4382420968945602,1.1809892971222626,1.7682001707522061
Floor High (1.8),Chandigarh,2026,1.42549035652375,1.162940212695956,1.7577568452626031
Floor High (1.8),Chandigarh,2027,1.4073001408985553,1.1414330887292916,1.749260150583841
Floor High (1.8),Chandigarh,2028,1.394051985025437,1.1270339617486778,1.746289640159324
Floor High (1.8),Chandigarh,2029,1.3792430467850343,1.1093472312610184,1.7301963915077465
Floor High (1.8),Chandigarh,2030,1.368386497926347,1.085025535312557,1.7250157333268652
Floor High (1.8),Chandigarh,2031,1.3563118828980865,1.0714035733013068,1.7201810755221498
Floor High (1.8),Chandigarh,2032,1.342069524247829,1.065550224011328,1.7226497780006664
Floor High (1.8),Chandigarh,2033,1.332748631635211,1.048208601542231,1.7132915371378894
Floor High (1.8),Chandigarh,2034,1.324262147023038,1.0319571721864707,1.7071625365440004
Floor High (1.8),Chandigarh,2035,1.313171608809359,1.0155512228818788,1.6996339392080957
Floor High (1.8),Chandigarh,2036,1.298053539038976,1.0037891976043163,1.6834811012985798
Floor High (1.8),Chandigarh,2037,1.2894901072632226,0.9884714766313878,1.6833422768871886
Floor High (1.8),Chandigarh,2038,1.282933457160089,0.981148034852933,1.6697056327360442
Floor High (1.8),Chandigarh,2039,1.2698163093462016,0.9740411591921178,1.6604569320663694
Floor High (1.8),Chandigarh,2040,1.2649693842695506,0.9602082077901728,1.6537528263813794
Floor High (1.8),Chandigarh,2041,1.2558888626626596,0.9477015578328453,1.6490963109608028
Floor High (1.8),Chandigarh,2042,1.2501367463677595,0.9418999919896377,1.629691752734456
Floor High (1.8),Chandigarh,2043,1.2403724223181487,0.9312916130396502,1.6222419521070868
Floor High (1.8),Chandigarh,2044,1.2314670216192884,0.9279631191374454,1.624778029960267
Floor High (1.8),Chandigarh,2045,1.2253394621422404,0.918014720041487,1.6144603545091858
Floor High (1.8),Chandigarh,2046,1.219065564522534,0.9102411146506961,1.615003436664397
Floor High (1.8),Chandigarh,2047,1.211117549598347,0.9023886965419389,1.6074436099792004
Floor High (1.8),Chandigarh,2048,1.2048923264125406,0.895493053682533,1.5987525256443968
Floor High (1.8),Chandigarh,2049,1.197749547242327,0.8891934865371733,1.5894992636111418
Floor High (1.8),Chandigarh,2050,1.1908913457709076,0.8822174843894369,1.5810924695273083
Floor High (1.8),Chhattisgarh,2024,2.1684680162909933,1.9944235303990787,2.359930379084804
Floor High (1.8),Chhattisgarh,2025,2.142239520968286,1.944146519415034,2.3650743922782302
Floor High (1.8),Chhattisgarh,2026,2.1196962094729814,1.8974862184052688,2.3609723605672857
Floor High (1.8),Chhattisgarh,2027,2.094209150017867,1.8580980703635008,2.3587909281885415
Floor High (1.8),Chhattisgarh,2028,2.068133773837709,1.810723181828926,2.3510992613966017
Floor High (1.8),Chhattisgarh,2029,2.048376362467506,1.7838717793170167,2.3526003643517606
Floor High (1.8),Chhattisgarh,2030,2.0260496685623965,1.747316294264889,2.347250274253275
Floor High (1.8),Chhattisgarh,2031,2.0012805658818635,1.720165313852413,2.340143751090141
Floor High (1.8),Chhattisgarh,2032,1.9790979265018356,1.683132036016126,2.3201289834371788
Floor High (1.8),Chhattisgarh,2033,1.957193276838566,1.6517814718647956,2.309223519710936
Floor High (1.8),Chhattisgarh,2034,1.936985474094679,1.6288558526769397,2.306870552789856
Floor High (1.8),Chhattisgarh,2035,1.9190422744790112,1.6100653768827704,2.2988135656950384
Floor High (1.8),Chhattisgarh,2036,1.8991414520897787,1.5757429678216988,2.2911144855939556
Floor High (1.8),Chhattisgarh,2037,1.8852112033989896,1.5609620523676182,2.268569331750999
Floor High (1.8),Chhattisgarh,2038,1.8609499545781938,1.5392184109063305,2.257087753400308
Floor High (1.8),Chhattisgarh,2039,1.8450717582509961,1.5126562997383526,2.2465605142166605
Floor High (1.8),Chhattisgarh,2040,1.8250345485606814,1.4945571518589067,2.229411383120112
Floor High (1.8),Chhattisgarh,2041,1.8078872466912241,1.4727293766108105,2.2118823205484217
Floor High (1.8),Chhattisgarh,2042,1.7961011729143483,1.4556281797586776,2.2026170296228487
Floor High (1.8),Chhattisgarh,2043,1.7810969644507026,1.4306296267929854,2.1941939625533613
Floor High (1.8),Chhattisgarh,2044,1.7619080872776105,1.4199703725740134,2.1835457731380483
Floor High (1.8),Chhattisgarh,2045,1.7483482015323288,1.395567499658253,2.162613245779085
Floor High (1.8),Chhattisgarh,2046,1.7345221046529242,1.3799462109730878,2.1512813698880153
Floor High (1.8),Chhattisgarh,2047,1.7164879652927931,1.3697940246340197,2.1477598394699466
Floor High (1.8),Chhattisgarh,2048,1.7002949465791426,1.3490800089148198,2.135623456226598
Floor High (1.8),Chhattisgarh,2049,1.6869304655506567,1.3341675380966145,2.1184158279981915
Floor High (1.8),Chhattisgarh,2050,1.6735466860103214,1.317089630026407,2.10751971121939
Floor High (1.8),Dadra & Nagar Haveli and Daman & Diu,2023,1.9534816953164769,1.6707507805587,2.2600628119686927
Floor High (1.8),Dadra & Nagar Haveli and Daman & Diu,2024,1.9345562199068504,1.6528629824000256,2.2603473575905237
Floor High (1.8),Dadra & Nagar Haveli and Daman & Diu,2025,1.9152365892014451,1.626811717542216,2.250436801517011
Floor High (1.8),Dadra & Nagar Haveli and Daman & Diu,2026,1.8987467533184779,1.5888797924740228,2.238181364767487
Floor High (1.8),Dadra & Nagar Haveli and Daman & Diu,2027,1.8797417142615123,1.563188128062166,2.2231898565606536
Floor High (1.8),Dadra & Nagar Haveli and Daman & Diu,2028,1.858701806749544,1.5499965269313172,2.223243557990104
Floor High (1.8),Dadra & Nagar Haveli and Daman & Diu,2029,1.8382340114857758,1.5220544296869931,2.2052633503231696
Floor High (1.8),Dadra & Nagar Haveli and Daman & Diu,2030,1.824240727257624,1.5110905422264624,2.193008722487759
Floor High (1.8),Dadra & Nagar Haveli and Daman & Diu,2031,1.8082990439767628,1.4884636850333173,2.1889956044291092
Floor High (1.8),Dadra & Nagar Haveli and Daman & Diu,2032,1.793567976371382,1.469388710186105,2.1760522936052475
Floor High (1.8),Dadra & Nagar Haveli and Daman & Diu,2033,1.7734844249624497,1.453123255884047,2.1694916057834384
Floor High (1.8),Dadra & Nagar Haveli and Daman & Diu,2034,1.757537575435768,1.4322824609092943,2.1578962923772065
Floor High (1.8),Dadra & Nagar Haveli and Daman & Diu,2035,1.7435989578163889,1.4112344615908758,2.1466394273108915
Floor High (1.8),Dadra & Nagar Haveli and Daman & Diu,2036,1.728546187094588,1.3964822124157672,2.132571712911741
Floor High (1.8),Dadra & Nagar Haveli and Daman & Diu,2037,1.717661235644041,1.3784911860316316,2.1181211649863974
Floor High (1.8),Dadra & Nagar Haveli and Daman & Diu,2038,1.7010862507594857,1.3585819001328379,2.1180670728305846
Floor High (1.8),Dadra & Nagar Haveli and Daman & Diu,2039,1.686577978226326,1.3391603422133658,2.1134513597171085
Floor High (1.8),Dadra & Nagar Haveli and Daman & Diu,2040,1.6740275688836763,1.3336118638839982,2.097598745393702
Floor High (1.8),Dadra & Nagar Haveli and Daman & Diu,2041,1.6642406117804684,1.3138933262464558,2.0763127087733206
Floor High (1.8),Dadra & Nagar Haveli and Daman & Diu,2042,1.6497041612774108,1.3038210073042618,2.060310642700204
Floor High (1.8),Dadra & Nagar Haveli and Daman & Diu,2043,1.6347237266412353,1.2933116955366206,2.0502739558175778
Floor High (1.8),Dadra & Nagar Haveli and Daman & Diu,2044,1.6217455389538737,1.2740521888655791,2.040513750212128
Floor High (1.8),Dadra & Nagar Haveli and Daman & Diu,2045,1.6091041807678026,1.2603053451993163,2.0342274263990547
Floor High (1.8),Dadra & Nagar Haveli and Daman & Diu,2046,1.59666129002958,1.2437953955017798,2.0150563595502344
Floor High (1.8),Dadra & Nagar Haveli and Daman & Diu,2047,1.5847932447370878,1.2248999743148232,2.007324410142212
Floor High (1.8),Dadra & Nagar Haveli and Daman & Diu,2048,1.5765355239886296,1.2185435040525892,1.997062674401422
Floor High (1.8),Dadra & Nagar Haveli and Daman & Diu,2049,1.563546783877927,1.202689175970822,1.9823246791174516
Floor High (1.8),Dadra & Nagar Haveli and Daman & Diu,2050,1.5501943626782344,1.193325399622855,1.9737816951738503
Floor High (1.8),Delhi,2024,1.2960363341830639,1.1792692323585385,1.4201453747208899
Floor High (1.8),Delhi,2025,1.289719194498684,1.1550108237313286,1.4356128570901872
Floor High (1.8),Delhi,2026,1.2820855413545074,1.1345163867505899,1.4439736191086827
Floor High (1.8),Delhi,2027,1.2743856552107569,1.1145820240186943,1.4536955472307607
Floor High (1.8),Delhi,2028,1.2676897862916543,1.0987437750875637,1.4571035097715297
Floor High (1.8),Delhi,2029,1.2594937542943934,1.0791088931954493,1.4653247034238608
Floor High (1.8),Delhi,2030,1.255244721932664,1.0590579862758938,1.471978232466149
Floor High (1.8),Delhi,2031,1.248557565069217,1.0454427200605723,1.4861057929544925
Floor High (1.8),Delhi,2032,1.242271447802773,1.0354732895934018,1.4880120519844873
Floor High (1.8),Delhi,2033,1.2363715711057734,1.028128186080038,1.4853177570657383
Floor High (1.8),Delhi,2034,1.2314911239280155,1.0210826419041754,1.4848303652214336
Floor High (1.8),Delhi,2035,1.225426687649131,1.0042729678039626,1.4883888320185412
Floor High (1.8),Delhi,2036,1.2199795060166536,0.9936947998528897,1.487763339587559
Floor High (1.8),Delhi,2037,1.2134576922819358,0.9811531090959038,1.4948696100181504
Floor High (1.8),Delhi,2038,1.2094469676731916,0.9722255353654115,1.4937609084297057
Floor High (1.8),Delhi,2039,1.2052458053666932,0.964010666314216,1.497208972753244
Floor High (1.8),Delhi,2040,1.199492815968357,0.9546525086947243,1.5004265545005302
Floor High (1.8),Delhi,2041,1.1951817340846866,0.9488046861175992,1.496552922825528
Floor High (1.8),Delhi,2042,1.1904058750809783,0.9390421702142656,1.4942729881093122
Floor High (1.8),Delhi,2043,1.1863289201715848,0.9340941921379745,1.4974854139842033
Floor High (1.8),Delhi,2044,1.181081134924062,0.9276099006891441,1.4983567779547302
Floor High (1.8),Delhi,2045,1.1762352033286878,0.9168678839013045,1.4955335104932157
Floor High (1.8),Delhi,2046,1.1754359958314176,0.913778736320889,1.5051179050280343
Floor High (1.8),Delhi,2047,1.1690630036459972,0.9133508462865163,1.4928903910365223
Floor High (1.8),Delhi,2048,1.1643992629467326,0.9044021938415365,1.490397865948756
Floor High (1.8),Delhi,2049,1.1612952038564093,0.9023330998186434,1.484513213320604
Floor High (1.8),Delhi,2050,1.1587780637170884,0.8998917827864816,1.4902854506879852
Floor High (1.8),Goa,2023,1.3585648458700408,1.13933161056994,1.6121613134091457
Floor High (1.8),Goa,2024,1.348162102279554,1.118331839113736,1.61625642224454
Floor High (1.8),Goa,2025,1.3378588303211787,1.1096950113759783,1.6117659780275584
Floor High (1.8),Goa,2026,1.3262739210611478,1.0917910402614774,1.6155711199772655
Floor High (1.8),Goa,2027,1.3198716745454333,1.0756575076874095,1.613364235597999
Floor High (1.8),Goa,2028,1.3085313988058331,1.0628550934560028,1.6136002777130691
Floor High (1.8),Goa,2029,1.300081393667151,1.0467716137184166,1.6049237263701792
Floor High (1.8),Goa,2030,1.2910011622233606,1.0329836989210344,1.6105674307924727
Floor High (1.8),Goa,2031,1.2843513809838611,1.022881442452521,1.605534804314859
Floor High (1.8),Goa,2032,1.2743230362418676,1.0166139494847175,1.6000188976685152
Floor High (1.8),Goa,2033,1.2668696354662732,1.0020755584773962,1.592902586070953
Floor High (1.8),Goa,2034,1.2622089329728756,0.9925955415455746,1.594465792705253
Floor High (1.8),Goa,2035,1.2535832100026554,0.9851446258842533,1.5930338728114404
Floor High (1.8),Goa,2036,1.2425421785275583,0.9722929590597869,1.6009321714018832
Floor High (1.8),Goa,2037,1.2385649982555906,0.961580150428436,1.5991886278075385
Floor High (1.8),Goa,2038,1.2298374689568676,0.9571047102645706,1.5948116279123663
Floor High (1.8),Goa,2039,1.22465693393425,0.9526961227265657,1.5924483660768916
Floor High (1.8),Goa,2040,1.2205655499641401,0.943638816885715,1.5897865239889764
Floor High (1.8),Goa,2041,1.2131556071516973,0.9339089833861535,1.585149032841345
Floor High (1.8),Goa,2042,1.2075818413640298,0.9284062267798688,1.5699737086948335
Floor High (1.8),Goa,2043,1.2026244191336692,0.9169164067577883,1.5685580653454019
Floor High (1.8),Goa,2044,1.1970860567379313,0.9117323307893296,1.5618355660250471
Floor High (1.8),Goa,2045,1.1915470907553645,0.9017442743201779,1.5662945448092427
Floor High (1.8),Goa,2046,1.1851659513340218,0.8936458803928427,1.5612042506630328
Floor High (1.8),Goa,2047,1.1786132720295148,0.8941592343385593,1.5629232018378387
Floor High (1.8),Goa,2048,1.1778771834486312,0.8878901669226624,1.561749772915791
Floor High (1.8),Goa,2049,1.1711392856673095,0.8805028166712462,1.5554980476872577
Floor High (1.8),Goa,2050,1.1629696617426646,0.8747425538316826,1.558027700404256
Floor High (1.8),Gujarat,2024,1.8458031553672507,1.6885429155421043,2.0190867389175926
Floor High (1.8),Gujarat,2025,1.822577031525246,1.631971848615434,2.0261643852654547
Floor High (1.8),Gujarat,2026,1.7986015681221623,1.5958401547012968,2.0292096426528845
Floor High (1.8),Gujarat,2027,1.7772157016068264,1.5562725404389592,2.024766803583487
Floor High (1.8),Gujarat,2028,1.7546644559162707,1.5174603251799648,2.033960718154343
Floor High (1.8),Gujarat,2029,1.734218083599384,1.4844669894892233,2.0254251615038195
Floor High (1.8),Gujarat,2030,1.713545293340415,1.4630767659787443,2.0213278278531805
Floor High (1.8),Gujarat,2031,1.6963109143669892,1.4367036895710612,2.013105909717258
Floor High (1.8),Gujarat,2032,1.6770753814055104,1.412958278879318,2.0062176110597423
Floor High (1.8),Gujarat,2033,1.6594713115630484,1.3892131620586698,1.9919806872589823
Floor High (1.8),Gujarat,2034,1.6411186076479134,1.371210741633843,1.9851006516643015
Floor High (1.8),Gujarat,2035,1.6237173584986981,1.3463081636319822,1.9720171506716921
Floor High (1.8),Gujarat,2036,1.605817203237693,1.3195431846905767,1.9692460255705202
Floor High (1.8),Gujarat,2037,1.5930215907020915,1.3027381776920175,1.9629277940661158
Floor High (1.8),Gujarat,2038,1.5760953734890122,1.2798006978466805,1.9469043528040855
Floor High (1.8),Gujarat,2039,1.5622759506508328,1.2690202454690258,1.9402911373865437
Floor High (1.8),Gujarat,2040,1.546346364316212,1.2484934082541392,1.9364137189763078
Floor High (1.8),Gujarat,2041,1.5333343381314077,1.226841801277344,1.9377858136727668
Floor High (1.8),Gujarat,2042,1.518884702281524,1.2129838032534122,1.9225025453952116
Floor High (1.8),Gujarat,2043,1.5049199529580841,1.2002823274583072,1.9180933096381247
Floor High (1.8),Gujarat,2044,1.4936156226241581,1.1830680315566278,1.891759588964339
Floor High (1.8),Gujarat,2045,1.48324032072593,1.1676199246171113,1.8836247347970543
Floor High (1.8),Gujarat,2046,1.4711856378243047,1.153580139633992,1.8681696407660788
Floor High (1.8),Gujarat,2047,1.4587397895566963,1.135170776303319,1.8699193307665387
Floor High (1.8),Gujarat,2048,1.4464473244747467,1.1269340016906109,1.8635524519919173
Floor High (1.8),Gujarat,2049,1.4374125120172145,1.1143418788104409,1.849676689672888
Floor High (1.8),Gujarat,2050,1.4265199382645473,1.0985620375513168,1.8393476081274287
Floor High (1.8),Haryana,2024,1.9141325141029948,1.7466168431657594,2.0951942883319936
Floor High (1.8),Haryana,2025,1.8885423581887648,1.696855495919904,2.1003888338590357
Floor High (1.8),Haryana,2026,1.8646848721212403,1.6505829802063752,2.1063902738136515
Floor High (1.8),Haryana,2027,1.8382463534343632,1.61490901198827,2.1056021293172096
Floor High (1.8),Haryana,2028,1.8140016881660332,1.5772667426551743,2.102488178476978
Floor High (1.8),Haryana,2029,1.7930553198971766,1.5477738344664258,2.096363569312592
Floor High (1.8),Haryana,2030,1.774018642839858,1.5125674908499607,2.0839656444897905
Floor High (1.8),Haryana,2031,1.7495544931738116,1.4821016893626333,2.0785392778479803
Floor High (1.8),Haryana,2032,1.7363205855255295,1.4496114070978483,2.0689563648021716
Floor High (1.8),Haryana,2033,1.7154551365525565,1.4254372631894223,2.0502620828430524
Floor High (1.8),Haryana,2034,1.6982843917205654,1.4006296336375077,2.043952108233766
Floor High (1.8),Haryana,2035,1.6793010679539206,1.3754631165670943,2.0274739431165383
Floor High (1.8),Haryana,2036,1.661292468470077,1.3607172977567474,2.01806630787336
Floor High (1.8),Haryana,2037,1.645851948540964,1.3396995075631368,2.005754506684283
Floor High (1.8),Haryana,2038,1.6300504106063778,1.3209742024750744,1.9885452925760714
Floor High (1.8),Haryana,2039,1.6115151227961546,1.3010301019171175,1.979105493274977
Floor High (1.8),Haryana,2040,1.595812330334092,1.2824961340071552,1.97727315369367
Floor High (1.8),Haryana,2041,1.5809938447451792,1.258786972793314,1.9739549374736296
Floor High (1.8),Haryana,2042,1.565714983890314,1.2452964721727777,1.9482837646929831
Floor High (1.8),Haryana,2043,1.5517701464129394,1.2257058174553337,1.9391164559579286
Floor High (1.8),Haryana,2044,1.5407422329752576,1.2141426591581805,1.931148565437778
Floor High (1.8),Haryana,2045,1.527391450270688,1.2006800446856536,1.9200664670423047
Floor High (1.8),Haryana,2046,1.5124296251242253,1.1887139413302548,1.9162141111707527
Floor High (1.8),Haryana,2047,1.502636438332197,1.1679100216053406,1.911833680995633
Floor High (1.8),Haryana,2048,1.4872721663616364,1.1532768254401755,1.8956036377304621
Floor High (1.8),Haryana,2049,1.4772260446247436,1.14231466075111,1.8871430273516296
Floor High (1.8),Haryana,2050,1.4657641773276027,1.1313838045214275,1.8840785694582995
Floor High (1.8),Himachal Pradesh,2024,1.5302818212409774,1.3870813298316496,1.693535464375727
Floor High (1.8),Himachal Pradesh,2025,1.5115928510019172,1.3438841100025047,1.7109111946431639
Floor High (1.8),Himachal Pradesh,2026,1.4911857448739498,1.3058768711687418,1.7183596006456292
Floor High (1.8),Himachal Pradesh,2027,1.4760450225336827,1.2727398377068955,1.7251223460671306
Floor High (1.8),Himachal Pradesh,2028,1.4611139071144854,1.24194257791696,1.71563196227066
Floor High (1.8),Himachal Pradesh,2029,1.444004517326444,1.2125794453288687,1.7277927825953403
Floor High (1.8),Himachal Pradesh,2030,1.4268654946719397,1.190040997467209,1.7212276709584862
Floor High (1.8),Himachal Pradesh,2031,1.4118622933430878,1.1592438413494894,1.7097244931968678
Floor High (1.8),Himachal Pradesh,2032,1.3986142549432268,1.1442466946569403,1.7128058528198555
Floor High (1.8),Himachal Pradesh,2033,1.3825763435105265,1.1291651934757176,1.7115433314145745
Floor High (1.8),Himachal Pradesh,2034,1.369615504184658,1.1055523186457046,1.697357639172691
Floor High (1.8),Himachal Pradesh,2035,1.3562603725462783,1.085871254151213,1.6984451450627613
Floor High (1.8),Himachal Pradesh,2036,1.34592914460357,1.0748570018553885,1.69784734210856
Floor High (1.8),Himachal Pradesh,2037,1.3365387436816007,1.0598949585249613,1.6952880027759847
Floor High (1.8),Himachal Pradesh,2038,1.3240583340677685,1.0408266983190861,1.6832591920090945
Floor High (1.8),Himachal Pradesh,2039,1.3151914664581024,1.0215751616310758,1.6806389501226286
Floor High (1.8),Himachal Pradesh,2040,1.3017001959829222,1.0147482094708375,1.668969628428556
Floor High (1.8),Himachal Pradesh,2041,1.2926479099555712,1.003847876226239,1.6630484903188967
Floor High (1.8),Himachal Pradesh,2042,1.2854629097868129,0.9944998870575092,1.6557963351662295
Floor High (1.8),Himachal Pradesh,2043,1.2759195342513678,0.9805610837694222,1.6528674072639933
Floor High (1.8),Himachal Pradesh,2044,1.2665770606689368,0.9782374429595366,1.6435043048380005
Floor High (1.8),Himachal Pradesh,2045,1.2545742995885223,0.9652905459294057,1.6449250550047745
Floor High (1.8),Himachal Pradesh,2046,1.247899270990259,0.9508770698446087,1.638962488171543
Floor High (1.8),Himachal Pradesh,2047,1.2414942655101442,0.9521365191404414,1.6305545458407076
Floor High (1.8),Himachal Pradesh,2048,1.2339397602017672,0.9417146893769086,1.631365761388587
Floor High (1.8),Himachal Pradesh,2049,1.226021846399942,0.9351531066111836,1.619702949602992
Floor High (1.8),Himachal Pradesh,2050,1.2126016724143756,0.929782998784893,1.6210780165655667
Floor High (1.8),Jammu & Kashmir,2024,1.505097244953519,1.3702890311834652,1.6511986705847141
Floor High (1.8),Jammu & Kashmir,2025,1.4925659002301763,1.3414853693930466,1.660205659176132
Floor High (1.8),Jammu & Kashmir,2026,1.4813846641703616,1.314644903770089,1.6603724014077395
Floor High (1.8),Jammu & Kashmir,2027,1.4699246750232393,1.2871397010650079,1.6676239636368388
Floor High (1.8),Jammu & Kashmir,2028,1.457254867800187,1.2673550215593543,1.6761300673448514
Floor High (1.8),Jammu & Kashmir,2029,1.447918317656174,1.2444300381062436,1.6792174079515068
Floor High (1.8),Jammu & Kashmir,2030,1.4405258689361027,1.2232400008859188,1.6783547172145106
Floor High (1.8),Jammu & Kashmir,2031,1.4282834201467876,1.2038629835429153,1.6772421132464888
Floor High (1.8),Jammu & Kashmir,2032,1.420258002797199,1.1880882089925109,1.6763485161638458
Floor High (1.8),Jammu & Kashmir,2033,1.4110954695060098,1.170865427188854,1.6817518338300155
Floor High (1.8),Jammu & Kashmir,2034,1.4009018978403316,1.1512817072965709,1.6778522405311764
Floor High (1.8),Jammu & Kashmir,2035,1.3922094600556143,1.1357634444082019,1.6763425995325782
Floor High (1.8),Jammu & Kashmir,2036,1.3818952260314874,1.1221616510656265,1.672702587314484
Floor High (1.8),Jammu & Kashmir,2037,1.3719218672491027,1.1130309492835835,1.6684029359672492
Floor High (1.8),Jammu & Kashmir,2038,1.3620169281781194,1.0965825666442686,1.6648561667217048
Floor High (1.8),Jammu & Kashmir,2039,1.35134353644625,1.0797305361228815,1.661381834389271
Floor High (1.8),Jammu & Kashmir,2040,1.3445896536454842,1.0726158227375044,1.667864733616217
Floor High (1.8),Jammu & Kashmir,2041,1.3367070302575579,1.0601057332471415,1.6564468778065191
Floor High (1.8),Jammu & Kashmir,2042,1.3262756704143048,1.0544123917461412,1.654130185363804
Floor High (1.8),Jammu & Kashmir,2043,1.317833361810989,1.0373494282738902,1.6453603293678158
Floor High (1.8),Jammu & Kashmir,2044,1.310579794510031,1.0282420689000975,1.6504818873843348
Floor High (1.8),Jammu & Kashmir,2045,1.3056692504691496,1.01928186716931,1.6511851703033122
Floor High (1.8),Jammu & Kashmir,2046,1.2998719854528449,1.0118835881154653,1.6478000615480144
Floor High (1.8),Jammu & Kashmir,2047,1.2902589248270595,1.0047868470770445,1.6455422638349662
Floor High (1.8),Jammu & Kashmir,2048,1.284943050366648,0.9941483185066324,1.6466650983947495
Floor High (1.8),Jammu & Kashmir,2049,1.2744974202156873,0.9840266693788777,1.6385717701425107
Floor High (1.8),Jammu & Kashmir,2050,1.2715816653914733,0.9786724476463926,1.6287104229971134
Floor High (1.8),Jharkhand,2024,2.177061946297517,2.0066073064353565,2.359138419594804
Floor High (1.8),Jharkhand,2025,2.151584456253353,1.9544775582127896,2.3742710093317405
Floor High (1.8),Jharkhand,2026,2.1313964715108433,1.9171831241416928,2.367085640557432
Floor High (1.8),Jharkhand,2027,2.1084057717725164,1.8692220903565193,2.3763127756373326
Floor High (1.8),Jharkhand,2028,2.08798567326346,1.831445984958561,2.3623353750899794
Floor High (1.8),Jharkhand,2029,2.0665732846012337,1.8002442093930628,2.362413311503808
Floor High (1.8),Jharkhand,2030,2.043635365578039,1.7721843967291397,2.3522197240312526
Floor High (1.8),Jharkhand,2031,2.0230500228951143,1.7388659607855705,2.342027572774939
Floor High (1.8),Jharkhand,2032,2.0042655086489582,1.7072761467688689,2.3338482813704604
Floor High (1.8),Jharkhand,2033,1.9845620235504138,1.6853621279864823,2.3200651219870325
Floor High (1.8),Jharkhand,2034,1.964535392231431,1.6578976082371906,2.3037619711455166
Floor High (1.8),Jharkhand,2035,1.9451163245902965,1.634311048436517,2.300080270435866
Floor High (1.8),Jharkhand,2036,1.9297313145859714,1.6184774853269819,2.287483903089016
Floor High (1.8),Jharkhand,2037,1.9095481891882924,1.5945443117835418,2.2888081010004964
Floor High (1.8),Jharkhand,2038,1.8950573711173209,1.5662464314029607,2.279279280355987
Floor High (1.8),Jharkhand,2039,1.8743562825872657,1.5517880253201617,2.2645335969721154
Floor High (1.8),Jharkhand,2040,1.86011189109358,1.530568033654297,2.2478174966412987
Floor High (1.8),Jharkhand,2041,1.8461703667673302,1.510690470973356,2.2454592072157546
Floor High (1.8),Jharkhand,2042,1.8281194270234362,1.4932691901879929,2.229576733400594
Floor High (1.8),Jharkhand,2043,1.8095354721678936,1.4776725214726363,2.214042224095854
Floor High (1.8),Jharkhand,2044,1.7942091379557574,1.4552283137392468,2.2022772828834394
Floor High (1.8),Jharkhand,2045,1.7771044146583295,1.442322435339148,2.1875032468741766
Floor High (1.8),Jharkhand,2046,1.7616742286911735,1.4221988716600287,2.1766001328914055
Floor High (1.8),Jharkhand,2047,1.7488228302865054,1.4030200267501598,2.1767513780478325
Floor High (1.8),Jharkhand,2048,1.73257594950141,1.382579530523554,2.15580376866179
Floor High (1.8),Jharkhand,2049,1.7229209615413912,1.3736068450050707,2.138814887580767
Floor High (1.8),Jharkhand,2050,1.707770749044054,1.352543929798473,2.14319259368078
Floor High (1.8),Karnataka,2024,1.5259418561203746,1.377271572853316,1.6851288793574701
Floor High (1.8),Karnataka,2025,1.5061494338268424,1.3361512121800678,1.7000858248158601
Floor High (1.8),Karnataka,2026,1.4898884556903491,1.3004391034421514,1.706045373827163
Floor High (1.8),Karnataka,2027,1.4724348610837832,1.271395986110995,1.7026642034905906
Floor High (1.8),Karnataka,2028,1.456688845085831,1.2433407100424967,1.7008184722815298
Floor High (1.8),Karnataka,2029,1.4404393591710547,1.2165830691922477,1.7076611907319454
Floor High (1.8),Karnataka,2030,1.4246878028028922,1.1936627710548908,1.707445445380557
Floor High (1.8),Karnataka,2031,1.4099417648906556,1.1710332773851588,1.7023656975126888
Floor High (1.8),Karnataka,2032,1.396719721080375,1.1533390966597303,1.695631027692019
Floor High (1.8),Karnataka,2033,1.383613240410765,1.1313786132583923,1.6985781589735685
Floor High (1.8),Karnataka,2034,1.3679930526995316,1.116116860513454,1.6943925679404481
Floor High (1.8),Karnataka,2035,1.3558719457704254,1.0999116560144697,1.6916067846745249
Floor High (1.8),Karnataka,2036,1.3482042442879298,1.0878227203855095,1.6893511925332803
Floor High (1.8),Karnataka,2037,1.336149020695742,1.06653604558557,1.67024041274463
Floor High (1.8),Karnataka,2038,1.3243458783432347,1.0540187823396325,1.661131385987727
Floor High (1.8),Karnataka,2039,1.311835179251824,1.0412151271427152,1.6516880223561423
Floor High (1.8),Karnataka,2040,1.3028677703791671,1.0231802799934515,1.6434532025479065
Floor High (1.8),Karnataka,2041,1.2933203547505816,1.0149287671830736,1.6406880880233494
Floor High (1.8),Karnataka,2042,1.282640106772841,1.0086172733170837,1.6334027837206484
Floor High (1.8),Karnataka,2043,1.274717771297162,0.9907397231019883,1.626408898793895
Floor High (1.8),Karnataka,2044,1.2639066457513697,0.9820648131875286,1.626169556056862
Floor High (1.8),Karnataka,2045,1.2531638694111369,0.9680175619146915,1.6229195162774719
Floor High (1.8),Karnataka,2046,1.2450086867905699,0.95685233412873,1.620237583232333
Floor High (1.8),Karnataka,2047,1.2354304910359901,0.9476756899578673,1.6029416210611571
Floor High (1.8),Karnataka,2048,1.2287991857708795,0.937377493704205,1.6001845358303064
Floor High (1.8),Karnataka,2049,1.2216981764874713,0.9314356208314711,1.598603615853367
Floor High (1.8),Karnataka,2050,1.2164463469932858,0.9229582278845356,1.5879311704069812
Floor High (1.8),Kerala,2024,1.4897623243650422,1.3531971196937977,1.6426464229641908
Floor High (1.8),Kerala,2025,1.4731983254130978,1.3093525488270095,1.6540511490136056
Floor High (1.8),Kerala,2026,1.4601839819072007,1.2789743836891898,1.6610247473180222
Floor High (1.8),Kerala,2027,1.4485771317070197,1.2519648598162818,1.6637911025463648
Floor High (1.8),Kerala,2028,1.4339429418854615,1.224317953435759,1.6673007147684438
Floor High (1.8),Kerala,2029,1.4225116735088124,1.1969728372965638,1.672290626201962
Floor High (1.8),Kerala,2030,1.4088805326630411,1.1832454948036717,1.677353774823136
Floor High (1.8),Kerala,2031,1.3972750259559772,1.1683265716501718,1.667864871491375
Floor High (1.8),Kerala,2032,1.3886775550188517,1.143362785646984,1.6676486119404847
Floor High (1.8),Kerala,2033,1.3787603305275642,1.1233759237210683,1.6706649739094785
Floor High (1.8),Kerala,2034,1.3691503629995334,1.11060117532122,1.667602208468388
Floor High (1.8),Kerala,2035,1.3597776465822333,1.092952415365622,1.6720282787779592
Floor High (1.8),Kerala,2036,1.3469191396931777,1.081432682183013,1.6668118726510779
Floor High (1.8),Kerala,2037,1.338037604202773,1.063788923467209,1.6530752628965677
Floor High (1.8),Kerala,2038,1.3286883685421422,1.0569875639025137,1.6484311247017451
Floor High (1.8),Kerala,2039,1.3185359750408188,1.043826456922313,1.6417414878461591
Floor High (1.8),Kerala,2040,1.3065868403071526,1.0280097941523687,1.6456532712911371
Floor High (1.8),Kerala,2041,1.2986711120086545,1.016722518314027,1.6387621536771335
Floor High (1.8),Kerala,2042,1.290076964354382,1.0030206973103557,1.6367624462293813
Floor High (1.8),Kerala,2043,1.2821264842533011,0.9975559609097001,1.6339338564455985
Floor High (1.8),Kerala,2044,1.2761297303398242,0.9833966668771968,1.630688883718414
Floor High (1.8),Kerala,2045,1.2647963514548666,0.9773657980462365,1.6274175038712713
Floor High (1.8),Kerala,2046,1.25455657512766,0.9764209954614896,1.6282942960429063
Floor High (1.8),Kerala,2047,1.2478950639019892,0.9655316465112577,1.6284437887986196
Floor High (1.8),Kerala,2048,1.2430731295497397,0.9550683030143425,1.6172596741257985
Floor High (1.8),Kerala,2049,1.2349138985306674,0.9393917737325556,1.6140200253160084
Floor High (1.8),Kerala,2050,1.2315407493309825,0.9367089496097483,1.609927311118509
Floor High (1.8),Ladakh,2023,1.29639801066349,1.1399152379731832,1.4753732871124912
Floor High (1.8),Ladakh,2024,1.289000047086934,1.1225481189144857,1.479529579058944
Floor High (1.8),Ladakh,2025,1.2805109207995435,1.104222922762393,1.4888078461670846
Floor High (1.8),Ladakh,2026,1.2760677009691848,1.0882219438163185,1.4943136188302273
Floor High (1.8),Ladakh,2027,1.2706312638732817,1.0716171253515778,1.4966524010490354
Floor High (1.8),Ladakh,2028,1.2625371937805328,1.056080654420429,1.5019384083480136
Floor High (1.8),Ladakh,2029,1.2548468703959905,1.0474178135190795,1.5082078570409
Floor High (1.8),Ladakh,2030,1.2474934196810732,1.0391624681717115,1.508499252220125
Floor High (1.8),Ladakh,2031,1.2415731879137708,1.0268341829199763,1.5166297337832175
Floor High (1.8),Ladakh,2032,1.236406180132202,1.0116969439591461,1.5169114360123823
Floor High (1.8),Ladakh,2033,1.2282060928952934,1.0061264474468672,1.5130316931525436
Floor High (1.8),Ladakh,2034,1.2246413410851746,0.9946167020412515,1.5189982846833943
Floor High (1.8),Ladakh,2035,1.218453562728466,0.9853780603565775,1.5183439046464637
Floor High (1.8),Ladakh,2036,1.212092054345168,0.9693095197332703,1.5173365160904668
Floor High (1.8),Ladakh,2037,1.2081231618659765,0.9652250778836924,1.5110202717780428
Floor High (1.8),Ladakh,2038,1.2031837098118179,0.9602878489451588,1.5077441969036025
Floor High (1.8),Ladakh,2039,1.2006908799968175,0.9507185803254139,1.509818935868153
Floor High (1.8),Ladakh,2040,1.1957081411767647,0.9430725827194201,1.5129610539843992
Floor High (1.8),Ladakh,2041,1.1879185813456021,0.9378577743910285,1.5216041274943886
Floor High (1.8),Ladakh,2042,1.1824196561592402,0.9293010947893473,1.5263136849679972
Floor High (1.8),Ladakh,2043,1.1806818311711091,0.9230177371439579,1.5213847485994796
Floor High (1.8),Ladakh,2044,1.1766085654362275,0.9157200562109019,1.516088687353834
Floor High (1.8),Ladakh,2045,1.171991126800512,0.9060215629531654,1.517988630340028
Floor High (1.8),Ladakh,2046,1.168373564316498,0.8985933432795492,1.5194912320543341
Floor High (1.8),Ladakh,2047,1.163810826551816,0.8939967173756281,1.5174701621894449
Floor High (1.8),Ladakh,2048,1.16137085412409,0.8877298978574265,1.5098852849113584
Floor High (1.8),Ladakh,2049,1.1581313559190731,0.8814873767085086,1.51317032845794
Floor High (1.8),Ladakh,2050,1.1525348694597568,0.8820952147976395,1.507871296152944
Floor High (1.8),Lakshadweep,2023,1.5462225131620633,1.2910983305439803,1.8458150371935846
Floor High (1.8),Lakshadweep,2024,1.529462529214923,1.2645332173936084,1.8460712034700415
Floor High (1.8),Lakshadweep,2025,1.50930449237601,1.236854022729303,1.8360024456538349
Floor High (1.8),Lakshadweep,2026,1.4926402374894736,1.2182216569097626,1.836957507312915
Floor High (1.8),Lakshadweep,2027,1.4710079946006371,1.1934665810107412,1.8324220461695921
Floor High (1.8),Lakshadweep,2028,1.4562189888881183,1.1770721658450194,1.8092015642130406
Floor High (1.8),Lakshadweep,2029,1.4397121626104754,1.151485613623615,1.7894982403467623
Floor High (1.8),Lakshadweep,2030,1.4252024479754364,1.1348400432033354,1.7827407124246117
Floor High (1.8),Lakshadweep,2031,1.4107940489570094,1.121150976466666,1.7921886863282879
Floor High (1.8),Lakshadweep,2032,1.3962299848837865,1.1026469220169104,1.7762616485564728
Floor High (1.8),Lakshadweep,2033,1.3839635178566034,1.0915670272568663,1.7627281399254253
Floor High (1.8),Lakshadweep,2034,1.3708816713777372,1.0762748499262924,1.7537374912220334
Floor High (1.8),Lakshadweep,2035,1.364004587904577,1.061074281107428,1.7454454005087028
Floor High (1.8),Lakshadweep,2036,1.3493240892506286,1.0516918027538624,1.735383921829866
Floor High (1.8),Lakshadweep,2037,1.336575602052064,1.034269534295398,1.7254768276009878
Floor High (1.8),Lakshadweep,2038,1.3248572863265247,1.0212977042551232,1.7184049184252261
Floor High (1.8),Lakshadweep,2039,1.317505053232988,1.007671763208526,1.7007666900587222
Floor High (1.8),Lakshadweep,2040,1.3041950580664623,0.9969022938379063,1.6956057583054278
Floor High (1.8),Lakshadweep,2041,1.2956270213528431,0.9909530834705748,1.6835074950626088
Floor High (1.8),Lakshadweep,2042,1.2839928343053177,0.9828172898463007,1.683262472470765
Floor High (1.8),Lakshadweep,2043,1.2733573476890352,0.9677616925475941,1.673078330485035
Floor High (1.8),Lakshadweep,2044,1.2659673760054977,0.9683516345041426,1.6648640952256686
Floor High (1.8),Lakshadweep,2045,1.2579623290177524,0.9557226595339203,1.6634187890662229
Floor High (1.8),Lakshadweep,2046,1.251206201749537,0.9443829299060276,1.659392012778944
Floor High (1.8),Lakshadweep,2047,1.2402530409087937,0.9393470720067335,1.6594140656403884
Floor High (1.8),Lakshadweep,2048,1.230980621237329,0.9271220432022466,1.6555555819111776
Floor High (1.8),Lakshadweep,2049,1.2253959239330166,0.9158254098644432,1.6442364089924046
Floor High (1.8),Lakshadweep,2050,1.2156521630122161,0.9133351255541271,1.6374583251060846
Floor High (1.8),Madhya Pradesh,2024,2.414913885742865,2.2147292647354213,2.614043403201359
Floor High (1.8),Madhya Pradesh,2025,2.384944751172056,2.1649619017525565,2.623882992456854
Floor High (1.8),Madhya Pradesh,2026,2.3529320936595877,2.103239832460247,2.619852283159545
Floor High (1.8),Madhya Pradesh,2027,2.3245050420088864,2.057269089953487,2.6053903075288876
Floor High (1.8),Madhya Pradesh,2028,2.293844600007092,2.007251304508476,2.593344094478161
Floor High (1.8),Madhya Pradesh,2029,2.26491031561888,1.9658877194484927,2.581509322881512
Floor High (1.8),Madhya Pradesh,2030,2.2405497649340185,1.924872198162882,2.5729956844820845
Floor High (1.8),Madhya Pradesh,2031,2.2147597045478213,1.8931176067581583,2.557687312605781
Floor High (1.8),Madhya Pradesh,2032,2.1841938146722666,1.8555289600558804,2.5516476593246966
Floor High (1.8),Madhya Pradesh,2033,2.1609486216648803,1.8178127060918818,2.539705465255593
Floor High (1.8),Madhya Pradesh,2034,2.1371291390370084,1.7926350508324482,2.5146545520353962
Floor High (1.8),Madhya Pradesh,2035,2.1124087406610883,1.7609144486925257,2.4942061074143806
Floor High (1.8),Madhya Pradesh,2036,2.0844157214907346,1.7318433102230317,2.4818868057114707
Floor High (1.8),Madhya Pradesh,2037,2.063053760358823,1.7065100797604495,2.471049964663046
Floor High (1.8),Madhya Pradesh,2038,2.0401992524942685,1.679053825624017,2.461350843749856
Floor High (1.8),Madhya Pradesh,2039,2.017801494523069,1.6539948016234902,2.451792865770435
Floor High (1.8),Madhya Pradesh,2040,1.99417204141988,1.6282602800709693,2.430660857222578
Floor High (1.8),Madhya Pradesh,2041,1.9759787031242309,1.600408738978384,2.418171564258223
Floor High (1.8),Madhya Pradesh,2042,1.9551592655779797,1.5753168967080202,2.3897172375155296
Floor High (1.8),Madhya Pradesh,2043,1.9378287458199588,1.5556579546544176,2.3693664893985034
Floor High (1.8),Madhya Pradesh,2044,1.9183621473474857,1.5282659456547294,2.3456507495995558
Floor High (1.8),Madhya Pradesh,2045,1.8986009481757025,1.5128763970582204,2.328498799808882
Floor High (1.8),Madhya Pradesh,2046,1.8820280092573332,1.4879874270575966,2.311908911115832
Floor High (1.8),Madhya Pradesh,2047,1.8651398895214526,1.4775038532072575,2.29416317477315
Floor High (1.8),Madhya Pradesh,2048,1.8468245255330678,1.4581196665825797,2.2884436273125863
Floor High (1.8),Madhya Pradesh,2049,1.8298822859037398,1.443597676755887,2.2711856980525136
Floor High (1.8),Madhya Pradesh,2050,1.8125870318293469,1.4285845629548124,2.2626277390758482
Floor High (1.8),Maharashtra,2024,1.4567633786522816,1.3265062847924995,1.5999883687864063
Floor High (1.8),Maharashtra,2025,1.447261356221173,1.2986086525076421,1.6062356014395507
Floor High (1.8),Maharashtra,2026,1.4356439981101707,1.2657712097024254,1.6179859256872755
Floor High (1.8),Maharashtra,2027,1.4239139261566325,1.2431559849585954,1.620085875545107
Floor High (1.8),Maharashtra,2028,1.4144569646451166,1.2242439965943674,1.6268702185682646
Floor High (1.8),Maharashtra,2029,1.4052906136265446,1.1996443236000287,1.6365115602847478
Floor High (1.8),Maharashtra,2030,1.3931578085786598,1.1834277454633602,1.6386648722287112
Floor High (1.8),Maharashtra,2031,1.3873927527288026,1.1647481506109978,1.6358500639403466
Floor High (1.8),Maharashtra,2032,1.3786487313207423,1.1508915099595411,1.6377265535048031
Floor High (1.8),Maharashtra,2033,1.3689867261582194,1.1344005310540228,1.6345277763245702
Floor High (1.8),Maharashtra,2034,1.3586706164110036,1.1192446172663528,1.6326262699719083
Floor High (1.8),Maharashtra,2035,1.3492937131430662,1.105900981646401,1.6387728101065513
Floor High (1.8),Maharashtra,2036,1.3408523497059788,1.0914617279334096,1.6352694330599458
Floor High (1.8),Maharashtra,2037,1.3335676536938261,1.0806573405752513,1.637866588577798
Floor High (1.8),Maharashtra,2038,1.3256432944844532,1.073091244707085,1.6332466332237225
Floor High (1.8),Maharashtra,2039,1.3154731824197086,1.0637616497866926,1.6430736272072954
Floor High (1.8),Maharashtra,2040,1.3063362217798615,1.0433728631639747,1.6365594514908581
Floor High (1.8),Maharashtra,2041,1.2986191278112624,1.0363983778013124,1.6325772443094066
Floor High (1.8),Maharashtra,2042,1.2912126778342343,1.028710777466925,1.6336360920815072
Floor High (1.8),Maharashtra,2043,1.2861332419239133,1.0164826554444308,1.6364879458676367
Floor High (1.8),Maharashtra,2044,1.2761223561151855,1.005270799598431,1.6276771541203354
Floor High (1.8),Maharashtra,2045,1.2701574266944224,0.9927553087156795,1.6208344161884043
Floor High (1.8),Maharashtra,2046,1.262946924244564,0.9802383937996665,1.6208367899036742
Floor High (1.8),Maharashtra,2047,1.2586803172928045,0.9727023135826649,1.620641271841329
Floor High (1.8),Maharashtra,2048,1.2508819023255326,0.9677304466599154,1.6103982094530793
Floor High (1.8),Maharashtra,2049,1.2440529462586012,0.9621804882805782,1.6029558381390168
Floor High (1.8),Maharashtra,2050,1.2373366642094625,0.9516362727665852,1.6024574371068574
Floor High (1.8),Manipur,2019,1.592331555721538,1.3835164194752487,1.823069692996465
Floor High (1.8),Manipur,2020,1.5822145696436904,1.3588407875629434,1.8274879742606973
Floor High (1.8),Manipur,2021,1.5722009693182861,1.3452174160393453,1.829450378246586
Floor High (1.8),Manipur,2022,1.5592655498530417,1.3307223649212125,1.8274713137289198
Floor High (1.8),Manipur,2023,1.54935504598829,1.3142915696210744,1.8230336607825166
Floor High (1.8),Manipur,2024,1.5363359890248542,1.3005019191199443,1.8239023753814172
Floor High (1.8),Manipur,2025,1.527213865323382,1.2852154647147773,1.8273756291245498
Floor High (1.8),Manipur,2026,1.516970748767211,1.2696898388197644,1.8238582435278734
Floor High (1.8),Manipur,2027,1.5081082661937328,1.2599826492045654,1.8140885465956482
Floor High (1.8),Manipur,2028,1.4994832997214602,1.244073004553747,1.8052963866922007
Floor High (1.8),Manipur,2029,1.4891249744769377,1.2310794067313682,1.8135034627632862
Floor High (1.8),Manipur,2030,1.4799523136420003,1.2227540445556744,1.8104208753180533
Floor High (1.8),Manipur,2031,1.4695160513908991,1.207411591861492,1.8066729555684329
Floor High (1.8),Manipur,2032,1.461238613092334,1.1988536160467393,1.7992068253061
Floor High (1.8),Manipur,2033,1.455828850179887,1.1910232519382384,1.801879493652919
Floor High (1.8),Manipur,2034,1.447634245160712,1.1817412019856934,1.7958472957819793
Floor High (1.8),Manipur,2035,1.4408266541508272,1.1730711192023915,1.8010306079247358
Floor High (1.8),Manipur,2036,1.4341620872978817,1.1604584960454853,1.7961524143987389
Floor High (1.8),Manipur,2037,1.426208823039719,1.1493974490573335,1.798966105181451
Floor High (1.8),Manipur,2038,1.421851001171495,1.1357181660088431,1.8017102874869952
Floor High (1.8),Manipur,2039,1.4138297800354587,1.1283697312409056,1.793427739077865
Floor High (1.8),Manipur,2040,1.4050705797413383,1.1179569707532417,1.7812292222759267
Floor High (1.8),Manipur,2041,1.399733316848935,1.109996877917176,1.7724982196890182
Floor High (1.8),Manipur,2042,1.3939636839482485,1.108666826113436,1.7790310164116547
Floor High (1.8),Manipur,2043,1.3837647299822642,1.0992954659188592,1.7639710772788753
Floor High (1.8),Manipur,2044,1.3760970152751335,1.0905556810891717,1.769317291544843
Floor High (1.8),Manipur,2045,1.3724358943654917,1.0854808504797195,1.751194996044947
Floor High (1.8),Manipur,2046,1.3644107743576481,1.0735604381602146,1.7559556623206782
Floor High (1.8),Manipur,2047,1.3586749254657482,1.058871769118022,1.7497065421673876
Floor High (1.8),Manipur,2048,1.350736879419048,1.0524061224887793,1.7319633209589862
Floor High (1.8),Manipur,2049,1.3451739772254485,1.0453989809481343,1.7256984388557617
Floor High (1.8),Manipur,2050,1.3409409279688451,1.0443310722736487,1.7234680274893084
Floor High (1.8),Meghalaya,2023,2.400429095673716,2.056860617054669,2.786498063008311
Floor High (1.8),Meghalaya,2024,2.370433428386057,2.0122905085613376,2.7655730595904395
Floor High (1.8),Meghalaya,2025,2.340536168357993,1.9836682700488164,2.752875134249627
Floor High (1.8),Meghalaya,2026,2.3093156235436414,1.9491981872469317,2.729715986491403
Floor High (1.8),Meghalaya,2027,2.281554647298827,1.9229650346646072,2.706376697225383
Floor High (1.8),Meghalaya,2028,2.2522581840511458,1.8796720118046988,2.6921662674884286
Floor High (1.8),Meghalaya,2029,2.2243748777641716,1.8524451350554998,2.678270980297051
Floor High (1.8),Meghalaya,2030,2.1996012796777,1.826042234577142,2.665418922509256
Floor High (1.8),Meghalaya,2031,2.1747604615119305,1.784887664219855,2.648850485687812
Floor High (1.8),Meghalaya,2032,2.150858467905893,1.7657711063814883,2.6211988009667673
Floor High (1.8),Meghalaya,2033,2.126388178560628,1.737364693535806,2.615973550857069
Floor High (1.8),Meghalaya,2034,2.1041641228093733,1.7146657190809291,2.5872452558413626
Floor High (1.8),Meghalaya,2035,2.0842342952014645,1.6919785417698658,2.5668415807607636
Floor High (1.8),Meghalaya,2036,2.061707539333564,1.6653527330338471,2.5577267870955747
Floor High (1.8),Meghalaya,2037,2.043868118276353,1.6461637224227195,2.5242804018279905
Floor High (1.8),Meghalaya,2038,2.023380689886367,1.6162822108769659,2.5172428132916633
Floor High (1.8),Meghalaya,2039,2.0028212037017408,1.5937292861143706,2.5048688281756055
Floor High (1.8),Meghalaya,2040,1.9828522113690323,1.5741046384567667,2.4882544611930517
Floor High (1.8),Meghalaya,2041,1.9622520483428407,1.5587452561627506,2.4813043169633335
Floor High (1.8),Meghalaya,2042,1.9446963713812022,1.5392396855523873,2.442647158305228
Floor High (1.8),Meghalaya,2043,1.9255723022971751,1.5237095365809743,2.4330864984990326
Floor High (1.8),Meghalaya,2044,1.9094061515254637,1.5036323164861503,2.415117128364342
Floor High (1.8),Meghalaya,2045,1.8925225644528476,1.4825160235994848,2.3950246368261543
Floor High (1.8),Meghalaya,2046,1.8748931086197467,1.4672673771400786,2.3701567079874173
Floor High (1.8),Meghalaya,2047,1.8574905662754027,1.4528782827274425,2.3506323203580326
Floor High (1.8),Meghalaya,2048,1.8417350348062296,1.4351164350712284,2.3495406955142606
Floor High (1.8),Meghalaya,2049,1.824222375368199,1.424143667049885,2.331668698175873
Floor High (1.8),Meghalaya,2050,1.8094702517546262,1.3999993963363726,2.321291600131341
Floor High (1.8),Mizoram,2023,1.5915734900185505,1.3748101340576988,1.8499923016541955
Floor High (1.8),Mizoram,2024,1.5815212533673961,1.356448344710503,1.8460080709575708
Floor High (1.8),Mizoram,2025,1.568573276592521,1.3419910855317616,1.839947164096166
Floor High (1.8),Mizoram,2026,1.5569207259972548,1.3188968575854112,1.8394041941011166
Floor High (1.8),Mizoram,2027,1.5465212920076703,1.3059088378648052,1.8395456203560614
Floor High (1.8),Mizoram,2028,1.5364883733033952,1.2863242886605613,1.8350784841831813
Floor High (1.8),Mizoram,2029,1.5257464587350755,1.2729923456698566,1.822972588424577
Floor High (1.8),Mizoram,2030,1.5184236974642875,1.2553059062781406,1.8276713217824112
Floor High (1.8),Mizoram,2031,1.508688478742936,1.2463943937415185,1.8251035962582607
Floor High (1.8),Mizoram,2032,1.5011287276621719,1.2301829351791214,1.824874007716496
Floor High (1.8),Mizoram,2033,1.4888432936569602,1.2174801573673377,1.814058567990659
Floor High (1.8),Mizoram,2034,1.478914816312456,1.200534972988901,1.8093235120187692
Floor High (1.8),Mizoram,2035,1.4716572630139109,1.1951433821207602,1.8046436586123535
Floor High (1.8),Mizoram,2036,1.4657851677132472,1.1851105813373526,1.8039756128059576
Floor High (1.8),Mizoram,2037,1.4556339215365726,1.1722463748183924,1.8122690364888159
Floor High (1.8),Mizoram,2038,1.4437853971560934,1.1608878827787483,1.8018184835485045
Floor High (1.8),Mizoram,2039,1.43818264278143,1.151330386125398,1.8065992481262412
Floor High (1.8),Mizoram,2040,1.4278499141695837,1.1396727528584172,1.8021156165412167
Floor High (1.8),Mizoram,2041,1.4193963981667497,1.1299737332999524,1.7822133225852101
Floor High (1.8),Mizoram,2042,1.4163205355222601,1.1183275478555956,1.7835630051312472
Floor High (1.8),Mizoram,2043,1.406208323015041,1.1107533004623162,1.772798588497981
Floor High (1.8),Mizoram,2044,1.3995198054458315,1.0972617144747974,1.768897709502556
Floor High (1.8),Mizoram,2045,1.3926017646793587,1.0910352284718439,1.7668836756242492
Floor High (1.8),Mizoram,2046,1.3853639296087477,1.0833434978170693,1.7599505126724297
Floor High (1.8),Mizoram,2047,1.377884150311907,1.0753389012044416,1.7654767484663239
Floor High (1.8),Mizoram,2048,1.3717201645734023,1.0631446735269332,1.753040997449304
Floor High (1.8),Mizoram,2049,1.3621727426999397,1.061061695726587,1.751393363339583
Floor High (1.8),Mizoram,2050,1.3583411933445029,1.0563423345469045,1.742072754081727
Floor High (1.8),Nagaland,2023,1.666582321929989,1.4254071790442977,1.9322196482551854
Floor High (1.8),Nagaland,2024,1.6534876345321932,1.4043407958753713,1.9379651504366213
Floor High (1.8),Nagaland,2025,1.6425200311034813,1.3884906044549532,1.933483777734346
Floor High (1.8),Nagaland,2026,1.6276587719592763,1.3695561605288304,1.9308828912398661
Floor High (1.8),Nagaland,2027,1.6156653611169325,1.3548774301186386,1.9261602454225182
Floor High (1.8),Nagaland,2028,1.605171243646232,1.336054510437719,1.9211958484290281
Floor High (1.8),Nagaland,2029,1.5954819590339082,1.3168760584723225,1.9178645458942953
Floor High (1.8),Nagaland,2030,1.5811355308962902,1.3038312109859316,1.9120200021117866
Floor High (1.8),Nagaland,2031,1.5694166929445095,1.2921280622010825,1.897352753433727
Floor High (1.8),Nagaland,2032,1.5567648684086706,1.2789098646035761,1.8964965867738446
Floor High (1.8),Nagaland,2033,1.5472377081092055,1.262256751114383,1.8916069720099842
Floor High (1.8),Nagaland,2034,1.5361491267401135,1.240750171649627,1.8860073058423417
Floor High (1.8),Nagaland,2035,1.5258053894571497,1.227450437489383,1.8826262193235306
Floor High (1.8),Nagaland,2036,1.514958124777799,1.213488484271019,1.8895261674853194
Floor High (1.8),Nagaland,2037,1.5039175874452853,1.2031526600472586,1.88247761151721
Floor High (1.8),Nagaland,2038,1.4938678200490374,1.191188767738695,1.8836915372348544
Floor High (1.8),Nagaland,2039,1.4861128003796238,1.1823362185627295,1.8674501553819571
Floor High (1.8),Nagaland,2040,1.476202494571292,1.1771442648309267,1.8694377565924007
Floor High (1.8),Nagaland,2041,1.4691359055651252,1.1681030292895564,1.8604052779275293
Floor High (1.8),Nagaland,2042,1.4613662797423628,1.1568279055777833,1.8535818636503691
Floor High (1.8),Nagaland,2043,1.452739376580603,1.1521816567664815,1.853496308967273
Floor High (1.8),Nagaland,2044,1.4454442225975224,1.1390727908353566,1.8433579167903333
Floor High (1.8),Nagaland,2045,1.435008529262593,1.1321246786541064,1.8359430233811054
Floor High (1.8),Nagaland,2046,1.4283150840521812,1.1180840345099874,1.8303620780962426
Floor High (1.8),Nagaland,2047,1.420912744459089,1.1073566286981475,1.8176275183646924
Floor High (1.8),Nagaland,2048,1.4121735219062672,1.0934272156399587,1.8181433674743919
Floor High (1.8),Nagaland,2049,1.4031247594182221,1.0909349802099648,1.8158437090097128
Floor High (1.8),Nagaland,2050,1.3927091717090792,1.086242788979624,1.8117997556819176
Floor High (1.8),Odisha,2024,1.6975188742364944,1.5510034819071394,1.8628321234625635
Floor High (1.8),Odisha,2025,1.6815015217477247,1.5087026900648715,1.8669564847752635
Floor High (1.8),Odisha,2026,1.6628598927066998,1.4663192587068616,1.870986337750456
Floor High (1.8),Odisha,2027,1.6462729270161447,1.441544763789461,1.8711340502029072
Floor High (1.8),Odisha,2028,1.6339108406035736,1.4160158283048212,1.8727558792867507
Floor High (1.8),Odisha,2029,1.616630344518587,1.3839631114416,1.8709032987241394
Floor High (1.8),Odisha,2030,1.5958179405828878,1.3596911714837427,1.8699431323226958
Floor High (1.8),Odisha,2031,1.5813698830574596,1.3394274776484116,1.8686157194386466
Floor High (1.8),Odisha,2032,1.5617714928349307,1.3144028738254974,1.8663560765754759
Floor High (1.8),Odisha,2033,1.5505220323670255,1.290613185640593,1.8558357275144528
Floor High (1.8),Odisha,2034,1.5375779030887475,1.2667385080922722,1.8414605526348118
Floor High (1.8),Odisha,2035,1.5216133552346274,1.250313721384405,1.8371686154774947
Floor High (1.8),Odisha,2036,1.510787074318901,1.2388097432103933,1.838455682786406
Floor High (1.8),Odisha,2037,1.4977565870454246,1.2204625568357008,1.8233064126199796
Floor High (1.8),Odisha,2038,1.4865289865779912,1.204107366941577,1.8192038097635306
Floor High (1.8),Odisha,2039,1.4752503569627478,1.1914468351062373,1.8083754180323148
Floor High (1.8),Odisha,2040,1.4613197726279155,1.1724582627774123,1.802303439140296
Floor High (1.8),Odisha,2041,1.4521313538779728,1.1490733219468903,1.7949496235552638
Floor High (1.8),Odisha,2042,1.440116952760084,1.1352520757584983,1.7902818139392138
Floor High (1.8),Odisha,2043,1.4273340619901869,1.1260086578333675,1.7792306511568354
Floor High (1.8),Odisha,2044,1.4136392046497661,1.1165363871670342,1.7794448562826182
Floor High (1.8),Odisha,2045,1.4073496487016048,1.1000119168184235,1.7672856846123663
Floor High (1.8),Odisha,2046,1.3955185205375331,1.0950202439780314,1.7644786494175628
Floor High (1.8),Odisha,2047,1.3877607772760165,1.0869855073628025,1.769815301732796
Floor High (1.8),Odisha,2048,1.3800814016297969,1.0750933399528217,1.7579874124938328
Floor High (1.8),Odisha,2049,1.3716640849684936,1.0660748452180158,1.7500406395711423
Floor High (1.8),Odisha,2050,1.3616594697195326,1.052223135012676,1.7439590683270327
Floor High (1.8),Puducherry,2023,1.5023529365495036,1.258520065731267,1.7829902900834367
Floor High (1.8),Puducherry,2024,1.486582907380573,1.237339122927849,1.7791293118891847
Floor High (1.8),Puducherry,2025,1.4739999870220921,1.2135974505813207,1.7734375526510824
Floor High (1.8),Puducherry,2026,1.4590860420049006,1.2021724247047634,1.770866456284952
Floor High (1.8),Puducherry,2027,1.448918821793651,1.1791771847515997,1.7665656749901744
Floor High (1.8),Puducherry,2028,1.4357264263342042,1.1650030318378546,1.762859377095041
Floor High (1.8),Puducherry,2029,1.4222762467848655,1.1497346956883157,1.7526975861472225
Floor High (1.8),Puducherry,2030,1.4098843242678558,1.1309203241224721,1.7404788282789945
Floor High (1.8),Puducherry,2031,1.3979915902909537,1.118159159538691,1.7365427685649382
Floor High (1.8),Puducherry,2032,1.3871291222843127,1.1025704374302248,1.7264860639580237
Floor High (1.8),Puducherry,2033,1.3723784277749176,1.08567099233021,1.7192680239754219
Floor High (1.8),Puducherry,2034,1.3641581116701955,1.0676661387101445,1.713916450718699
Floor High (1.8),Puducherry,2035,1.3523745178874673,1.0663244889280323,1.6983370231877626
Floor High (1.8),Puducherry,2036,1.3425876090859434,1.0511336146135124,1.707582350404597
Floor High (1.8),Puducherry,2037,1.3341240102726455,1.0424172380678762,1.6978982264190672
Floor High (1.8),Puducherry,2038,1.3234289899635328,1.0266319604633323,1.6884863289413385
Floor High (1.8),Puducherry,2039,1.3170087779698172,1.0166796021247395,1.6790579947862656
Floor High (1.8),Puducherry,2040,1.3058071254654218,1.0011603801498754,1.6785897362279538
Floor High (1.8),Puducherry,2041,1.2996832027647547,0.9900845875372892,1.6722961466645312
Floor High (1.8),Puducherry,2042,1.2895172434771394,0.9778519844486344,1.6711298846384244
Floor High (1.8),Puducherry,2043,1.2803782125171457,0.9716716208007741,1.6686955291596908
Floor High (1.8),Puducherry,2044,1.2774648566067226,0.966544284191605,1.6621280329500403
Floor High (1.8),Puducherry,2045,1.2694901248226866,0.9630900760195712,1.6543591442605687
Floor High (1.8),Puducherry,2046,1.2596786881320114,0.9528003486174876,1.6450385031841688
Floor High (1.8),Puducherry,2047,1.250660052553509,0.9444141628359944,1.643713222132017
Floor High (1.8),Puducherry,2048,1.2448917764842649,0.9417085671460065,1.6339918546976706
Floor High (1.8),Puducherry,2049,1.2386711334718246,0.9377169619873472,1.6280015620382324
Floor High (1.8),Puducherry,2050,1.231420158686162,0.9306070127858884,1.6225673607233795
Floor High (1.8),Punjab,2024,1.470518209697587,1.3328987906277143,1.622119366999739
Floor High (1.8),Punjab,2025,1.4550958495071384,1.293089596699636,1.6403308142723445
Floor High (1.8),Punjab,2026,1.4400470935700034,1.2626472863181557,1.6523271368393224
Floor High (1.8),Punjab,2027,1.425896060659437,1.2296407051112526,1.660934552508754
Floor High (1.8),Punjab,2028,1.4098733949576143,1.1991945930042407,1.657955583525795
Floor High (1.8),Punjab,2029,1.3973553693399605,1.1756284469771188,1.6566306451129005
Floor High (1.8),Punjab,2030,1.3840340113514304,1.1516993960811426,1.6564289658348383
Floor High (1.8),Punjab,2031,1.3725481176675163,1.1309496259377478,1.6455526967268967
Floor High (1.8),Punjab,2032,1.3580924041723725,1.1109862000600326,1.6521765954768428
Floor High (1.8),Punjab,2033,1.3459136073617963,1.099903285901907,1.6485483670110677
Floor High (1.8),Punjab,2034,1.3346205235265058,1.0743706536499564,1.638781133490693
Floor High (1.8),Punjab,2035,1.322266592038798,1.0656854261294837,1.6451795592603164
Floor High (1.8),Punjab,2036,1.3106339576887216,1.0456835953632582,1.6401319442449809
Floor High (1.8),Punjab,2037,1.3024184658250388,1.030674856409534,1.6438647735503131
Floor High (1.8),Punjab,2038,1.2895386316181423,1.0265279426601286,1.6438010947523847
Floor High (1.8),Punjab,2039,1.2788995353129446,1.0100160008761423,1.6378157317124629
Floor High (1.8),Punjab,2040,1.2717716023046322,1.0004815138174243,1.6201609732799036
Floor High (1.8),Punjab,2041,1.2661430148150905,0.986379699746392,1.6159105299273395
Floor High (1.8),Punjab,2042,1.2536566381550691,0.9787592441843495,1.6167141358249817
Floor High (1.8),Punjab,2043,1.2460318769920902,0.9667477171906773,1.614097688382442
Floor High (1.8),Punjab,2044,1.2343735927297308,0.9639607316671172,1.6106101013860572
Floor High (1.8),Punjab,2045,1.2284091688473113,0.9527333331939956,1.5985212725694606
Floor High (1.8),Punjab,2046,1.221400102121632,0.9416242175143512,1.5951168261593578
Floor High (1.8),Punjab,2047,1.2143103292910595,0.9358134748968422,1.5958140316883853
Floor High (1.8),Punjab,2048,1.2066474717100495,0.9293100737123963,1.5853614235999118
Floor High (1.8),Punjab,2049,1.1982036744398514,0.9171925467529908,1.5807225913427498
Floor High (1.8),Punjab,2050,1.192225016066494,0.9117286485179917,1.5776364348557195
Floor High (1.8),Rajasthan,2024,2.319004292113359,2.1306022098102497,2.5282081129787004
Floor High (1.8),Rajasthan,2025,2.289898483490158,2.078166042449544,2.523912295286928
Floor High (1.8),Rajasthan,2026,2.2578130149035527,2.028478876047381,2.526212355711931
Floor High (1.8),Rajasthan,2027,2.2288983641324305,1.9740586515392582,2.5167044936908707
Floor High (1.8),Rajasthan,2028,2.2052957891866547,1.934967249984122,2.5072281489997903
Floor High (1.8),Rajasthan,2029,2.178487545441167,1.8891709593318307,2.492870632976219
Floor High (1.8),Rajasthan,2030,2.153352605624952,1.8566487105447342,2.472696131118323
Floor High (1.8),Rajasthan,2031,2.128481630754562,1.818860126036412,2.4648449514134536
Floor High (1.8),Rajasthan,2032,2.1060732768462804,1.7895117906920632,2.450974128688526
Floor High (1.8),Rajasthan,2033,2.083344230773334,1.757934172624962,2.4452323417728303
Floor High (1.8),Rajasthan,2034,2.059821331844232,1.7312682800684671,2.4383531724145007
Floor High (1.8),Rajasthan,2035,2.036891846579107,1.7008120731935457,2.4305361454891212
Floor High (1.8),Rajasthan,2036,2.0159586252807706,1.6712353821542325,2.4121309171352183
Floor High (1.8),Rajasthan,2037,1.99069194936451,1.6501528199536104,2.4040392992461195
Floor High (1.8),Rajasthan,2038,1.9701153974255121,1.6261451420281723,2.3813417595560957
Floor High (1.8),Rajasthan,2039,1.9510968241198514,1.5967167634030242,2.3599924570842603
Floor High (1.8),Rajasthan,2040,1.93282808527744,1.5762089793298497,2.3473153318435656
Floor High (1.8),Rajasthan,2041,1.9147851959998046,1.5529620969440106,2.333883302071297
Floor High (1.8),Rajasthan,2042,1.8949807953073545,1.5354346399718315,2.322375276292445
Floor High (1.8),Rajasthan,2043,1.8786772811792578,1.5118096655748774,2.3110200866167925
Floor High (1.8),Rajasthan,2044,1.8619374050191002,1.49235109677866,2.3036182809824846
Floor High (1.8),Rajasthan,2045,1.8476113753660461,1.4736220645220452,2.2918549940412536
Floor High (1.8),Rajasthan,2046,1.8293090699838843,1.4581386193009729,2.278935394275316
Floor High (1.8),Rajasthan,2047,1.8110139795793625,1.4402212154858292,2.277597678546461
Floor High (1.8),Rajasthan,2048,1.7926825680064105,1.4233245796135732,2.2647404482341384
Floor High (1.8),Rajasthan,2049,1.7764448938566972,1.412490656956811,2.2602928372475555
Floor High (1.8),Rajasthan,2050,1.7602096721125844,1.3946681377326169,2.239306307136585
Floor High (1.8),Sikkim,2023,1.233777413236571,1.0292731237350774,1.4770049821483235
Floor High (1.8),Sikkim,2024,1.225299691468444,1.016302766374993,1.4816933247261785
Floor High (1.8),Sikkim,2025,1.2172351616514587,0.9941389125680227,1.4886574960451169
Floor High (1.8),Sikkim,2026,1.210602527987235,0.9841576139145514,1.4848332106020823
Floor High (1.8),Sikkim,2027,1.2022586050264679,0.9715537850420735,1.4859017864728552
Floor High (1.8),Sikkim,2028,1.1957805755305198,0.9633385005903957,1.4918506432598124
Floor High (1.8),Sikkim,2029,1.1897442759152188,0.9538138885052257,1.4938861219510104
Floor High (1.8),Sikkim,2030,1.1830738913490113,0.9435532156005257,1.4951857986643038
Floor High (1.8),Sikkim,2031,1.1772548005199104,0.9347370253424484,1.492168533482594
Floor High (1.8),Sikkim,2032,1.1729099307630828,0.9274717027612446,1.4897730675614766
Floor High (1.8),Sikkim,2033,1.1658540112023106,0.9147830065426601,1.492934183355564
Floor High (1.8),Sikkim,2034,1.1650580574327578,0.9031469325189879,1.4920753607214556
Floor High (1.8),Sikkim,2035,1.1588358177657176,0.897800990692301,1.4848052905353673
Floor High (1.8),Sikkim,2036,1.1542048910941058,0.886967603426445,1.4871258205042392
Floor High (1.8),Sikkim,2037,1.1500607863074972,0.8773997251570145,1.4880658626001764
Floor High (1.8),Sikkim,2038,1.1431989518540546,0.8717235597072008,1.476745505032534
Floor High (1.8),Sikkim,2039,1.1394197885464643,0.8617550770466136,1.4809611106781013
Floor High (1.8),Sikkim,2040,1.1318460408329867,0.8615437562547684,1.4777642334790695
Floor High (1.8),Sikkim,2041,1.1274872785420609,0.8598163641185984,1.4806193869767892
Floor High (1.8),Sikkim,2042,1.1240813478405347,0.8495853438261136,1.4823613840622645
Floor High (1.8),Sikkim,2043,1.1230055566186117,0.8403032885905861,1.4751537719118895
Floor High (1.8),Sikkim,2044,1.1156079012956854,0.837315067587886,1.474030561956822
Floor High (1.8),Sikkim,2045,1.1130004864449676,0.8316310931773393,1.465484224045378
Floor High (1.8),Sikkim,2046,1.1088468769340385,0.8250010320879466,1.4592227313649133
Floor High (1.8),Sikkim,2047,1.1035235911748091,0.8228234810665077,1.4682946904734495
Floor High (1.8),Sikkim,2048,1.0982106114599066,0.8168168431543695,1.4696748980202383
Floor High (1.8),Sikkim,2049,1.0960810791473032,0.812933525515656,1.4602606184237048
Floor High (1.8),Sikkim,2050,1.0891881843907532,0.807576517637712,1.4650634211028244
Floor High (1.8),Tamil Nadu,2024,1.3440145919986841,1.2213966143966333,1.4813079621728378
Floor High (1.8),Tamil Nadu,2025,1.3346879306258186,1.1931655349894426,1.4961748765533014
Floor High (1.8),Tamil Nadu,2026,1.3242684015960742,1.167734658170167,1.512830420089223
Floor High (1.8),Tamil Nadu,2027,1.3148381324116039,1.1416288083006019,1.516544077382737
Floor High (1.8),Tamil Nadu,2028,1.306129247443116,1.120221949253814,1.52784442544401
Floor High (1.8),Tamil Nadu,2029,1.2970188274423045,1.1044783571445653,1.5316084204808373
Floor High (1.8),Tamil Nadu,2030,1.2891598542538851,1.0828402047933934,1.5387746547749985
Floor High (1.8),Tamil Nadu,2031,1.2815698632063979,1.0695591706245595,1.5438486442044774
Floor High (1.8),Tamil Nadu,2032,1.2759885756777964,1.061212353480041,1.5469875649418845
Floor High (1.8),Tamil Nadu,2033,1.267795243027118,1.0371538429890081,1.5351058136181137
Floor High (1.8),Tamil Nadu,2034,1.2604202539598321,1.0258734290170155,1.5506695677256743
Floor High (1.8),Tamil Nadu,2035,1.2543875508623068,1.0117679066776901,1.5455385275003042
Floor High (1.8),Tamil Nadu,2036,1.2465221940194624,1.0023317328698624,1.5412989122682637
Floor High (1.8),Tamil Nadu,2037,1.2420813734416547,0.9921453590569298,1.5511480500247714
Floor High (1.8),Tamil Nadu,2038,1.2340356256255935,0.9840139415683882,1.5438174108997609
Floor High (1.8),Tamil Nadu,2039,1.2271155779264653,0.9671604986284813,1.5491476919970015
Floor High (1.8),Tamil Nadu,2040,1.2191831458358369,0.9558962800728816,1.5380756818840629
Floor High (1.8),Tamil Nadu,2041,1.212659112691409,0.9490125331582725,1.5384431491047155
Floor High (1.8),Tamil Nadu,2042,1.2079279342338742,0.9375859737947869,1.5427015762024778
Floor High (1.8),Tamil Nadu,2043,1.201207207195973,0.9284828584993935,1.5463479679649603
Floor High (1.8),Tamil Nadu,2044,1.1978967416829314,0.92186637934485,1.5465709452962753
Floor High (1.8),Tamil Nadu,2045,1.191089941795264,0.9152663419100368,1.5380561630365877
Floor High (1.8),Tamil Nadu,2046,1.1864768095348102,0.9071432522620678,1.5341154838015079
Floor High (1.8),Tamil Nadu,2047,1.182693741819345,0.905712552620471,1.532719454218807
Floor High (1.8),Tamil Nadu,2048,1.177695398273551,0.8923898276510709,1.5159347953712665
Floor High (1.8),Tamil Nadu,2049,1.1721435043579818,0.8886238962293912,1.523974494394281
Floor High (1.8),Tamil Nadu,2050,1.1684135957208999,0.8788856664380081,1.5078538418035023
Floor High (1.8),Telangana,2024,1.5160464024107916,1.3680835926678339,1.6745166167750458
Floor High (1.8),Telangana,2025,1.4975969116858967,1.3316415052744017,1.6911890537594458
Floor High (1.8),Telangana,2026,1.483046866216791,1.3009318791355982,1.7056079804787556
Floor High (1.8),Telangana,2027,1.4658660699102,1.2658025449326076,1.7046700062513596
Floor High (1.8),Telangana,2028,1.4530599969515858,1.2330809796968436,1.6992881644830817
Floor High (1.8),Telangana,2029,1.4360501301646516,1.1963644678547811,1.7055518753129097
Floor High (1.8),Telangana,2030,1.4227308744037561,1.1819238305403144,1.7041514143437162
Floor High (1.8),Telangana,2031,1.4045215468268797,1.1658935341616334,1.7033868907400749
Floor High (1.8),Telangana,2032,1.3904941787815355,1.1435554855156542,1.6996708576826283
Floor High (1.8),Telangana,2033,1.3804992406327439,1.1208162950265206,1.6915029698557367
Floor High (1.8),Telangana,2034,1.3660812960240287,1.1082573920138536,1.6816220716545482
Floor High (1.8),Telangana,2035,1.354589265002025,1.0886655657776751,1.6821332810499618
Floor High (1.8),Telangana,2036,1.342830506233526,1.0752662873760792,1.6755200714065626
Floor High (1.8),Telangana,2037,1.3303203419316738,1.052587816141017,1.6752726473130457
Floor High (1.8),Telangana,2038,1.316069074828364,1.0443282235858213,1.6670075559709576
Floor High (1.8),Telangana,2039,1.3063098127070534,1.0299259519184851,1.6576035570589094
Floor High (1.8),Telangana,2040,1.2959186137122216,1.0233567015591316,1.6383997852909569
Floor High (1.8),Telangana,2041,1.2859758958499592,1.0094918617973818,1.640489101594196
Floor High (1.8),Telangana,2042,1.2774969574029273,1.0003244859615326,1.6272958321229982
Floor High (1.8),Telangana,2043,1.266983363374321,0.9867369679245502,1.6274048384323747
Floor High (1.8),Telangana,2044,1.2591508618272251,0.9701759554096613,1.617259162894261
Floor High (1.8),Telangana,2045,1.248896101525745,0.9655073930099534,1.624356577556729
Floor High (1.8),Telangana,2046,1.2420991915656021,0.9584546917789932,1.6156889124483504
Floor High (1.8),Telangana,2047,1.2364122346744373,0.9478544323376348,1.607480923386262
Floor High (1.8),Telangana,2048,1.2266437676517015,0.9354346891906011,1.605619884752421
Floor High (1.8),Telangana,2049,1.2212967790952365,0.9338175797847802,1.6015916194055466
Floor High (1.8),Telangana,2050,1.2139082441031401,0.9205851296103821,1.5923341977130252
Floor High (1.8),Tripura,2023,1.4089547932371134,1.1954393032379615,1.6564867382385597
Floor High (1.8),Tripura,2024,1.4000786096912046,1.1799681274857874,1.6608957735899452
Floor High (1.8),Tripura,2025,1.3894296703153937,1.1637745721798687,1.6634151799984236
Floor High (1.8),Tripura,2026,1.3821942356682704,1.14936593159727,1.6634886178664556
Floor High (1.8),Tripura,2027,1.3737252409292737,1.1416119382270273,1.6673020172638766
Floor High (1.8),Tripura,2028,1.364899020909033,1.1249366577300535,1.66001390019973
Floor High (1.8),Tripura,2029,1.3556313076855582,1.1136681422184291,1.6595931980146137
Floor High (1.8),Tripura,2030,1.348057664335264,1.099643730222879,1.6515477783520829
Floor High (1.8),Tripura,2031,1.3370391311687873,1.0932867633696417,1.650003278819046
Floor High (1.8),Tripura,2032,1.329330046006337,1.078137472079049,1.648071619407434
Floor High (1.8),Tripura,2033,1.322022086575783,1.0676979758865328,1.6531631761543757
Floor High (1.8),Tripura,2034,1.3135003608277522,1.0537818782760375,1.6490204785480886
Floor High (1.8),Tripura,2035,1.3050372358316218,1.0440387118815466,1.6464357093119515
Floor High (1.8),Tripura,2036,1.2976457394377467,1.0336264988254515,1.6474131167081434
Floor High (1.8),Tripura,2037,1.2907761794857142,1.0229987411961787,1.6419374526049588
Floor High (1.8),Tripura,2038,1.2830625198049703,1.0090914353673615,1.635300942193319
Floor High (1.8),Tripura,2039,1.276290938215896,1.0022636864223426,1.6334666331904044
Floor High (1.8),Tripura,2040,1.2702055657409415,0.9867010588641746,1.6286900729674605
Floor High (1.8),Tripura,2041,1.2648087856043162,0.9823528874165609,1.6238110541611745
Floor High (1.8),Tripura,2042,1.259528578825943,0.9707719500339851,1.612980752009302
Floor High (1.8),Tripura,2043,1.2529995088721722,0.9618034511452994,1.6178861877653976
Floor High (1.8),Tripura,2044,1.2449238478531588,0.9596278007042429,1.6118437324891213
Floor High (1.8),Tripura,2045,1.2411424758168477,0.9512689448081418,1.6124823698536521
Floor High (1.8),Tripura,2046,1.2310983858051752,0.9476989692322981,1.592325251660807
Floor High (1.8),Tripura,2047,1.2281891111126333,0.9388031621957365,1.5860096795233625
Floor High (1.8),Tripura,2048,1.2206626828098186,0.9352775807334515,1.5808678697945278
Floor High (1.8),Tripura,2049,1.2156997043498263,0.929116589667261,1.585987763187431
Floor High (1.8),Tripura,2050,1.2126238036312842,0.9252159611700141,1.5774921178581973
Floor High (1.8),Uttar Pradesh,2024,2.5707349863594757,2.372423129665948,2.7897948047461627
Floor High (1.8),Uttar Pradesh,2025,2.5367260297123737,2.3044465047716334,2.783570149778097
Floor High (1.8),Uttar Pradesh,2026,2.505241858017342,2.2503732768106985,2.785931403958938
Floor High (1.8),Uttar Pradesh,2027,2.4731389809676676,2.197610297414907,2.772546723537883
Floor High (1.8),Uttar Pradesh,2028,2.443427761766755,2.1463469209807617,2.7641806748908846
Floor High (1.8),Uttar Pradesh,2029,2.4104029175652633,2.0985908162373623,2.7488477532575493
Floor High (1.8),Uttar Pradesh,2030,2.3768091381570735,2.0602820806355284,2.7379245158922356
Floor High (1.8),Uttar Pradesh,2031,2.346669426016642,2.0173575124627456,2.7227626645600522
Floor High (1.8),Uttar Pradesh,2032,2.318337529693744,1.986412901195946,2.7069384912215106
Floor High (1.8),Uttar Pradesh,2033,2.291439208061181,1.9506858812819654,2.695576144232887
Floor High (1.8),Uttar Pradesh,2034,2.2647686039317527,1.9112807554641569,2.6758324616799376
Floor High (1.8),Uttar Pradesh,2035,2.232442883227284,1.880799257112116,2.6727774859708964
Floor High (1.8),Uttar Pradesh,2036,2.2086580470749384,1.8492344535416936,2.6599625016428403
Floor High (1.8),Uttar Pradesh,2037,2.182632877577028,1.8287537698095884,2.636162754810058
Floor High (1.8),Uttar Pradesh,2038,2.1594073283942627,1.8022535522042076,2.6083135401218103
Floor High (1.8),Uttar Pradesh,2039,2.1315813357287894,1.7657088878811993,2.5966835769492533
Floor High (1.8),Uttar Pradesh,2040,2.1079967689700503,1.7498645458092892,2.58155568389596
Floor High (1.8),Uttar Pradesh,2041,2.0874798775083234,1.717599764915086,2.5656488502605077
Floor High (1.8),Uttar Pradesh,2042,2.0649985802816566,1.6937442143483215,2.5501858357276372
Floor High (1.8),Uttar Pradesh,2043,2.042998717823499,1.6703345355558514,2.53270991236982
Floor High (1.8),Uttar Pradesh,2044,2.0198250434433973,1.64269467089139,2.509534873712522
Floor High (1.8),Uttar Pradesh,2045,2.0016410378132,1.6146488594431612,2.4914872616585226
Floor High (1.8),Uttar Pradesh,2046,1.983254420208426,1.5946162607854175,2.483013214091617
Floor High (1.8),Uttar Pradesh,2047,1.9632568156284955,1.574154756650327,2.4803737045401664
Floor High (1.8),Uttar Pradesh,2048,1.9461496849306394,1.5588970454553166,2.4573515681658216
Floor High (1.8),Uttar Pradesh,2049,1.9262931278675413,1.5446930072284397,2.4279047514493053
Floor High (1.8),Uttar Pradesh,2050,1.907248957722154,1.527574911919822,2.4332990147746973
Floor High (1.8),Uttarakhand,2024,1.721215447746041,1.5771960502416413,1.8862408730042333
Floor High (1.8),Uttarakhand,2025,1.703523050069653,1.5360013286941658,1.8940457915594346
Floor High (1.8),Uttarakhand,2026,1.6828351879099919,1.4969027617652737,1.9018606746731792
Floor High (1.8),Uttarakhand,2027,1.6653433928973533,1.464041788996381,1.8996933952183954
Floor High (1.8),Uttarakhand,2028,1.6488889966035156,1.4315390225413425,1.9007897303755443
Floor High (1.8),Uttarakhand,2029,1.6349296693087918,1.411428002824069,1.9033945199522389
Floor High (1.8),Uttarakhand,2030,1.6184695239793614,1.3829051360281572,1.8941958296415038
Floor High (1.8),Uttarakhand,2031,1.6025967561847694,1.355737318314202,1.8906145855991259
Floor High (1.8),Uttarakhand,2032,1.5871133906202253,1.3307679858582429,1.8910231604966081
Floor High (1.8),Uttarakhand,2033,1.5715950581393552,1.3180540011273383,1.888418532742138
Floor High (1.8),Uttarakhand,2034,1.5576457841277072,1.2934906737407548,1.8826820968812106
Floor High (1.8),Uttarakhand,2035,1.5478108670452622,1.2741210320669631,1.8769282964877803
Floor High (1.8),Uttarakhand,2036,1.5328373201630736,1.260911569646117,1.8653269484041493
Floor High (1.8),Uttarakhand,2037,1.5192195407957407,1.2446338633335907,1.85006690786269
Floor High (1.8),Uttarakhand,2038,1.5045127955228121,1.2205984946370787,1.8471142789079622
Floor High (1.8),Uttarakhand,2039,1.491716785555609,1.2040114922307257,1.8366583560477068
Floor High (1.8),Uttarakhand,2040,1.482117642788594,1.1869100820578178,1.8362903158245267
Floor High (1.8),Uttarakhand,2041,1.466256852647441,1.1719686647280083,1.825059482175438
Floor High (1.8),Uttarakhand,2042,1.457271414452261,1.1621338481258552,1.83030823815513
Floor High (1.8),Uttarakhand,2043,1.4461689967726703,1.14152587279004,1.8172884564583494
Floor High (1.8),Uttarakhand,2044,1.431934065148487,1.1310119331409043,1.8079590022228351
Floor High (1.8),Uttarakhand,2045,1.42059120196289,1.1096704296274917,1.7972969333748636
Floor High (1.8),Uttarakhand,2046,1.410291096138901,1.1068204707441813,1.791001247295833
Floor High (1.8),Uttarakhand,2047,1.39950609721202,1.0948427139696222,1.7885220006428177
Floor High (1.8),Uttarakhand,2048,1.3903064628223762,1.0859386235090633,1.7807827904453433
Floor High (1.8),Uttarakhand,2049,1.3811112281152913,1.0739201362505215,1.7786772371948434
Floor High (1.8),Uttarakhand,2050,1.368585421955989,1.0646041176143333,1.7639245862102078
Floor High (1.8),West Bengal,2024,1.3437299888259213,1.2162084084514195,1.4824784745689972
Floor High (1.8),West Bengal,2025,1.3321683483894673,1.1790662356406578,1.4991835509014877
Floor High (1.8),West Bengal,2026,1.3220078556340615,1.1531343626156705,1.5193614948836933
Floor High (1.8),West Bengal,2027,1.3115175893064386,1.133749468587006,1.5250817504328744
Floor High (1.8),West Bengal,2028,1.3008726761250933,1.112631078206832,1.5262582905291033
Floor High (1.8),West Bengal,2029,1.292157399142977,1.0903533507389673,1.5339008092407111
Floor High (1.8),West Bengal,2030,1.2802220873745742,1.070783024725572,1.53833991698603
Floor High (1.8),West Bengal,2031,1.2707701193622112,1.0481565538754212,1.5388932439308673
Floor High (1.8),West Bengal,2032,1.2633891925617817,1.0286768645910662,1.5422035380176793
Floor High (1.8),West Bengal,2033,1.2537497182110666,1.01631130479009,1.5399213154047255
Floor High (1.8),West Bengal,2034,1.2460918126599396,0.9980422690616281,1.540152682096898
Floor High (1.8),West Bengal,2035,1.237638689065157,0.9849402177042657,1.5327304340469041
Floor High (1.8),West Bengal,2036,1.2273516310670312,0.973712828206735,1.538175408210176
Floor High (1.8),West Bengal,2037,1.2213128864126177,0.9636330549308313,1.5311216498614797
Floor High (1.8),West Bengal,2038,1.212238016643957,0.9547003773006665,1.5335841184834826
Floor High (1.8),West Bengal,2039,1.2071704196535415,0.9492690596116765,1.5371117559538743
Floor High (1.8),West Bengal,2040,1.2015799672509533,0.9462437992029655,1.5339794834722453
Floor High (1.8),West Bengal,2041,1.191696685057213,0.9349429159413389,1.5284259805196392
Floor High (1.8),West Bengal,2042,1.1877579663446507,0.9250869500347997,1.520998485221999
Floor High (1.8),West Bengal,2043,1.1796565288685894,0.9175924531523306,1.5188265436632526
Floor High (1.8),West Bengal,2044,1.1740998335518138,0.9046388321760244,1.5180251601731134
Floor High (1.8),West Bengal,2045,1.1655937701676111,0.9024935016108183,1.5142318569977484
Floor High (1.8),West Bengal,2046,1.1620671818838963,0.89569276239845,1.501858204925818
Floor High (1.8),West Bengal,2047,1.1569653775692446,0.8871175680646961,1.499359880870885
Floor High (1.8),West Bengal,2048,1.1515878988660087,0.8816951030425266,1.5017093142767433
Floor High (1.8),West Bengal,2049,1.1429036949942444,0.8782724024290252,1.4984640302892773
Floor High (1.8),West Bengal,2050,1.1400079459973236,0.8682462043978078,1.4886198493517784
