state,year,type,mean,q2.5,q10,q90,q97.5
Andaman & Nicobar Islands,2023,Forecast,1.2134216914234888,1.0052774102327209,1.0704823611369898,1.363948572326955,1.4611466815513519
Andaman & Nicobar Islands,2024,Forecast,1.205968552436473,0.9916351214815464,1.0577249767526182,1.3664511690834837,1.4512366192152766
Andaman & Nicobar Islands,2025,Forecast,1.1992138920831266,0.9750132855569286,1.046182969146493,1.3624224767298532,1.4600497174189104
Andaman & Nicobar Islands,2026,Forecast,1.1924105959746,0.964528395680226,1.037571231074491,1.3584324555096332,1.4603661650158697
Andaman & Nicobar Islands,2027,Forecast,1.1868493775946591,0.9537425076064605,1.0271109685147346,1.3572735696409877,1.4603861263892606
Andaman & Nicobar Islands,2028,Forecast,1.1813706668011885,0.938983204409291,1.0204859786884612,1.3542071798828694,1.462763823689316
Andaman & Nicobar Islands,2029,Forecast,1.1752659385385809,0.9270576173061184,1.013274227740358,1.3494556096107988,1.4631373506907004
Andaman & Nicobar Islands,2030,Forecast,1.1690200979311005,0.9205111164231613,1.0032873932121789,1.347603998376075,1.4622905574721061
Andaman & Nicobar Islands,2031,Forecast,1.162975821652018,0.917760099632711,0.9889350104054625,1.3466409005117006,1.4623334294271726
Andaman & Nicobar Islands,2032,Forecast,1.15701243679771,0.8990097760224021,0.9817683735874073,1.3410847216897686,1.4716621843573006
Andaman & Nicobar Islands,2033,Forecast,1.1514370391403845,0.8959574726907977,0.9772631863651399,1.3396381652413276,1.4650539737123232
Andaman & Nicobar Islands,2034,Forecast,1.147206666105069,0.8860624200591423,0.9694168263894996,1.3389349187777668,1.461043233705287
Andaman & Nicobar Islands,2035,Forecast,1.1420448581731062,0.8816088397706684,0.9594161323891491,1.3354979341951974,1.4518783407663756
Andaman & Nicobar Islands,2036,Forecast,1.1354151582585725,0.8706923327705308,0.9499464508221532,1.3312875166048181,1.4509772851132292
Andaman & Nicobar Islands,2037,Forecast,1.1295701682757364,0.8582529559812904,0.9434011049021772,1.328812674295598,1.4510902668949737
Andaman & Nicobar Islands,2038,Forecast,1.1241273590217995,0.8521609535274351,0.9374081073717484,1.328901966419943,1.447381504153263
Andaman & Nicobar Islands,2039,Forecast,1.1192945394939202,0.8477627196136971,0.9313512352102273,1.3232021903821116,1.4401127275242922
Andaman & Nicobar Islands,2040,Forecast,1.1150281099055466,0.8417836908177752,0.9229960822822304,1.3217166002694163,1.4420774510100056
Andaman & Nicobar Islands,2041,Forecast,1.1104477619204307,0.8336277991261818,0.9176292885103493,1.3154155003402397,1.4424857710911658
Andaman & Nicobar Islands,2042,Forecast,1.1060155049900557,0.8307592953196532,0.908143334463171,1.3148379093769365,1.4522454512896212
Andaman & Nicobar Islands,2043,Forecast,1.1020169395280308,0.8200010463388712,0.9043364767124995,1.3115167394908642,1.4471767467534444
Andaman & Nicobar Islands,2044,Forecast,1.0982715541889772,0.8160778223917778,0.9003111207717799,1.3089666179239114,1.4466066071680317
Andaman & Nicobar Islands,2045,Forecast,1.0940004497394111,0.8037238016822416,0.8970603278371844,1.30586621616574,1.4429568501514856
Andaman & Nicobar Islands,2046,Forecast,1.0903490964146572,0.8043718753290311,0.8934863971082877,1.304368695396394,1.4517428540313297
Andaman & Nicobar Islands,2047,Forecast,1.085534007458945,0.7971292351262826,0.8873958755599457,1.2999447023519346,1.447778257560185
Andaman & Nicobar Islands,2048,Forecast,1.0818335726942663,0.7913747170358147,0.8848102672738402,1.2994915732970815,1.4408111742761824
Andaman & Nicobar Islands,2049,Forecast,1.078839672806643,0.7876194800793357,0.8773630898605128,1.298215376770854,1.4422627400137777
Andaman & Nicobar Islands,2050,Forecast,1.074850485749055,0.7823432453995438,0.8711786558412168,1.295054404646944,1.4367503038142437
Andhra Pradesh,2024,Forecast,1.496274498586367,1.3459052518348316,1.3977386601944197,1.5995064831920809,1.6583669155431302
Andhra Pradesh,2025,Forecast,1.4801403036274543,1.3031815252950156,1.3666681743123792,1.600051482975295,1.6694529364585282
Andhra Pradesh,2026,Forecast,1.4644495676672349,1.2712945607212995,1.334564545507384,1.5982498785163788,1.6738580650014245
Andhra Pradesh,2027,Forecast,1.4485263538811586,1.2396700839406876,1.307168269760921,1.5931685892276808,1.6786070353187839
Andhra Pradesh,2028,Forecast,1.4342375471031978,1.2112829989197247,1.2819249765248328,1.5855088660392538,1.6845567463303284
Andhra Pradesh,2029,Forecast,1.4196818675995326,1.186202112074729,1.2597668830880304,1.583809267886574,1.6807186882846503
Andhra Pradesh,2030,Forecast,1.4068861305257803,1.1679925832602391,1.2420100471495286,1.5800900394857769,1.6819852187822764
Andhra Pradesh,2031,Forecast,1.393862407432984,1.1479412988699986,1.2231211713052248,1.5732279626064614,1.6813944228626785
Andhra Pradesh,2032,Forecast,1.3800818078576378,1.1304690091957215,1.205610052873143,1.5615461714062338,1.671042396142016
Andhra Pradesh,2033,Forecast,1.3685989593416896,1.102178971649382,1.1903585752990824,1.5606058591214869,1.6696551512386855
Andhra Pradesh,2034,Forecast,1.3563648035664424,1.0894601747487762,1.1741051564792064,1.5529233484820608,1.6662242891338719
Andhra Pradesh,2035,Forecast,1.3445935147472279,1.0663935853863458,1.1560991787872175,1.5439995025499778,1.6636713930999563
Andhra Pradesh,2036,Forecast,1.3332299601436972,1.053191189472677,1.142984845139116,1.5361427844138347,1.663556434892334
Andhra Pradesh,2037,Forecast,1.3219494298152876,1.0436264655359901,1.127855918330198,1.528353654085891,1.6494018955990208
Andhra Pradesh,2038,Forecast,1.3118386059271143,1.0300782238053883,1.1138405002888618,1.5188668411934119,1.6456517858576354
Andhra Pradesh,2039,Forecast,1.3007834641766969,1.0203541905522928,1.1016035781784785,1.515096462513797,1.6398560023501088
Andhra Pradesh,2040,Forecast,1.2905530615742131,1.0004974352958584,1.0912795638629642,1.506017236476334,1.6296968398009426
Andhra Pradesh,2041,Forecast,1.279761543885749,0.9850883602962,1.0774068975088187,1.4956997079360734,1.6183983940676752
Andhra Pradesh,2042,Forecast,1.2708957847840852,0.9815386909760233,1.069911772682006,1.4871411959168417,1.6225635458220309
Andhra Pradesh,2043,Forecast,1.2628275637500208,0.9654930237741739,1.058220446857957,1.4820221382509144,1.6151881153277425
Andhra Pradesh,2044,Forecast,1.2542721524081821,0.9619563229521414,1.0490899742184903,1.4767089867637817,1.6093459459720572
Andhra Pradesh,2045,Forecast,1.2445566143500348,0.9456867948801223,1.0383814566483809,1.460507414895889,1.6067876148561897
Andhra Pradesh,2046,Forecast,1.2355601737351298,0.9452209429618249,1.0275903060140579,1.4508449560959222,1.5956110841071576
Andhra Pradesh,2047,Forecast,1.226626485463956,0.9301388205816905,1.0168475555167824,1.4429952827582808,1.590912745140464
Andhra Pradesh,2048,Forecast,1.2187941992624394,0.9198417830387539,1.008770262647385,1.438517160798263,1.5987348092730158
Andhra Pradesh,2049,Forecast,1.2108535698435332,0.9130102747759125,1.0001303234177512,1.4329416797859458,1.5820286642348032
Andhra Pradesh,2050,Forecast,1.2023524094343565,0.9006121949285502,0.9908072316735552,1.4243393831643811,1.5702482455237199
Arunachal Pradesh,2023,Forecast,1.741047830212895,1.470633046777996,1.556616562864583,1.9329877520816225,2.037522478517127
Arunachal Pradesh,2024,Forecast,1.7204406106948391,1.4407171712600733,1.5286978995636946,1.9172674274195078,2.0272735971911193
Arunachal Pradesh,2025,Forecast,1.7012573702641172,1.4173575095076165,1.5058945575716418,1.9059137172738339,2.0192596664433444
Arunachal Pradesh,2026,Forecast,1.6829257986007735,1.391772179973661,1.482453309954358,1.8903904997658072,2.0109373423589356
Arunachal Pradesh,2027,Forecast,1.6646334584871523,1.3705517833153984,1.4627722104794225,1.8743969339355648,2.0055147600579843
Arunachal Pradesh,2028,Forecast,1.6466117305094052,1.3507855698107392,1.4387086595369256,1.8637665234782546,1.9946840877700855
Arunachal Pradesh,2029,Forecast,1.6296096973525305,1.3263348367774084,1.4209904729769742,1.8447172631898257,1.9861319142228797
Arunachal Pradesh,2030,Forecast,1.6138452561452008,1.3110807272538063,1.4007002656575047,1.8360554062130114,1.9655494327523124
Arunachal Pradesh,2031,Forecast,1.5979172262869354,1.2910827964206857,1.3823392813052333,1.8225946192716007,1.9591865857784716
Arunachal Pradesh,2032,Forecast,1.5822450974568345,1.2714850586597828,1.3616736764230821,1.8124337667948998,1.959955520011481
Arunachal Pradesh,2033,Forecast,1.5671437694449484,1.2569513272876187,1.34466199633135,1.7983268505639365,1.9403496233119304
Arunachal Pradesh,2034,Forecast,1.553044003200836,1.237631259638715,1.3293316350867874,1.792006558621961,1.9350305871494076
Arunachal Pradesh,2035,Forecast,1.5380383845117318,1.2161646924867637,1.3119636165815416,1.781277889860773,1.9321308073832355
Arunachal Pradesh,2036,Forecast,1.523796670752952,1.1984857682660968,1.3000439239358041,1.7658783056317424,1.9067152551109943
Arunachal Pradesh,2037,Forecast,1.5098990142735211,1.1868625263954367,1.286608282471608,1.753852706436503,1.8979621786492844
Arunachal Pradesh,2038,Forecast,1.4981960983312679,1.1744792037904352,1.2708931971762218,1.7487742204564467,1.8913380825546033
Arunachal Pradesh,2039,Forecast,1.4855918984160785,1.1577813178448348,1.2588831351208918,1.7349996502801563,1.8812500945938135
Arunachal Pradesh,2040,Forecast,1.4742743695307245,1.1408144955822797,1.2492277303408772,1.7219117915409812,1.8795935098287446
Arunachal Pradesh,2041,Forecast,1.4624889422840486,1.1288648453992052,1.2356765866297192,1.7111112453794657,1.8623223585985897
Arunachal Pradesh,2042,Forecast,1.450650688313138,1.1167294008721056,1.2200335625945116,1.6981906530264441,1.853001196147651
Arunachal Pradesh,2043,Forecast,1.4402048017740778,1.1091687541202657,1.2138711314704707,1.6837549261966247,1.8375413384802555
Arunachal Pradesh,2044,Forecast,1.4295207153753138,1.0957751585618318,1.19880529752108,1.68279362206742,1.8280087124340643
Arunachal Pradesh,2045,Forecast,1.4176964146473885,1.0792954869885145,1.1866683155982736,1.6686129748484768,1.820513134101059
Arunachal Pradesh,2046,Forecast,1.407556803586749,1.065319994196322,1.177538362529452,1.6587611074962796,1.8076085138188933
Arunachal Pradesh,2047,Forecast,1.3991319586995488,1.0574439521877959,1.1648530215844115,1.6524037292526672,1.7983699740333439
Arunachal Pradesh,2048,Forecast,1.3876984524255365,1.050091832149804,1.1527257911354882,1.6399204622310055,1.7811558627753747
Arunachal Pradesh,2049,Forecast,1.3787903552318177,1.0427752982906506,1.1409372120306722,1.6327350311921331,1.7739402754234075
Arunachal Pradesh,2050,Forecast,1.3703202715198144,1.0321514969887133,1.132793779779957,1.621536526524711,1.7603116922029507
Assam,2024,Forecast,2.0095371825733173,1.8499741538359504,1.9011541170337487,2.119088814967316,2.1795760657354
Assam,2025,Forecast,1.989118292386742,1.8019573087204608,1.8639987090804746,2.115720978204221,2.18366635847501
Assam,2026,Forecast,1.9681391689285603,1.756997557545821,1.8279838257901355,2.1123813276689236,2.188708604838061
Assam,2027,Forecast,1.9486288588131753,1.725455307384707,1.7973316104181063,2.1019864504815176,2.1959810029503672
Assam,2028,Forecast,1.9294404937427667,1.6943777148780967,1.7705717821697098,2.0916719982932817,2.1844392918628537
Assam,2029,Forecast,1.9099338785672229,1.665529753426231,1.7435187090498674,2.0824615786931484,2.180573636525125
Assam,2030,Forecast,1.8917023220698619,1.6314743411577808,1.7167868649225453,2.0727749300428924,2.182819937985787
Assam,2031,Forecast,1.874580627271413,1.6116014984154265,1.6938836561759425,2.0616648852824184,2.177492707912541
Assam,2032,Forecast,1.8577500014346247,1.5838157905834678,1.6713921437928092,2.0582574300964662,2.1811901375017464
Assam,2033,Forecast,1.8402200489268128,1.5601302263986847,1.64438944047011,2.0445459898897544,2.165035116177625
Assam,2034,Forecast,1.822078993226189,1.5310537393938533,1.6195128145722766,2.0308173294114202,2.1614555531243784
Assam,2035,Forecast,1.8042888679723188,1.507598344477848,1.6004721842601115,2.01529676521283,2.1473674272309955
Assam,2036,Forecast,1.7874859390579398,1.4808958481827657,1.5783327859368006,2.0059814023043248,2.133717743906173
Assam,2037,Forecast,1.7709386990514904,1.457919813775896,1.556153448488197,1.9938185185613753,2.131025870972626
Assam,2038,Forecast,1.7562674806627225,1.4379945389878732,1.539938364466395,1.9816795292522191,2.1270387779417694
Assam,2039,Forecast,1.741359141500511,1.423396312580333,1.5258441791280228,1.971141849850669,2.1134810342750896
Assam,2040,Forecast,1.7260584683298992,1.3953319153573587,1.5082549880175158,1.9603331978180956,2.0929682338049886
Assam,2041,Forecast,1.711479013733268,1.3807476301921575,1.4942961701771118,1.947950357234083,2.088223272756032
Assam,2042,Forecast,1.696793411288084,1.3667820617020805,1.4773262369782578,1.9341146176634254,2.0799755417905974
Assam,2043,Forecast,1.6832735367969027,1.351132764502935,1.4622982179836894,1.922026533554945,2.0668301416776855
Assam,2044,Forecast,1.6698230025738714,1.3370488025396978,1.4477459523589529,1.9042996237401795,2.048331358202387
Assam,2045,Forecast,1.6566152993462921,1.3248208376152537,1.4297727163090979,1.896812922306987,2.0423065622029384
Assam,2046,Forecast,1.6445344668627033,1.3091118146770824,1.420060138028075,1.8831259652854566,2.0328051503387576
Assam,2047,Forecast,1.6317088985652386,1.2906155115037787,1.4005607908433293,1.8812814418174049,2.0270464095310574
Assam,2048,Forecast,1.6209907983384213,1.2758611620650302,1.3886768617120726,1.8667510356172408,2.0273584705308396
Assam,2049,Forecast,1.6080894668047017,1.258213818466996,1.3802758798601433,1.8531543829684927,2.0225568113952517
Assam,2050,Forecast,1.596370346298538,1.2456876669138006,1.3684687731923706,1.842267930717887,1.9969552487900404
Bihar,2024,Forecast,2.8313232440850324,2.599987867013357,2.6732264911992436,2.9924318627332713,3.084481195422693
Bihar,2025,Forecast,2.791064414410846,2.5243895534897782,2.6163954345754323,2.968885923250415,3.0731839139947366
Bihar,2026,Forecast,2.748276376635949,2.4548871071538843,2.555507929148547,2.9442478366168925,3.0557258041442763
Bihar,2027,Forecast,2.7102634877534424,2.3995794408767726,2.500992682336133,2.9239443631401825,3.03803667287782
Bihar,2028,Forecast,2.6706707498128646,2.339137169482104,2.449833353496627,2.893704418738738,3.016132886284236
Bihar,2029,Forecast,2.634252692307335,2.285395193853782,2.400388924565592,2.8698710969976147,3.0032350685146425
Bihar,2030,Forecast,2.5988550399695085,2.247475749951199,2.355500203649111,2.843036970456334,2.9819085556811076
Bihar,2031,Forecast,2.5635484988307478,2.1895812934089554,2.311715854170264,2.819969684048663,2.964853006719067
Bihar,2032,Forecast,2.5280704737548185,2.1418324253181122,2.2761653108891187,2.791959864658746,2.9422321490919705
Bihar,2033,Forecast,2.492919820968387,2.092989849718297,2.2296559767623725,2.759674853536976,2.920836830843081
Bihar,2034,Forecast,2.462035515279059,2.050883336993646,2.1909642241399054,2.7313743713087746,2.8931783329197036
Bihar,2035,Forecast,2.430310620167833,2.0203873092732554,2.15457638511909,2.707877046417238,2.872510784874912
Bihar,2036,Forecast,2.401563434148549,1.9874676511315872,2.116500514029033,2.6821396936153485,2.855288403360019
Bihar,2037,Forecast,2.371954720909218,1.9578793165389572,2.093220601036606,2.6583868967855753,2.8380314054637292
Bihar,2038,Forecast,2.342893497582697,1.917106401281182,2.0620695824545003,2.6308250294308704,2.820369913287169
Bihar,2039,Forecast,2.3156603420933615,1.8946327715942735,2.031169723576138,2.61033474112001,2.792166413884135
Bihar,2040,Forecast,2.2879691050504802,1.8569062245797117,1.9982037705061941,2.5906660684975,2.760619247571577
Bihar,2041,Forecast,2.262480426934288,1.8261389525464131,1.971195420165604,2.5600168157563905,2.747327192243803
Bihar,2042,Forecast,2.2367701098459993,1.8056127594505502,1.9446297767384428,2.5416157833944966,2.728960831499165
Bihar,2043,Forecast,2.2116800759045083,1.771646578938777,1.9161445882121786,2.519690509924316,2.699920188844536
Bihar,2044,Forecast,2.1873163285937567,1.7641745906279351,1.8891418432665446,2.4990829225625397,2.670424801767237
Bihar,2045,Forecast,2.1624319756806796,1.7348272999418541,1.8606654486910368,2.4793898563002674,2.6550702450590147
Bihar,2046,Forecast,2.1392469819735247,1.7094482107818423,1.8393383438101363,2.4570681599451496,2.6291205037398715
Bihar,2047,Forecast,2.115710549692481,1.6770817111969416,1.809525951093917,2.4391787000356078,2.613133132871287
Bihar,2048,Forecast,2.092981193373999,1.6491892773966876,1.7918726533381184,2.4152246783801616,2.597584025497146
Bihar,2049,Forecast,2.0705710500124117,1.6209779248469192,1.7658338976063304,2.3844513382757593,2.5794735003006606
Bihar,2050,Forecast,2.049013552307584,1.6047089240612333,1.743939638123943,2.3642337257355597,2.566290272783721
Chandigarh,2023,Forecast,1.4714596835711446,1.2181113163075672,1.302320546029403,1.6509800947513336,1.7556111762620148
Chandigarh,2024,Forecast,1.4557158295641908,1.1992025166948248,1.2796385286461727,1.642359781954038,1.7594830795725753
Chandigarh,2025,Forecast,1.4394998946234747,1.1796090782292044,1.2539946542031088,1.6284662664811733,1.7493815311888623
Chandigarh,2026,Forecast,1.4238487951975365,1.1515366944891605,1.2387575410210943,1.6219158648974092,1.7488096719008377
Chandigarh,2027,Forecast,1.40932462643569,1.1352769424449498,1.2193365820736468,1.6115698348465193,1.7434444298756333
Chandigarh,2028,Forecast,1.394755686352025,1.1207414664753232,1.202355390847674,1.6044864364126314,1.7290992028887062
Chandigarh,2029,Forecast,1.3807654805932617,1.0943785103724963,1.1841347771034907,1.5953872953770138,1.7255838318341759
Chandigarh,2030,Forecast,1.3678925030194418,1.077608408614471,1.1680421037486914,1.5874548082924005,1.7052015938761074
Chandigarh,2031,Forecast,1.3552017412139765,1.0625476110985363,1.1550490864504963,1.572848681982072,1.698229718083359
Chandigarh,2032,Forecast,1.3423737917024086,1.0474892115338759,1.1351269120198841,1.564830587238136,1.6904800920315517
Chandigarh,2033,Forecast,1.3292069829251567,1.0384562325475377,1.124146645112574,1.55313526374641,1.6836586831284095
Chandigarh,2034,Forecast,1.3178046368682452,1.0207907864796504,1.1129069919418733,1.5423492359993873,1.6835961533583614
Chandigarh,2035,Forecast,1.3072522950050065,1.0106232715146015,1.101553038085655,1.5350515633443682,1.6776769811735148
Chandigarh,2036,Forecast,1.2971922401826321,0.9950334752555545,1.0904322653801286,1.519929038014555,1.6710868536585204
Chandigarh,2037,Forecast,1.2860456060702394,0.9900090205067602,1.0740693416247624,1.5090645436192434,1.6548941266197823
Chandigarh,2038,Forecast,1.2760462318868737,0.976757867772089,1.064181139662409,1.5044312139651848,1.6463615152381834
Chandigarh,2039,Forecast,1.2666033004136001,0.9676835143458913,1.0498689929750327,1.4955444289623632,1.638383099673623
Chandigarh,2040,Forecast,1.2565886598082274,0.9588682779971981,1.0426759739306604,1.4832988117202965,1.6277111014521526
Chandigarh,2041,Forecast,1.246499544946413,0.9448614256702947,1.031876020341464,1.477188289148909,1.6211316283598156
Chandigarh,2042,Forecast,1.238344100598281,0.9361448461182366,1.0273896532615372,1.4691351553209204,1.6168657726831468
Chandigarh,2043,Forecast,1.2302766514474706,0.9303836047031219,1.0178303063059364,1.4609151648396457,1.6066131037686302
Chandigarh,2044,Forecast,1.2226882303982052,0.92598770173494,1.0086446559088684,1.4538774112658635,1.5988605714577115
Chandigarh,2045,Forecast,1.214690148793741,0.9159648757491071,1.0023027175024504,1.4490434247251107,1.5915371144374943
Chandigarh,2046,Forecast,1.2059743227294413,0.902774044249763,0.9966834422896067,1.4415878398908566,1.5785412698513348
Chandigarh,2047,Forecast,1.1986131448865196,0.8960725245087378,0.9845418074134351,1.4320776636010317,1.5832595233973652
Chandigarh,2048,Forecast,1.1922418161456545,0.8932304573631034,0.9775639808227007,1.4304719479388397,1.592200081270674
Chandigarh,2049,Forecast,1.1849025513518086,0.8837568316306774,0.9706900332611009,1.4216429947888674,1.5823864787801218
Chandigarh,2050,Forecast,1.1791252452040266,0.8779284221146482,0.9639982966703597,1.4169835920434146,1.5777056822971844
Chhattisgarh,2024,Forecast,2.172099400877418,1.9970648479298805,2.0543963728264267,2.2918390365350967,2.360946650126971
Chhattisgarh,2025,Forecast,2.1465030980742363,1.9462915886276975,2.0107208416461106,2.2861168120388253,2.362767318133917
Chhattisgarh,2026,Forecast,2.1226344034288225,1.901037209506227,1.972515573011903,2.2768291976739232,2.3571794315924426
Chhattisgarh,2027,Forecast,2.099214468902599,1.854294277377826,1.9378385478175586,2.2633846572734844,2.354007706067717
Chhattisgarh,2028,Forecast,2.076182310947245,1.8198423037426201,1.9061458591647327,2.2512971111867377,2.353793657201492
Chhattisgarh,2029,Forecast,2.0542994465458984,1.783930261964369,1.8753223417251506,2.2385802514278956,2.3408983979027633
Chhattisgarh,2030,Forecast,2.0321963945567325,1.755026277295755,1.8436710905246039,2.227573295919795,2.3341636324887602
Chhattisgarh,2031,Forecast,2.010079135997277,1.7224944810959162,1.8134416753094014,2.2099054652363646,2.3276898806075197
Chhattisgarh,2032,Forecast,1.9892512304662533,1.6869932241009322,1.789433472032795,2.1973635423059314,2.315064526911636
Chhattisgarh,2033,Forecast,1.9688307945526289,1.6605203834227056,1.7584580094834164,2.185458023857522,2.311482315464566
Chhattisgarh,2034,Forecast,1.9470196518904743,1.6294415306313395,1.735365009702945,2.1649429176274295,2.310808728554755
Chhattisgarh,2035,Forecast,1.9269918353998465,1.6055563931791763,1.7113903883380381,2.1513518550903337,2.2949538338529303
Chhattisgarh,2036,Forecast,1.9090179922554666,1.5859709389102368,1.6873843687566987,2.139442276740676,2.2863487861218763
Chhattisgarh,2037,Forecast,1.8908479936341454,1.5636517508417183,1.6644973772424732,2.13004117420484,2.2753837385873523
Chhattisgarh,2038,Forecast,1.872906332805568,1.5373657985983467,1.6415222237511864,2.1126681000889502,2.2567003405582082
Chhattisgarh,2039,Forecast,1.8550723234503825,1.5124736668138183,1.6214464563688578,2.0992520971432476,2.2500110437566745
Chhattisgarh,2040,Forecast,1.8367515701421344,1.4817193502436685,1.6005847483235771,2.083827057279292,2.2416282995838905
Chhattisgarh,2041,Forecast,1.8201246132386797,1.4658316151414783,1.5824212841089,2.07116312080065,2.22003222473331
Chhattisgarh,2042,Forecast,1.8033151789874147,1.4479682267253893,1.5591751415369812,2.0522837855363076,2.21850617366057
Chhattisgarh,2043,Forecast,1.7876326450195177,1.428030367700567,1.5409600201342446,2.0464414033072824,2.205956670966711
Chhattisgarh,2044,Forecast,1.771931470982623,1.406519899298704,1.5272671243223317,2.031551140639392,2.1915033136273685
Chhattisgarh,2045,Forecast,1.755101601766461,1.3930080286412825,1.5100030414783394,2.0164502920864176,2.182970606381426
Chhattisgarh,2046,Forecast,1.7402785464040469,1.3761469527446681,1.4953295535527331,1.9991129934601672,2.1622147082340217
Chhattisgarh,2047,Forecast,1.7269949290703002,1.3627322368279773,1.4787111368786867,1.9839559170146681,2.150970787973703
Chhattisgarh,2048,Forecast,1.712571060645734,1.345486731617632,1.4599096827144458,1.9767791947028512,2.143907819742152
Chhattisgarh,2049,Forecast,1.698383819597701,1.3305798761896288,1.4479270284677737,1.964358065635861,2.1227368249732934
Chhattisgarh,2050,Forecast,1.683688378666535,1.3233432001741008,1.430171776895783,1.9491575514434367,2.110395709506676
Dadra & Nagar Haveli and Daman & Diu,2023,Forecast,1.9548621193737854,1.6874108739295324,1.767801879237141,2.1477194892576597,2.2648708717464405
Dadra & Nagar Haveli and Daman & Diu,2024,Forecast,1.934855493755352,1.6548212726219502,1.7384394100147906,2.136619281048796,2.2567476710568086
Dadra & Nagar Haveli and Daman & Diu,2025,Forecast,1.9159523049702358,1.626920603042122,1.717985697626432,2.121809023927029,2.247814359786017
Dadra & Nagar Haveli and Daman & Diu,2026,Forecast,1.896471691766662,1.606415995050619,1.6906224305471351,2.107800833328612,2.236829817789486
Dadra & Nagar Haveli and Daman & Diu,2027,Forecast,1.8769391658737595,1.5748840618749917,1.6684962099887357,2.0920409244473666,2.2346070351387333
Dadra & Nagar Haveli and Daman & Diu,2028,Forecast,1.859133923524692,1.5458872978432774,1.6442903888902987,2.0797067642573657,2.214839710467748
Dadra & Nagar Haveli and Daman & Diu,2029,Forecast,1.8414178273702624,1.515887319353387,1.6271286441493558,2.067178642359927,2.208206962781491
Dadra & Nagar Haveli and Daman & Diu,2030,Forecast,1.824033046441495,1.4908025103633624,1.6012483171084961,2.0527868424264764,2.195660666640518
Dadra & Nagar Haveli and Daman & Diu,2031,Forecast,1.8078488620525954,1.4785582925520662,1.5795522266463244,2.04359859508931,2.1847353398527973
Dadra & Nagar Haveli and Daman & Diu,2032,Forecast,1.7911668837370847,1.461131451413538,1.5599479750768146,2.03288769345558,2.175443574075313
Dadra & Nagar Haveli and Daman & Diu,2033,Forecast,1.7752134794549628,1.4371919252835865,1.5417623957879056,2.016871342622647,2.1633220481249538
Dadra & Nagar Haveli and Daman & Diu,2034,Forecast,1.7585071942227994,1.42525775726943,1.5251862048452312,1.99625078086599,2.140404944127648
Dadra & Nagar Haveli and Daman & Diu,2035,Forecast,1.7415854581170793,1.4004136698723886,1.5100901830526863,1.9796594852620604,2.1284651524713953
Dadra & Nagar Haveli and Daman & Diu,2036,Forecast,1.72667162789268,1.383473002128837,1.4922657721447798,1.9703019228859875,2.115576128011018
Dadra & Nagar Haveli and Daman & Diu,2037,Forecast,1.7125990605108243,1.36404168817599,1.4770544340113452,1.9609195155790247,2.1046523349651403
Dadra & Nagar Haveli and Daman & Diu,2038,Forecast,1.6990996068548216,1.3475276614937748,1.4645644365961235,1.9462911385013746,2.1001250476760704
Dadra & Nagar Haveli and Daman & Diu,2039,Forecast,1.6855820639524022,1.3275972437401267,1.4474151087227451,1.9342843956346458,2.094772044798522
Dadra & Nagar Haveli and Daman & Diu,2040,Forecast,1.6719947965404756,1.311890410537938,1.4357607460900428,1.925540522150351,2.0850958053456834
Dadra & Nagar Haveli and Daman & Diu,2041,Forecast,1.657824909299551,1.2972123223864622,1.4198167432686917,1.9184506499320262,2.0719395335062862
Dadra & Nagar Haveli and Daman & Diu,2042,Forecast,1.645512514955439,1.2945789200272997,1.4015884793778488,1.907671370019854,2.0675250577217006
Dadra & Nagar Haveli and Daman & Diu,2043,Forecast,1.6327449910307612,1.278256090114202,1.385989185332199,1.8910708588808058,2.048108907184768
Dadra & Nagar Haveli and Daman & Diu,2044,Forecast,1.6202306434866056,1.261583808349081,1.3748167246661482,1.8797442872399668,2.050372335405348
Dadra & Nagar Haveli and Daman & Diu,2045,Forecast,1.6092707285281884,1.2466110527841743,1.3630185275398634,1.8680787370462064,2.0472266276105127
Dadra & Nagar Haveli and Daman & Diu,2046,Forecast,1.596471192786464,1.2341477122063143,1.3496489756223746,1.8594714139740949,2.0297200683633743
Dadra & Nagar Haveli and Daman & Diu,2047,Forecast,1.5853066607345794,1.2270897459526235,1.3394978961811175,1.8507466232293401,2.0156859762819472
Dadra & Nagar Haveli and Daman & Diu,2048,Forecast,1.5737527642471627,1.216880427460235,1.326330705585717,1.837811172324559,2.0031140341033287
Dadra & Nagar Haveli and Daman & Diu,2049,Forecast,1.5628975366117495,1.1926433279810789,1.3170817677477336,1.8238078459418126,1.995126856503851
Dadra & Nagar Haveli and Daman & Diu,2050,Forecast,1.5518689797849896,1.1817910105517178,1.3046974071440198,1.8155566677594874,1.9821679389661657
Delhi,2024,Forecast,1.2957649504932085,1.1786858874110797,1.2194469272593926,1.3750768325747946,1.4146304068615534
Delhi,2025,Forecast,1.2884587317940122,1.152029534440714,1.199292274129787,1.3788495868234723,1.4277576505487084
Delhi,2026,Forecast,1.2813982364425358,1.1365566638388056,1.1820753577592145,1.3878726125359615,1.4381828085653625
Delhi,2027,Forecast,1.2739056711630505,1.118128260503002,1.1650441155863285,1.3861708234527947,1.4520149034135528
Delhi,2028,Forecast,1.267421947860278,1.1012354256298091,1.152840018207868,1.390291793538722,1.4554455387375518
Delhi,2029,Forecast,1.2600777004963166,1.0867648909719205,1.1388019783109224,1.389779397151654,1.4608796722101667
Delhi,2030,Forecast,1.2534142496959404,1.0650630102586705,1.124174454271635,1.3877634274543027,1.4701346830477997
Delhi,2031,Forecast,1.2475620744336051,1.0569350366991308,1.114278101338785,1.386209839285394,1.4729894977489346
Delhi,2032,Forecast,1.2426471656713278,1.0438145527640807,1.104091877981975,1.3857421715709832,1.4817900581886823
Delhi,2033,Forecast,1.2363781335184636,1.029318085687709,1.092254351260043,1.386183720234685,1.4851360085548637
Delhi,2034,Forecast,1.2303538224882093,1.0121324447401825,1.0827372786982827,1.3865269203304036,1.4808938021277556
Delhi,2035,Forecast,1.2244189904102594,1.001742999063198,1.0738873179436983,1.3844609821646745,1.4753087938874707
Delhi,2036,Forecast,1.2189972155396573,0.9938041582436885,1.0640870974426349,1.3788164732909425,1.480297930076357
Delhi,2037,Forecast,1.2125210221712333,0.9793633845510455,1.0558789746912185,1.3758548715750503,1.4770251802628829
Delhi,2038,Forecast,1.2073746371023306,0.9749168155379367,1.0464071583512202,1.3758189869377195,1.4765192905957565
Delhi,2039,Forecast,1.2021626603296327,0.9611579762419442,1.0380580844666227,1.3729497010702167,1.4785857336067576
Delhi,2040,Forecast,1.1969231323519702,0.9543599885189499,1.0330354168038436,1.37323545324162,1.4826797719274465
Delhi,2041,Forecast,1.191723998657615,0.9413450918393453,1.0245803861507987,1.3712491013107642,1.475606533078553
Delhi,2042,Forecast,1.1870954481626377,0.9378022717828882,1.0176158528415478,1.3673515260171043,1.4764263861373048
Delhi,2043,Forecast,1.1829139600758851,0.9250862976320475,1.0148268647202265,1.3684462567656845,1.4815196419049104
Delhi,2044,Forecast,1.1779907598979775,0.920340797672204,1.0049428955940956,1.365195522670591,1.474022917639059
Delhi,2045,Forecast,1.1729991537149465,0.9089925614710498,0.9951283132493929,1.3646977004542067,1.4701582905549542
Delhi,2046,Forecast,1.1691886834674057,0.9081578450586367,0.9901904467945932,1.3575092395825157,1.4748434878553547
Delhi,2047,Forecast,1.1640480111599356,0.9019658978330094,0.9800683187736898,1.3588270519237495,1.4731898396835523
Delhi,2048,Forecast,1.159621579719684,0.8970720403125588,0.9765224787049608,1.355369963600627,1.4701850167690587
Delhi,2049,Forecast,1.1555741522176894,0.8877172003962919,0.971833406137717,1.353274811530451,1.4793475390042992
Delhi,2050,Forecast,1.1513893185250932,0.8821566231233192,0.9656360878972141,1.3517266054900354,1.4798705322714492
Goa,2023,Forecast,1.3552196412956952,1.1422288229588196,1.2077981075930002,1.5080169857098151,1.6057508339838125
Goa,2024,Forecast,1.3445552398722185,1.1230082210264838,1.1924296607127556,1.5058964190862305,1.5994859698863042
Goa,2025,Forecast,1.3354252842154404,1.1008367913679626,1.1755194184272368,1.5010770658630683,1.6061814503050875
Goa,2026,Forecast,1.3264472226384982,1.0883238372120938,1.158431114927114,1.495770996373176,1.5969438171391135
Goa,2027,Forecast,1.316636754608436,1.0716695786687307,1.1471478165349485,1.4899649868902944,1.5928861652524136
Goa,2028,Forecast,1.3083580817648703,1.056484208839431,1.1360552956547432,1.4877835935768327,1.5958899407336962
Goa,2029,Forecast,1.3009886799433161,1.053576300806076,1.1247052254441297,1.481445023555181,1.5979664403191565
Goa,2030,Forecast,1.2916602499870722,1.0383840454151523,1.1121187452774588,1.4828981553112235,1.5972516821542757
Goa,2031,Forecast,1.2849509897959805,1.0260182386479293,1.1066794909455446,1.4808767243311907,1.5884531718689046
Goa,2032,Forecast,1.2772889999325074,1.0103760904861756,1.095302855385656,1.4793426526838322,1.587370950927244
Goa,2033,Forecast,1.2700709585287686,1.0046478830991534,1.0821042144044954,1.470081416177938,1.5857351429204738
Goa,2034,Forecast,1.2626420813388668,0.9916017769125267,1.0687249005025814,1.4699025134582404,1.58640647473364
Goa,2035,Forecast,1.2548350751675614,0.9867229035984129,1.0626641668136976,1.4619111375766707,1.575791185057398
Goa,2036,Forecast,1.2466872254474333,0.9773154898443144,1.0526906876825692,1.4558881058544069,1.5742111534824013
Goa,2037,Forecast,1.2393154570077822,0.9655271777820479,1.0475448118618702,1.4473575987463312,1.5678108990690836
Goa,2038,Forecast,1.2316204484729518,0.9519854009542049,1.036699895820833,1.4387689144061913,1.5727356101715255
Goa,2039,Forecast,1.226428079335964,0.9425279502700469,1.029250775218964,1.429662687025738,1.5721350916196375
Goa,2040,Forecast,1.2199141437003143,0.9353122709774028,1.0193680303358035,1.4286097600888354,1.5604090445996073
Goa,2041,Forecast,1.2132929244542852,0.9236558011617235,1.01447576783963,1.42314207180685,1.5605802084355147
Goa,2042,Forecast,1.2080237018925069,0.9210974529240484,1.0077702511155517,1.4213540847045991,1.5456153935952277
Goa,2043,Forecast,1.201860398084603,0.9121666224180374,0.9986622383992527,1.4155106539501636,1.5524363740351796
Goa,2044,Forecast,1.1960162268299932,0.9051689770965701,0.9933705736423336,1.4080649144621715,1.5443882223798902
Goa,2045,Forecast,1.189112702034727,0.8976862555809219,0.9868415085612975,1.4081052480147198,1.542687482346233
Goa,2046,Forecast,1.1830929149978942,0.888921398126169,0.9792778136845617,1.3963396435829787,1.5428559180476105
Goa,2047,Forecast,1.1779601629832908,0.8828760232297174,0.9721471555147676,1.3927293031620547,1.5410459479543435
Goa,2048,Forecast,1.1735279273260812,0.8789496655726527,0.9654924453675019,1.3896072914361601,1.5344340381525505
Goa,2049,Forecast,1.1675158790066535,0.8686934135295898,0.9608923202444537,1.3848543221930176,1.536510054357329
Goa,2050,Forecast,1.1621064116815347,0.8653862643426353,0.9548312996370136,1.3865547780251903,1.521367045500179
Gujarat,2024,Forecast,1.8491026832003314,1.6897230083453012,1.7430191390071763,1.9588768442389581,2.0230556578600116
Gujarat,2025,Forecast,1.8251120822420943,1.640036706675576,1.7008876299715134,1.951279210202933,2.019563936801045
Gujarat,2026,Forecast,1.8024595456429595,1.5950301229132318,1.6661937710801147,1.9430067982316466,2.02957252570282
Gujarat,2027,Forecast,1.7801637486174566,1.5564468344364133,1.6316229031045482,1.928043528617382,2.0186668975588957
Gujarat,2028,Forecast,1.7606691071996046,1.526384084735838,1.6033020107352933,1.9223188095461583,2.0239158654795952
Gujarat,2029,Forecast,1.739019317074413,1.4882685113035619,1.5756509813138675,1.9112024605008484,2.0157750839274544
Gujarat,2030,Forecast,1.7181470115586457,1.463995870992426,1.544826953186204,1.900903169573447,2.014884385576053
Gujarat,2031,Forecast,1.6995647514464933,1.4298649506824574,1.5173125483289518,1.885837745344665,2.0008628900952012
Gujarat,2032,Forecast,1.68225791808104,1.4078294562167646,1.4953480558288879,1.8797892342062288,1.9959718960524238
Gujarat,2033,Forecast,1.6639741910002321,1.388867693012358,1.4731211809762592,1.8664838770333185,1.986735333060677
Gujarat,2034,Forecast,1.6468057302846415,1.3600394228815393,1.4467020433262672,1.8539886188430874,1.974006176344866
Gujarat,2035,Forecast,1.6314514862151916,1.3362591479300077,1.4288525000309937,1.8483814755318293,1.9644519396265179
Gujarat,2036,Forecast,1.6163520870876873,1.3085727623537864,1.4106977886123313,1.8372778676699568,1.9655153919306796
Gujarat,2037,Forecast,1.6002407621025352,1.2898361074825357,1.3891465894255295,1.8251685795838266,1.945981249233156
Gujarat,2038,Forecast,1.584625749158487,1.2679553889817807,1.3721899241437787,1.8094717981071051,1.9430191006482247
Gujarat,2039,Forecast,1.5695189699002954,1.2475206125885994,1.3570232977905963,1.7955992907464098,1.9399250419149707
Gujarat,2040,Forecast,1.5568045620800788,1.2356044262602641,1.3437347263926336,1.7844999526364678,1.9362248574342713
Gujarat,2041,Forecast,1.5436878722494904,1.2231684666524982,1.3257784894101847,1.7743125035707974,1.927833108690806
Gujarat,2042,Forecast,1.528771076245321,1.206455850352423,1.3096512579486954,1.7628682807822345,1.9084614693495086
Gujarat,2043,Forecast,1.5159176877269438,1.1882321938904004,1.2944960009565425,1.7513847008506032,1.9119625072862165
Gujarat,2044,Forecast,1.5028613166511913,1.1803003277943722,1.2827803977125907,1.7388152590523143,1.8905448269961183
Gujarat,2045,Forecast,1.4894415298378119,1.1656397329737678,1.2681671759596738,1.7313589334054826,1.8804583276730764
Gujarat,2046,Forecast,1.4768160756448363,1.150165177226155,1.2535789410257836,1.7234127738513214,1.8699110468834492
Gujarat,2047,Forecast,1.4648594004531703,1.1318407482113122,1.2405560290366917,1.715229618004029,1.8544600638703193
Gujarat,2048,Forecast,1.4533124692537993,1.1208831911803876,1.2289746935586954,1.7023240843923355,1.8547054924307873
Gujarat,2049,Forecast,1.4419757374613467,1.1129186421705521,1.2195708649504837,1.6890036993910498,1.8523105286030181
Gujarat,2050,Forecast,1.4308148058617691,1.1051285833932196,1.203118737794912,1.6803326437127082,1.8297398811855106
Haryana,2024,Forecast,1.911834680363172,1.7433536582955604,1.8014797118275765,2.0288209406276962,2.0902958866620995
Haryana,2025,Forecast,1.888494111082047,1.6938042462438871,1.7612093311486556,2.023108732390958,2.102261221513427
Haryana,2026,Forecast,1.8641636862967768,1.651284782091993,1.7183082595964208,2.0121019711449097,2.1038917570169904
Haryana,2027,Forecast,1.8392815747479219,1.6086471566519107,1.685370094817216,2.00341479173181,2.094216939874142
Haryana,2028,Forecast,1.8164092605668325,1.568794179110452,1.6540975931220934,1.9845041599769646,2.0879120850027415
Haryana,2029,Forecast,1.795384082485959,1.5366230466361555,1.6230820152584398,1.9798299323972524,2.086467972388057
Haryana,2030,Forecast,1.773345556201488,1.5082232845396426,1.5920283039925551,1.9560471789439258,2.073415657229554
Haryana,2031,Forecast,1.7532585947421018,1.4765348237002889,1.564159565377854,1.9499059969080779,2.0693815193922913
Haryana,2032,Forecast,1.7346348080467613,1.4543975775925448,1.5405811218282253,1.9412387612852635,2.0608097519123647
Haryana,2033,Forecast,1.7152304916878551,1.4241000212348707,1.512215455534601,1.9295315951780925,2.0445401326663073
Haryana,2034,Forecast,1.6952012830631418,1.395338229041282,1.4903994612231404,1.9114725438649267,2.036514198451916
Haryana,2035,Forecast,1.6772243375725095,1.376404841115956,1.4671589035286872,1.896564909722691,2.0345919854050263
Haryana,2036,Forecast,1.660068594954861,1.3514817631778502,1.44628609660551,1.8886459050494024,2.0243447760677014
Haryana,2037,Forecast,1.6419244324074187,1.3269951630937353,1.425818824827433,1.86918233818715,2.0205551856410175
Haryana,2038,Forecast,1.6252831916814903,1.3049021527036189,1.4102971958715025,1.857171001428547,2.0025750108183735
Haryana,2039,Forecast,1.60983608907754,1.2833253081918254,1.3894756696279909,1.8477521202139326,1.9949228579209808
Haryana,2040,Forecast,1.5929612534788045,1.261731930224372,1.37211601324433,1.8266450757846662,1.9886794469240132
Haryana,2041,Forecast,1.5763989528948483,1.2408601164971946,1.352017209172678,1.8130026615079995,1.9732296317669191
Haryana,2042,Forecast,1.562131816594261,1.2296401685160192,1.3359834046790948,1.8032413733724888,1.9636533759851167
Haryana,2043,Forecast,1.547057029086437,1.2192803510368861,1.3158787563971361,1.7820552716616591,1.9496604152264532
Haryana,2044,Forecast,1.5330307698713819,1.2030775564860838,1.3002179094454456,1.7739584973425193,1.9308713431753817
Haryana,2045,Forecast,1.5191286689694201,1.1845951668980013,1.2835520076454432,1.7653821464985522,1.919947172031493
Haryana,2046,Forecast,1.5043424627972988,1.169476552636942,1.2705401041628241,1.7482972280609983,1.9064364283837734
Haryana,2047,Forecast,1.4924600625263174,1.1569161238836645,1.255938060801447,1.7364864010249117,1.89873025891543
Haryana,2048,Forecast,1.4796945837029962,1.1434026862368492,1.2439231045398393,1.7279312834613052,1.8853148106249398
Haryana,2049,Forecast,1.4673018804281286,1.1353305705100123,1.2324183357371001,1.7160448867224354,1.8696217338994152
Haryana,2050,Forecast,1.4559490752094184,1.1225270112603698,1.2216402088610836,1.7049145774749441,1.8712725972581232
Himachal Pradesh,2024,Forecast,1.532303472138972,1.3831579808682368,1.4328862927722512,1.6330146089239972,1.6860230123485762
Himachal Pradesh,2025,Forecast,1.5129988244439772,1.3452785774846796,1.401071932852627,1.6291073396532154,1.6988195749320945
Himachal Pradesh,2026,Forecast,1.4955791200135844,1.3072007589058845,1.3672394316426626,1.6275558647723118,1.7090942671898601
Himachal Pradesh,2027,Forecast,1.4787730516267767,1.2720433335904708,1.3387330628177745,1.621873657780658,1.7065050314326387
Himachal Pradesh,2028,Forecast,1.4610581594879417,1.2423068117045637,1.3144147899032363,1.6149720062133321,1.7104610162387142
Himachal Pradesh,2029,Forecast,1.446050294045665,1.2187980738855164,1.2869437431959656,1.6082503907306034,1.7029299279798575
Himachal Pradesh,2030,Forecast,1.4308694279467924,1.1935517482613538,1.2631397201291077,1.6038982946826243,1.7055181201964211
Himachal Pradesh,2031,Forecast,1.4153980887388264,1.1668113493504808,1.2442738007757514,1.5943764288508222,1.7033112122718281
Himachal Pradesh,2032,Forecast,1.4015068344726453,1.1505923807186562,1.22896614066055,1.5857738581105008,1.6957226087774333
Himachal Pradesh,2033,Forecast,1.3884579661492658,1.1296161998155332,1.208449284765773,1.580051257350868,1.6856634672921353
Himachal Pradesh,2034,Forecast,1.3758730021556118,1.1177304857798904,1.1911164920670214,1.5742680516810645,1.6891031809419181
Himachal Pradesh,2035,Forecast,1.3631259046023274,1.0908413623014241,1.1789703197140091,1.5608438273921785,1.681119906188499
Himachal Pradesh,2036,Forecast,1.3507008861946441,1.0774009279878172,1.1624534557755264,1.547233153370588,1.6748916312778428
Himachal Pradesh,2037,Forecast,1.3400689932274166,1.0592421567647825,1.148070265731113,1.5385367847923612,1.6602723127111236
Himachal Pradesh,2038,Forecast,1.3282711519152393,1.0442474693595387,1.1368067252377425,1.531687256446625,1.6505575232037584
Himachal Pradesh,2039,Forecast,1.316786382925422,1.035396646931789,1.1206816854319683,1.5241219122726517,1.6555174539220125
Himachal Pradesh,2040,Forecast,1.305922317296068,1.0234692499029105,1.1081350537564918,1.5163957801497991,1.6468110091599628
Himachal Pradesh,2041,Forecast,1.2939816767646333,1.0053060901839166,1.096210660763178,1.5070210453353279,1.638591175093636
Himachal Pradesh,2042,Forecast,1.2839923202483188,0.9914307644856569,1.082941454814102,1.4997835481184332,1.6385546531217585
Himachal Pradesh,2043,Forecast,1.2747786918233346,0.9818967327673811,1.0722370882434664,1.4927862915156664,1.6374582168566583
Himachal Pradesh,2044,Forecast,1.2656467996125975,0.9747788429469089,1.063001035052552,1.4824337585281446,1.6301843976824955
Himachal Pradesh,2045,Forecast,1.2563082628236566,0.9627438578827145,1.053987696760725,1.4755019307280477,1.619570585300231
Himachal Pradesh,2046,Forecast,1.2466142233712256,0.9520860692339194,1.0438384428873206,1.4610926125959491,1.6200782094151598
Himachal Pradesh,2047,Forecast,1.2382665350863318,0.9384634049308066,1.0282267410514774,1.4564992183997258,1.6102874891030716
Himachal Pradesh,2048,Forecast,1.229294152080365,0.9250949900886171,1.0198036559239971,1.4489118205032825,1.599094938494915
Himachal Pradesh,2049,Forecast,1.2221486109756077,0.9148497098422665,1.013625460555024,1.448886618559556,1.5847005614565832
Himachal Pradesh,2050,Forecast,1.2144214535893016,0.9037547491934197,1.0029838308725227,1.441702002818574,1.5815402055880803
Jammu & Kashmir,2024,Forecast,1.505953658726725,1.3732852416892678,1.419477066090333,1.5979358210507124,1.652006610954296
Jammu & Kashmir,2025,Forecast,1.4945677617288171,1.3407138466063948,1.3923124796684938,1.6025226358406626,1.6698891827951157
Jammu & Kashmir,2026,Forecast,1.481813093881529,1.311635689549666,1.3731462696985313,1.601249978235336,1.66407162243268
Jammu & Kashmir,2027,Forecast,1.4693662705270318,1.289012423217637,1.3493101663780214,1.5984325447172352,1.6778478526484382
Jammu & Kashmir,2028,Forecast,1.4573783378394751,1.2658621564250412,1.3254380995328314,1.5953240879026616,1.6781580626167412
Jammu & Kashmir,2029,Forecast,1.4460793638345322,1.239343154311353,1.303218379161892,1.593243043963924,1.686587275488213
Jammu & Kashmir,2030,Forecast,1.4357919460748032,1.219082091786827,1.2896695124778428,1.587089451303224,1.6816511215424634
Jammu & Kashmir,2031,Forecast,1.4253920982533959,1.2010539471008035,1.2746223486582744,1.5834477150120434,1.6813419828697338
Jammu & Kashmir,2032,Forecast,1.4143760852119527,1.187180395450031,1.255287021764293,1.580510135083865,1.6772400389597382
Jammu & Kashmir,2033,Forecast,1.4038554029046422,1.1691192412879867,1.2427124078413483,1.5714495097226062,1.6728144631957238
Jammu & Kashmir,2034,Forecast,1.3935837591797222,1.1518547618326278,1.2287654446957252,1.5661817313261235,1.68509262895118
Jammu & Kashmir,2035,Forecast,1.3847667169681024,1.1387892281939165,1.2132449989995888,1.569004951061495,1.677118083256127
Jammu & Kashmir,2036,Forecast,1.3756623210862262,1.1233778550920541,1.198690237721766,1.5608152560883233,1.6689634501563197
Jammu & Kashmir,2037,Forecast,1.366641147184216,1.1086697371672443,1.1867180304158702,1.5523814255371153,1.6724198122366423
Jammu & Kashmir,2038,Forecast,1.357685131340274,1.0899604868489339,1.1760318476437597,1.5490109120778974,1.6749377879265261
Jammu & Kashmir,2039,Forecast,1.3493046623939426,1.0747024835152872,1.1635115645611542,1.5460761419356543,1.6634298767070468
Jammu & Kashmir,2040,Forecast,1.3403851829259548,1.063644747646655,1.154811574663236,1.5394437464939073,1.6640154764670032
Jammu & Kashmir,2041,Forecast,1.3314948041212928,1.051473642577496,1.1417863653756184,1.531720566922194,1.661714541113032
Jammu & Kashmir,2042,Forecast,1.3227437369642152,1.0357523274181433,1.13201817365637,1.5275150457832771,1.6465652772842858
Jammu & Kashmir,2043,Forecast,1.314087445025357,1.0280081029593378,1.1199269265981973,1.5175478326725838,1.6478961651299562
Jammu & Kashmir,2044,Forecast,1.305831413927504,1.018282242337121,1.1125809541213685,1.5162901763654593,1.6367677428416028
Jammu & Kashmir,2045,Forecast,1.2975334596251205,1.0058114146039159,1.1005563481732707,1.5066826372076052,1.6448238430091346
Jammu & Kashmir,2046,Forecast,1.2901089503388838,0.9960833415738153,1.094801443547659,1.5057650010059371,1.643323322717209
Jammu & Kashmir,2047,Forecast,1.2819172308492743,0.9885296331626989,1.0854434726282287,1.4944784290086237,1.6358642229560645
Jammu & Kashmir,2048,Forecast,1.2749939503562238,0.981903708575394,1.0727308260959978,1.4892265760142136,1.6294773534960565
Jammu & Kashmir,2049,Forecast,1.2675987551174868,0.9750650576047207,1.0631907114487866,1.4820154245086221,1.624594538472869
Jammu & Kashmir,2050,Forecast,1.2615967883704358,0.9634262730127919,1.0550312128503656,1.4832525176719418,1.6178666543556948
Jharkhand,2024,Forecast,2.177314809166834,1.99924314794559,2.0568284473104894,2.301335533484096,2.36100318481597
Jharkhand,2025,Forecast,2.1547453267118364,1.9489610227047869,2.0202529608066513,2.2943994117788904,2.3699029916939662
Jharkhand,2026,Forecast,2.132224927016956,1.9090529826328728,1.9856199226296114,2.284680573947304,2.3710685204100383
Jharkhand,2027,Forecast,2.1103907115940177,1.8663195252224885,1.9485593897204438,2.2741117426250037,2.370447260266993
Jharkhand,2028,Forecast,2.088192125407109,1.830463232851749,1.916720101293242,2.2628495745437087,2.363998505159167
Jharkhand,2029,Forecast,2.0676610099350223,1.797681943841662,1.8854705622301347,2.255810111629227,2.359231229452808
Jharkhand,2030,Forecast,2.0458009614960733,1.7605271822318838,1.8565707710651904,2.244185388203113,2.3532240709903025
Jharkhand,2031,Forecast,2.026210825572133,1.731039000164687,1.829151151568968,2.2334162800338824,2.353731492321436
Jharkhand,2032,Forecast,2.00557252143122,1.6980073015532127,1.8039645942530353,2.2164478618701335,2.3362248247498436
Jharkhand,2033,Forecast,1.9860319845295353,1.6692333404368354,1.7800422097502615,2.202253176953061,2.321160526345429
Jharkhand,2034,Forecast,1.966541626224332,1.64383024161437,1.7585108299889958,2.184957661450065,2.306838467701176
Jharkhand,2035,Forecast,1.9487362929985645,1.6222246842711459,1.7414924081633458,2.1764739015936456,2.305371652740086
Jharkhand,2036,Forecast,1.9307216026004999,1.5987020688001243,1.71596337358319,2.1590160176250555,2.295793487394618
Jharkhand,2037,Forecast,1.9142662865661384,1.5880802570662773,1.6934269653049632,2.147905104439999,2.283813916360627
Jharkhand,2038,Forecast,1.8970988404191302,1.558223066963995,1.6734523065098432,2.131271669358494,2.280559345100954
Jharkhand,2039,Forecast,1.880361423179558,1.5442953903159893,1.6517926461654544,2.1225884550193417,2.2717190570537453
Jharkhand,2040,Forecast,1.8641686072023218,1.5204756700597457,1.6356652349913534,2.1080861003781557,2.2583158609777176
Jharkhand,2041,Forecast,1.8478692872544924,1.5033516631678194,1.615837471711441,2.099512324528039,2.246220393706975
Jharkhand,2042,Forecast,1.8318388284971163,1.475378540887177,1.5953345879722192,2.0855065747470043,2.2277530917133257
Jharkhand,2043,Forecast,1.8164489824213736,1.461492959746561,1.5794976161094754,2.069274907207116,2.221582752329432
Jharkhand,2044,Forecast,1.8004755472483807,1.4434224309595374,1.5620216171161294,2.058799336726524,2.202683095604294
Jharkhand,2045,Forecast,1.7844849129363327,1.4279884647484944,1.543924251308693,2.0422454226105855,2.198285919478659
Jharkhand,2046,Forecast,1.7703418848661445,1.40989188623897,1.5294599712967991,2.0327961784552415,2.190573765358097
Jharkhand,2047,Forecast,1.7566266142207851,1.3944421647430876,1.5145530635462379,2.019840207510943,2.195749355894952
Jharkhand,2048,Forecast,1.7423467403941408,1.382828484046816,1.4961858801621226,2.0024177246831933,2.1843891238051496
Jharkhand,2049,Forecast,1.7278096521138828,1.362253298027614,1.4760610207516125,1.9949659393901222,2.171568278173716
Jharkhand,2050,Forecast,1.714454183852018,1.3420663565121063,1.4655201300233391,1.9833900629738377,2.1576607032866146
Karnataka,2024,Forecast,1.5268498027273123,1.382375224663117,1.4302654472764769,1.627749487572315,1.6856044182146748
Karnataka,2025,Forecast,1.5091569360696284,1.3418827576838661,1.3964208415027624,1.6236613418871164,1.7015021994468429
Karnataka,2026,Forecast,1.491876056647538,1.300090168411528,1.3618619114314512,1.6246992752988672,1.707602885626461
Karnataka,2027,Forecast,1.4760412674575045,1.2632332718037969,1.3363451593444373,1.6222178259776125,1.7061336381827132
Karnataka,2028,Forecast,1.461048735432178,1.2375123578552976,1.311213773523741,1.6168742422724085,1.710888063955597
Karnataka,2029,Forecast,1.4437207421019098,1.2059792892644412,1.2840803741924471,1.6120891045956194,1.7085641648041658
Karnataka,2030,Forecast,1.4288479287824851,1.1806881103566718,1.2631403088796331,1.6020395710170066,1.706247210576841
Karnataka,2031,Forecast,1.4145577841992938,1.163320511591203,1.2412436660992419,1.5916764307978042,1.7077175417147543
Karnataka,2032,Forecast,1.401356017851037,1.1448913623063544,1.2219963091334487,1.580512703280816,1.6929190736017132
Karnataka,2033,Forecast,1.3885141864292412,1.1275532312574357,1.2077812496054374,1.5748319851145203,1.686745192706972
Karnataka,2034,Forecast,1.3734149083057101,1.1039579059096405,1.1910083782070324,1.5629559989621633,1.6812256673868262
Karnataka,2035,Forecast,1.359559813675492,1.0894843644515504,1.174766423006912,1.5505918606119444,1.6773882221354421
Karnataka,2036,Forecast,1.3470986523368538,1.074749468325303,1.1583331372542367,1.5427436070349954,1.664334999110419
Karnataka,2037,Forecast,1.33444914916258,1.0565436819630663,1.1409007904276427,1.5332804478538111,1.6487080491995665
Karnataka,2038,Forecast,1.3226282385605943,1.0474844964898171,1.1280777221540823,1.5233397005091216,1.6496064711537888
Karnataka,2039,Forecast,1.3101275613700882,1.0248669094347473,1.1124179453276157,1.5195558004689147,1.637447378437398
Karnataka,2040,Forecast,1.2994501603395305,1.0081978369574651,1.1003709113108693,1.5105364049231416,1.6340907610659063
Karnataka,2041,Forecast,1.2891558061165946,0.9949113178856658,1.0877849429083484,1.5014182184562235,1.635823733822563
Karnataka,2042,Forecast,1.2806478272039679,0.9831748089610357,1.0791720638612985,1.4935447037614293,1.6324188157217658
Karnataka,2043,Forecast,1.2721912026222721,0.9746578700161168,1.0674285323662698,1.490826581871249,1.621162510873299
Karnataka,2044,Forecast,1.2623659473245852,0.9679669279015654,1.0568317327216517,1.481723497664123,1.6315546965910375
Karnataka,2045,Forecast,1.2525976436502506,0.958948635956505,1.0464584058834736,1.4711487402104932,1.614388046646349
Karnataka,2046,Forecast,1.2445664902335203,0.9486468480268907,1.0372816255960626,1.467760963125869,1.6111343852345212
Karnataka,2047,Forecast,1.2366653502538916,0.9412468550461461,1.0265877353958344,1.4637936535027236,1.6140900055975669
Karnataka,2048,Forecast,1.2290700600992939,0.9344302815695804,1.0207706686446352,1.454176769774667,1.60543436325031
Karnataka,2049,Forecast,1.2206225085417974,0.9225960586305284,1.0100839065888594,1.4457391344608357,1.5940619966359724
Karnataka,2050,Forecast,1.213191019397488,0.9165572958211503,1.0039199688923781,1.4372771936472775,1.5906373484532739
Kerala,2024,Forecast,1.4879142109334647,1.3498957531006701,1.396306163279705,1.5815919769186844,1.6331210608556215
Kerala,2025,Forecast,1.4727089185900921,1.3112976132967409,1.3655745720897219,1.5838785918728644,1.6463237014569923
Kerala,2026,Forecast,1.458772397173975,1.2784013390319142,1.3387513467413934,1.587338277930291,1.6571328665581593
Kerala,2027,Forecast,1.4442861493239254,1.244620135524631,1.3153322269311571,1.5818452263261755,1.6622448343119292
Kerala,2028,Forecast,1.4325950806739014,1.2256528162104885,1.2923433380591975,1.5766667667934342,1.6661512225019135
Kerala,2029,Forecast,1.419193298285763,1.2069781183781818,1.2709872947965017,1.5745111456426955,1.6550285051881117
Kerala,2030,Forecast,1.4069646212903895,1.1814997807229284,1.2525854938349295,1.5659190160264278,1.659943801131928
Kerala,2031,Forecast,1.3957043602542651,1.161669205783317,1.235870446755448,1.5639565977132506,1.6631273480685285
Kerala,2032,Forecast,1.3855606725181857,1.1422363153711137,1.221284949432651,1.5591510246163622,1.6635624068179247
Kerala,2033,Forecast,1.3748091666972642,1.12614286252093,1.2020886038596823,1.554321188328868,1.6688062961904604
Kerala,2034,Forecast,1.3631886005845466,1.1143751006618932,1.186651503660719,1.5456728085080162,1.65790462636919
Kerala,2035,Forecast,1.3531484328508592,1.0956172870075893,1.1761332740296817,1.539145827036633,1.660227103644636
Kerala,2036,Forecast,1.34275100350228,1.0804241900666216,1.1635518020993376,1.5311886331328792,1.6547650078191105
Kerala,2037,Forecast,1.334713426480697,1.070043042269773,1.149541675177887,1.527106531204581,1.6460405741875401
Kerala,2038,Forecast,1.3249484569288656,1.0565462677745332,1.1378544394485375,1.5212931672051433,1.6428610279735454
Kerala,2039,Forecast,1.3164043133851897,1.042664781298338,1.12977422602724,1.5141314562594324,1.644127583577885
Kerala,2040,Forecast,1.305751793058975,1.03027898659635,1.1151821335871053,1.5067451242624192,1.637632604775308
Kerala,2041,Forecast,1.298219197487277,1.013585406955469,1.1060695595414665,1.504375818439436,1.6269915161728665
Kerala,2042,Forecast,1.2897705275606062,1.0014532182302496,1.0944180530603722,1.496602258442576,1.6337908694687497
Kerala,2043,Forecast,1.2806812881888654,0.9944536538233695,1.086262430496473,1.4883730437778147,1.6174108188301277
Kerala,2044,Forecast,1.2738950964003133,0.9788848902356623,1.0729127628765958,1.4857240595475614,1.6181061006996513
Kerala,2045,Forecast,1.2659437167470382,0.9770658790303416,1.0633412503165502,1.4858804615594534,1.6141198166870976
Kerala,2046,Forecast,1.2578662247750974,0.9659919763047391,1.053832835393696,1.4774414679237102,1.6037792490154223
Kerala,2047,Forecast,1.2492682458328697,0.9530201323372204,1.0475409426065792,1.4683206833398836,1.6055158818266042
Kerala,2048,Forecast,1.241361613446385,0.9431046831733769,1.036902721447754,1.4657822952500985,1.6058306643896207
Kerala,2049,Forecast,1.2338969614094484,0.9351158221197401,1.0259072634050517,1.4588518613827388,1.5978465723624709
Kerala,2050,Forecast,1.2280827254335376,0.9249862786733923,1.0211224974410014,1.4498798832830484,1.5962559977442565
Ladakh,2023,Forecast,1.2936421786496848,1.1332454769975913,1.1900593856132784,1.4023475720043947,1.462764328634969
Ladakh,2024,Forecast,1.2872597502807412,1.1186104363894058,1.1752648541077144,1.4084501542045065,1.4726955744991759
Ladakh,2025,Forecast,1.280778151260858,1.101236361119721,1.1610115450313123,1.4088849812883255,1.4792110719427891
Ladakh,2026,Forecast,1.2744387520910383,1.0865811515266104,1.147203565932097,1.4079670072636798,1.479463883469627
Ladakh,2027,Forecast,1.267245231315173,1.0746339401365685,1.1353240755261322,1.4092544781642113,1.4831411497977784
Ladakh,2028,Forecast,1.2607014629657056,1.0602916652892707,1.1249633623994342,1.40904105824827,1.4871859302890025
Ladakh,2029,Forecast,1.2547022812940989,1.04368260159981,1.112016662739168,1.4062520927365714,1.491011467972501
Ladakh,2030,Forecast,1.247550903642836,1.0296406303380945,1.0993306022225697,1.403353361951118,1.4935252534569956
Ladakh,2031,Forecast,1.2408535711405422,1.0178232969383842,1.0873025167771757,1.3999978182857995,1.4908720247197569
Ladakh,2032,Forecast,1.2338591266900458,1.0070254719249885,1.0791426207696497,1.3962176084644384,1.4893047945286058
Ladakh,2033,Forecast,1.228453149927139,1.0002050247517862,1.0702884148363243,1.3949597466648571,1.4853726908329399
Ladakh,2034,Forecast,1.2227378749150113,0.9890174861500804,1.0627582092139427,1.3910593779769982,1.488320905002857
Ladakh,2035,Forecast,1.2175677631638215,0.9790712959800421,1.0533711089134496,1.3960195830086,1.4892295720785402
Ladakh,2036,Forecast,1.2119639866137206,0.9707759427337012,1.0465981537153366,1.3860158025169431,1.4950142385720147
Ladakh,2037,Forecast,1.206768668436409,0.9614356257044266,1.035422976015779,1.385121192754339,1.4949103759564912
Ladakh,2038,Forecast,1.2011515430104085,0.9528183864022518,1.0303485994723944,1.3810474455129194,1.501635714840877
Ladakh,2039,Forecast,1.1966596687824997,0.9450726328045163,1.018954061310555,1.3837720029940639,1.503080501343919
Ladakh,2040,Forecast,1.1916745769897235,0.9354044524053633,1.0142113059238922,1.3774583154813207,1.4965023535027697
Ladakh,2041,Forecast,1.1873533529265834,0.9285648706578048,1.006548032813813,1.380156336393797,1.501943909068997
Ladakh,2042,Forecast,1.1832092297138403,0.9245271088007501,1.0008932364716658,1.3738905864840092,1.5038950009762841
Ladakh,2043,Forecast,1.1782392173244427,0.9148822135663905,0.995781628430576,1.3729802186826647,1.4968368880300493
Ladakh,2044,Forecast,1.1741232099522365,0.9077709566177129,0.9897932129334261,1.3731549601745314,1.5016426386092614
Ladakh,2045,Forecast,1.1692817927907564,0.9002625302986935,0.9843940424392614,1.3647845442691855,1.4924790965357628
Ladakh,2046,Forecast,1.164628390154897,0.8929046515944762,0.9775605114907273,1.3640898395808514,1.4960657073064545
Ladakh,2047,Forecast,1.1598681165943685,0.8829521518458281,0.9715540925695889,1.3578244417214276,1.483094905804291
Ladakh,2048,Forecast,1.156381006522188,0.8810045574928171,0.9638598817491454,1.353954494895113,1.4883072879672155
Ladakh,2049,Forecast,1.1514691658866663,0.8780993956868567,0.9568309192234306,1.3521842822756087,1.4881258845731578
Ladakh,2050,Forecast,1.1466756291567246,0.8710653257901484,0.95537067917377,1.3484178136678948,1.4852057592329297
Lakshadweep,2023,Forecast,1.5457172502494518,1.2906840784354194,1.3706012421005944,1.7302393167710313,1.8424190946215846
Lakshadweep,2024,Forecast,1.5267703704399922,1.2678586350943875,1.3428310895211957,1.7146032211374735,1.8388086423164296
Lakshadweep,2025,Forecast,1.506212076540028,1.24048482144549,1.3188966537431033,1.701148906721833,1.8254312199536489
Lakshadweep,2026,Forecast,1.4873914131990527,1.215164067273511,1.2968836103980153,1.689999842765331,1.8173438605527394
Lakshadweep,2027,Forecast,1.4702005736726957,1.1881756722320662,1.2753392855917123,1.6744033473231286,1.811357321187324
Lakshadweep,2028,Forecast,1.4537875685225268,1.1673292738434977,1.252867519448113,1.6633133293439732,1.7998667571571663
Lakshadweep,2029,Forecast,1.4383337633971995,1.1462614845539632,1.2334752573159047,1.6518572062195191,1.7962602819792886
Lakshadweep,2030,Forecast,1.4214064549718615,1.133899032670344,1.2136013052893255,1.6352011047241022,1.7710000064282838
Lakshadweep,2031,Forecast,1.406780438808966,1.1151920987985422,1.200463328400877,1.6266827349227004,1.7622740260031993
Lakshadweep,2032,Forecast,1.3920416069323873,1.0940797383027572,1.1824046074470504,1.6123444433721967,1.756311742941927
Lakshadweep,2033,Forecast,1.3795248274183658,1.0693435498600854,1.1637942033944548,1.6049330658848724,1.7519228948567618
Lakshadweep,2034,Forecast,1.3666672402723465,1.0577927691444022,1.1491111132134941,1.5975329997433996,1.748994331045748
Lakshadweep,2035,Forecast,1.3536646334239149,1.0402448875240546,1.129900854984542,1.5849575124954478,1.7254537956639775
Lakshadweep,2036,Forecast,1.341942285476318,1.0243638725057043,1.1181588855114404,1.5785178199734535,1.7142550981445992
Lakshadweep,2037,Forecast,1.3287304349195657,1.009939770061019,1.1076550862195862,1.5674386750279246,1.7147505902253548
Lakshadweep,2038,Forecast,1.3167306703486976,0.9981798559500653,1.0950992433975058,1.553050156441448,1.703808469751443
Lakshadweep,2039,Forecast,1.3059405901778092,0.9846005664948403,1.0818068643750736,1.546866689219627,1.6942370026301632
Lakshadweep,2040,Forecast,1.2947587582134537,0.9735005278218525,1.0681251781072512,1.5379200418441874,1.6841281415621956
Lakshadweep,2041,Forecast,1.2853251522938158,0.9567115306661803,1.059720720259327,1.5264625738696016,1.6695020900728093
Lakshadweep,2042,Forecast,1.2757852001075312,0.9491469494086496,1.0519178236558109,1.5258584269365487,1.6590463023870192
Lakshadweep,2043,Forecast,1.2653009592707056,0.938302851293457,1.0412254581607154,1.5091859976903992,1.6594766391281344
Lakshadweep,2044,Forecast,1.2545294501339785,0.9342498499592236,1.0284528471378291,1.4983415480164304,1.6437487316107042
Lakshadweep,2045,Forecast,1.2449037944704826,0.9241937577469904,1.0206295462507189,1.4857052017101282,1.6377933029540128
Lakshadweep,2046,Forecast,1.2359878323230917,0.9213574711455591,1.011120068297576,1.4759380657407404,1.6188343126474805
Lakshadweep,2047,Forecast,1.228085574547481,0.9138120395967693,1.0026253667064486,1.467473290267817,1.608825049092546
Lakshadweep,2048,Forecast,1.2197903444907283,0.9055594560455403,0.9946927547356761,1.4641651057291136,1.6078886482436168
Lakshadweep,2049,Forecast,1.2106154168408163,0.8940210153446868,0.9865815936171214,1.4531890893918957,1.5948272171159947
Lakshadweep,2050,Forecast,1.2034846369332346,0.8787007217443202,0.9808316233330845,1.4437398324379287,1.5970952786212405
Madhya Pradesh,2024,Forecast,2.4171892206665877,2.2221753039588537,2.285649962154327,2.5510346786417846,2.6261480329928775
Madhya Pradesh,2025,Forecast,2.3877007838163204,2.1621652236381634,2.235586168089379,2.5414144917909542,2.6296077173445127
Madhya Pradesh,2026,Forecast,2.356735258663246,2.1064168522858515,2.1855193729284776,2.526818642514649,2.6290143919081346
Madhya Pradesh,2027,Forecast,2.3282737612330666,2.0573649917333476,2.149666769388857,2.5124534314381304,2.622195217635228
Madhya Pradesh,2028,Forecast,2.2998540326458228,2.0245271289356928,2.1091842118563604,2.498836473444948,2.6147860616603835
Madhya Pradesh,2029,Forecast,2.270775639238575,1.9803821543355808,2.0699133591320336,2.474554575893935,2.599367816924058
Madhya Pradesh,2030,Forecast,2.2426362771133803,1.9408797142635934,2.034406976119567,2.4551110569106025,2.5809529826718616
Madhya Pradesh,2031,Forecast,2.216125014985064,1.8955988087760194,2.0020124955346934,2.440742290362369,2.5711356304288127
Madhya Pradesh,2032,Forecast,2.1910657185510547,1.867541411116538,1.9685147501110942,2.421698563020186,2.5502036616780726
Madhya Pradesh,2033,Forecast,2.1650960642285306,1.8304589832792797,1.9349835912379074,2.406673913344773,2.5416679421158097
Madhya Pradesh,2034,Forecast,2.1392225784485492,1.8017569595084606,1.9043738506117178,2.3812421994786783,2.526564824807961
Madhya Pradesh,2035,Forecast,2.115789392910012,1.7708794893210018,1.8797651049120574,2.3625861559914534,2.517319395387967
Madhya Pradesh,2036,Forecast,2.0917024553074888,1.7331662208473402,1.8480981082209933,2.3427855290947317,2.496848369339478
Madhya Pradesh,2037,Forecast,2.0684454674400237,1.7113031626368458,1.820824211014553,2.330826631204065,2.4901757713937056
Madhya Pradesh,2038,Forecast,2.0466233717215587,1.678682783359297,1.7886127569266403,2.31321060405413,2.4745394172815853
Madhya Pradesh,2039,Forecast,2.0244815564554726,1.6481211043830604,1.7711674131531556,2.2935197134349,2.442484555778817
Madhya Pradesh,2040,Forecast,2.002663079837434,1.6274175726354774,1.7432863622636257,2.274348521479864,2.440832642510148
Madhya Pradesh,2041,Forecast,1.9821954336905698,1.6042188827230648,1.7216400570863954,2.2494321627958835,2.4086995788994887
Madhya Pradesh,2042,Forecast,1.9628703543366006,1.5772956254111807,1.6991590457562809,2.2412846308510703,2.4034815356749233
Madhya Pradesh,2043,Forecast,1.9433816553959908,1.5612500989661593,1.6743156157482644,2.2172155896821035,2.3878649521997106
Madhya Pradesh,2044,Forecast,1.923081688535211,1.5370747895096062,1.652513466686589,2.19570117369299,2.3698818658492593
Madhya Pradesh,2045,Forecast,1.9035722996230466,1.5086301576084475,1.6374592470913487,2.1733284646816973,2.354581768327213
Madhya Pradesh,2046,Forecast,1.8840699163702659,1.4938445757781,1.613775670420182,2.1594307262031514,2.337238453211965
Madhya Pradesh,2047,Forecast,1.8650015508492293,1.4677987454849228,1.593425082119209,2.1357400731063354,2.3196956618117053
Madhya Pradesh,2048,Forecast,1.847011983627861,1.4547343454114035,1.5764769728537165,2.123249569811717,2.304848983425985
Madhya Pradesh,2049,Forecast,1.8297968051866795,1.4310312538742291,1.556701096973527,2.101595243130215,2.2920447033164315
Madhya Pradesh,2050,Forecast,1.8130366272245064,1.4180428562623253,1.541126677329998,2.089939921795639,2.2697994234922168
Maharashtra,2024,Forecast,1.4573499838832622,1.3270656215578285,1.3719290429923958,1.5441068730614085,1.5999812738177537
Maharashtra,2025,Forecast,1.4454155670526636,1.2995417261457525,1.3451714852413044,1.546995340956813,1.605783685920825
Maharashtra,2026,Forecast,1.4349680990955456,1.2715291323646059,1.3243778061639475,1.5504705902889349,1.6142611001434786
Maharashtra,2027,Forecast,1.4249386673620383,1.2470870213298226,1.3038532120589235,1.5518861467197553,1.619994998141777
Maharashtra,2028,Forecast,1.4137306723216567,1.2234414518179892,1.284525422858958,1.548603037923869,1.62320231254967
Maharashtra,2029,Forecast,1.402767350621149,1.1984043729084795,1.2677456216404999,1.5448661752897002,1.6210983548868498
Maharashtra,2030,Forecast,1.3931880394802754,1.176422254427989,1.2527407324933342,1.5395897693784664,1.6293536065960348
Maharashtra,2031,Forecast,1.38454155608971,1.1524421956855007,1.2385287627530752,1.534798737023747,1.6331290761456858
Maharashtra,2032,Forecast,1.3748191920128932,1.1384339030770103,1.2249715372481962,1.5344608644478224,1.631664525636282
Maharashtra,2033,Forecast,1.3658506055200685,1.1269807598518544,1.208088206532784,1.5322666688358568,1.6217755059001657
Maharashtra,2034,Forecast,1.3566592917962743,1.1089913032953518,1.1952893900493942,1.5315824256479154,1.6182324790289806
Maharashtra,2035,Forecast,1.347672565929095,1.0940766994648359,1.1795685707335286,1.527707706151291,1.6191800849663878
Maharashtra,2036,Forecast,1.3387094943952866,1.0819886711478828,1.1652686433939043,1.5245927478879828,1.6179939583815484
Maharashtra,2037,Forecast,1.3304650903455038,1.0650457382866496,1.1547219380808864,1.5204512735881748,1.615225120828057
Maharashtra,2038,Forecast,1.3223348479418442,1.0509179713539798,1.1463476467443963,1.5132760903335074,1.6157940879979
Maharashtra,2039,Forecast,1.314224882993589,1.0425000469884125,1.1337768328131386,1.5055169905504697,1.6069801200111926
Maharashtra,2040,Forecast,1.306400379838948,1.03287589828547,1.1211611498626584,1.5022434432874714,1.6132029235967176
Maharashtra,2041,Forecast,1.2987102530335917,1.0194520749090874,1.1117993253931142,1.4973167521928163,1.6099662405117754
Maharashtra,2042,Forecast,1.2914385275953415,1.0159116583648882,1.102404961423635,1.492764496073863,1.6068602289014888
Maharashtra,2043,Forecast,1.2835265985003994,1.0076407093308966,1.095378990612319,1.484590077637086,1.6016787389939928
Maharashtra,2044,Forecast,1.2769983787571957,0.9955511653488185,1.0849690715931888,1.4798050479007476,1.595966062233158
Maharashtra,2045,Forecast,1.269324504601312,0.9867954631653842,1.0748499583512694,1.4703336357441301,1.5964498226969677
Maharashtra,2046,Forecast,1.2608700805718613,0.9785597771768048,1.0662878024044657,1.461614669185011,1.5931678000974305
Maharashtra,2047,Forecast,1.2542785463634047,0.9764321851865712,1.057426459584134,1.4605550463258368,1.5927215323855468
Maharashtra,2048,Forecast,1.2472166131049371,0.9670660487914932,1.0499929341618868,1.4577790113376667,1.5854520319281578
Maharashtra,2049,Forecast,1.2402723964638471,0.9547869558966087,1.042675870674534,1.4505964272482736,1.5835687569199737
Maharashtra,2050,Forecast,1.2341085647371037,0.9470265833296804,1.035703582557378,1.4444818113727398,1.5789801882955792
Manipur,2019,Forecast,1.588358590524526,1.3927028306839269,1.4543720258051984,1.7306317345157334,1.8122251869830082
Manipur,2020,Forecast,1.57786876892273,1.370775738929956,1.4398633157600866,1.7253724099198005,1.812318291906344
Manipur,2021,Forecast,1.5679241435899762,1.3459725651119148,1.4230110883758096,1.7214920716019524,1.8112890832326916
Manipur,2022,Forecast,1.5575293250196884,1.3296067998749965,1.4063326037798594,1.7167621841647274,1.814451726536434
Manipur,2023,Forecast,1.5462135017917542,1.3075237873428942,1.3883664192158938,1.7138165867935213,1.815921274903911
Manipur,2024,Forecast,1.5352407190987285,1.2928159697018675,1.3745560571707212,1.7048038690544984,1.810628071322633
Manipur,2025,Forecast,1.5257403719824834,1.2800470796549663,1.3598077185570996,1.7003686261338677,1.8072228769310792
Manipur,2026,Forecast,1.5161963742182174,1.2705112215146097,1.3445818347833631,1.6965792605843961,1.8102100056563564
Manipur,2027,Forecast,1.5066691767878497,1.2532757520519777,1.330468588839532,1.69361533532903,1.8066962914157925
Manipur,2028,Forecast,1.4973047227148997,1.2359545051203407,1.318632366059686,1.6879204970088548,1.809296015227065
Manipur,2029,Forecast,1.4891510018006602,1.2235798969094156,1.3057433516287473,1.6818985089560061,1.8069081681314845
Manipur,2030,Forecast,1.4801982221636965,1.213574090981254,1.2969171017649663,1.6733666809955332,1.8037308400233052
Manipur,2031,Forecast,1.47146285390472,1.1932590262632718,1.2862409038771951,1.6655119499004156,1.796846961188973
Manipur,2032,Forecast,1.4634555507167264,1.1841413145036603,1.272661124768856,1.6649837857484475,1.7969436675880694
Manipur,2033,Forecast,1.4553910838474446,1.177670942666051,1.264192882525922,1.6574859927267853,1.7928610386911235
Manipur,2034,Forecast,1.4469885270251277,1.1649757992303937,1.2487398108935808,1.6564817454713352,1.7880876826187435
Manipur,2035,Forecast,1.4389549317140637,1.1527891683935223,1.2429147642711678,1.6507139512859401,1.7856242685093238
Manipur,2036,Forecast,1.4307202867917166,1.1418674561987132,1.2321606005039902,1.6412147152735532,1.7724745092058272
Manipur,2037,Forecast,1.4237571074993918,1.1281524176396338,1.2246358546639093,1.641605548884377,1.7660968959809789
Manipur,2038,Forecast,1.4158876688819693,1.121116195671165,1.215777316349439,1.6354324525062773,1.7561439987740015
Manipur,2039,Forecast,1.4083554235501874,1.1098511242247024,1.2089287376532025,1.6272614921352055,1.7667475228596956
Manipur,2040,Forecast,1.4015817944834095,1.1015291904271314,1.1990211841718557,1.6226244098886913,1.757664906340859
Manipur,2041,Forecast,1.3949377347018779,1.0981711505084446,1.1907752935539269,1.6195828019331215,1.7537156620778835
Manipur,2042,Forecast,1.388011527441774,1.0894230541997139,1.1779046361188477,1.6120831901264687,1.755325089406472
Manipur,2043,Forecast,1.3809429523313828,1.0820389540224566,1.1692794035286989,1.6028630975636455,1.7491418405994281
Manipur,2044,Forecast,1.3733703368061516,1.0689465182424789,1.160782138363223,1.600634432073325,1.7420416260067466
Manipur,2045,Forecast,1.3664962200852608,1.0637976004738254,1.1527825752375835,1.58939692365585,1.7358121112090685
Manipur,2046,Forecast,1.3603607239192033,1.0504369360194155,1.1477619599074127,1.5866735448659366,1.7305350030113142
Manipur,2047,Forecast,1.3531654892356806,1.0453964362341595,1.1384751099482384,1.5805958125396724,1.7317072397696829
Manipur,2048,Forecast,1.3466866076376067,1.0362963186546674,1.130835523949569,1.5777729467727735,1.7262524022509895
Manipur,2049,Forecast,1.3407322287261019,1.0288166369023088,1.123006048768524,1.5685580000646493,1.7175067615982247
Manipur,2050,Forecast,1.3340352289249788,1.0143835324417176,1.11728645339426,1.5619833810443828,1.7100394270375072
Meghalaya,2023,Forecast,2.402958768650423,2.0646518615715004,2.1715507290821967,2.64152031535018,2.77291651850985
Meghalaya,2024,Forecast,2.3732627124689336,2.0255767964277194,2.131206442703766,2.616361505173358,2.7520160002645837
Meghalaya,2025,Forecast,2.3423018159867164,1.990288738897921,2.096517689414986,2.5933022426366366,2.737992910582298
Meghalaya,2026,Forecast,2.313443566815947,1.9503744614848875,2.0624022060877585,2.5716194150409346,2.711396284242848
Meghalaya,2027,Forecast,2.287111824340878,1.9167278282765112,2.029053829362751,2.550491908355844,2.6939593611945702
Meghalaya,2028,Forecast,2.2603978028039586,1.8818236012279463,2.000378199631313,2.530820030257514,2.671402734554232
Meghalaya,2029,Forecast,2.2339745042116363,1.8494213630007648,1.968078657067025,2.5126918169814982,2.6636111238446616
Meghalaya,2030,Forecast,2.2093061094201354,1.8211166381513078,1.9452344217233075,2.4945133017781753,2.6440861690124993
Meghalaya,2031,Forecast,2.1836705265246623,1.7902001954082292,1.9138605862001252,2.472509702825166,2.629476202028344
Meghalaya,2032,Forecast,2.159407800462811,1.75830214705461,1.879981823973298,2.4476570624364937,2.6057521678830278
Meghalaya,2033,Forecast,2.1362964181198434,1.736578256797418,1.8569578398169018,2.423817548411147,2.5889680342324044
Meghalaya,2034,Forecast,2.1139571154934522,1.7144874542810458,1.8345556981031717,2.4003200932255453,2.5730679088054176
Meghalaya,2035,Forecast,2.0915796379637466,1.6831212927333856,1.809660486147073,2.3815725753850097,2.5537451413635224
Meghalaya,2036,Forecast,2.069918517494928,1.6597501865434183,1.7782860699763157,2.3569923304337737,2.536967910176664
Meghalaya,2037,Forecast,2.047743216077582,1.6330296066937593,1.7630614000388711,2.341640412864445,2.509481575672047
Meghalaya,2038,Forecast,2.025044829963472,1.6089478416470586,1.7404554318175747,2.314718951869945,2.504921226411167
Meghalaya,2039,Forecast,2.0053791548972355,1.586606233341092,1.7201962669286694,2.302279706411662,2.48334450968219
Meghalaya,2040,Forecast,1.9870063883982207,1.5644443334954254,1.7025964002962466,2.286065157185182,2.46358011636911
Meghalaya,2041,Forecast,1.968782422884286,1.5508171867833864,1.6810410727163145,2.2676171722782854,2.456355270997831
Meghalaya,2042,Forecast,1.951017799028276,1.5273073440581788,1.6623748069254174,2.2530518193144515,2.4380734157250874
Meghalaya,2043,Forecast,1.9328397608210952,1.5055659804117818,1.646036965410919,2.228978202011269,2.4265628447526466
Meghalaya,2044,Forecast,1.9127990279388811,1.488910894779466,1.6219361414817994,2.209097109794779,2.4012797279271503
Meghalaya,2045,Forecast,1.8959008035482836,1.4756568461747244,1.6009380655322116,2.1920641780327403,2.393546336584429
Meghalaya,2046,Forecast,1.8784032359000167,1.4595465990507517,1.5832594172194079,2.1827351082455535,2.372175157478479
Meghalaya,2047,Forecast,1.8609284022999566,1.4431856142755366,1.566122112346431,2.163755990778277,2.34707838679174
Meghalaya,2048,Forecast,1.845800649481537,1.4287143650055993,1.5502272324682305,2.149868718929148,2.338099983592251
Meghalaya,2049,Forecast,1.8294152548659195,1.4120751118845094,1.5343880540982866,2.131303386990794,2.306821076693215
Meghalaya,2050,Forecast,1.8126460282544516,1.391925039971318,1.5165061883104005,2.1100947505624177,2.302336536890898
Mizoram,2023,Forecast,1.5898768850575422,1.364872624508118,1.4347396007339057,1.753569457077072,1.84637601220268
Mizoram,2024,Forecast,1.5781712922120579,1.346736887214454,1.41798851262448,1.7493053886163563,1.8409718941832331
Mizoram,2025,Forecast,1.5666329776301704,1.3271822290927797,1.3991835263881058,1.744321660881761,1.8463433041026245
Mizoram,2026,Forecast,1.5554968168046046,1.303803459521642,1.3855257687454217,1.7371053361994446,1.8422929256476286
Mizoram,2027,Forecast,1.5448709711601931,1.2857702386158507,1.370255068465189,1.7324439329568726,1.838590713043682
Mizoram,2028,Forecast,1.5352525766720062,1.2744428953132652,1.3564787605395328,1.7254355060839637,1.8305012542174028
Mizoram,2029,Forecast,1.526056536982558,1.2576420865713336,1.3457640016205468,1.717680800194,1.8347032738012146
Mizoram,2030,Forecast,1.5155652104817527,1.242482927374398,1.331652037629827,1.7124708396691801,1.8232032364497899
Mizoram,2031,Forecast,1.5050863036905495,1.232354147843705,1.3165422165660605,1.70842131781443,1.814799382516798
Mizoram,2032,Forecast,1.4965848252956027,1.2210342902885793,1.3063367422865702,1.6996568408834896,1.8180045954648545
Mizoram,2033,Forecast,1.4862750465970473,1.20976925179839,1.293134430239523,1.6929688532516274,1.8134501946438917
Mizoram,2034,Forecast,1.4770822387274551,1.1980620511147682,1.278151578314619,1.6856357719377244,1.8126071714134273
Mizoram,2035,Forecast,1.4680972902044362,1.1845219758897827,1.269360235716254,1.679764614211236,1.8217754496753522
Mizoram,2036,Forecast,1.4586485377029215,1.1680737871427282,1.2563085286574138,1.6705662114502524,1.8140243011491954
Mizoram,2037,Forecast,1.4486189585679081,1.1538254310712486,1.2442268954332296,1.6636199197487351,1.8011612001774153
Mizoram,2038,Forecast,1.4401057602008305,1.1376782579892672,1.2326125501756229,1.656566157457698,1.7945566933871793
Mizoram,2039,Forecast,1.431919089953766,1.1298130957048524,1.2250546946199006,1.6559569099720095,1.7911284642363534
Mizoram,2040,Forecast,1.4239180667587426,1.1180768074184062,1.2139079209325658,1.6459608958004401,1.7788626388824393
Mizoram,2041,Forecast,1.4170447256369803,1.1062115752960529,1.2062010052882912,1.6417800715577784,1.7824810548038397
Mizoram,2042,Forecast,1.4096443939698087,1.0972293361912382,1.1972920502236586,1.6312428489201611,1.7777610881312913
Mizoram,2043,Forecast,1.4025254829961753,1.0932124220274857,1.1877189286402752,1.6287113731648175,1.7656117153737074
Mizoram,2044,Forecast,1.395778895392427,1.0762787230566575,1.1792847766014576,1.6265327057140677,1.76185233947735
Mizoram,2045,Forecast,1.387798208778339,1.0736216360673239,1.1692549100921779,1.6155421441675413,1.7597938514790665
Mizoram,2046,Forecast,1.381340811312226,1.0694609374761914,1.163538684134821,1.608595067886395,1.7560911773196597
Mizoram,2047,Forecast,1.3739857069928758,1.05901558898974,1.1554970899446164,1.6096154151166138,1.744182434623451
Mizoram,2048,Forecast,1.3671816707400994,1.048396006713896,1.1476464265225297,1.6011377176938717,1.736274465429359
Mizoram,2049,Forecast,1.359745867489811,1.0383740396136045,1.1370999389681036,1.5998300501079967,1.7356901759415961
Mizoram,2050,Forecast,1.3535031095559422,1.0325974305974501,1.131642342555372,1.592287751883969,1.7319187828361997
Nagaland,2023,Forecast,1.6666795921779707,1.4182487542645312,1.5025691287194551,1.837011256358981,1.9391644634995742
Nagaland,2024,Forecast,1.6536559102102792,1.4039428291221827,1.4828557594179337,1.829366367915501,1.9312013411176263
Nagaland,2025,Forecast,1.6407715416211195,1.3817100200400936,1.4664078837069792,1.8169622572346367,1.9307567108690002
Nagaland,2026,Forecast,1.6294778797808518,1.3645994360006353,1.4472202135929497,1.813896787312349,1.9277935433821312
Nagaland,2027,Forecast,1.6174478416058864,1.3493714444693679,1.433957768993493,1.809926916341377,1.9277974185460893
Nagaland,2028,Forecast,1.6057248173020442,1.332670618630365,1.4137924768188748,1.803907145942863,1.9261415165103133
Nagaland,2029,Forecast,1.5945174578655166,1.3107073684821502,1.4017869207151676,1.7935880722123911,1.9091957350869506
Nagaland,2030,Forecast,1.5817229219417137,1.2909451411691837,1.3848670107901726,1.7856753920336073,1.9062517827201515
Nagaland,2031,Forecast,1.571928406990158,1.2740633620079966,1.3718716731791452,1.7796508564198164,1.8969916889893998
Nagaland,2032,Forecast,1.5607674799279379,1.2620930152775058,1.3578464527505552,1.7732497155948217,1.8908283294736383
Nagaland,2033,Forecast,1.551509412287123,1.2526109947810589,1.3472248508859759,1.769220529494616,1.880651521468626
Nagaland,2034,Forecast,1.5406088304769965,1.2431863829393277,1.3307420472423372,1.7571816635629964,1.8690306770402279
Nagaland,2035,Forecast,1.5306346448374124,1.2217248718996656,1.3180950541968268,1.7471601297466746,1.8705291270810298
Nagaland,2036,Forecast,1.5205475146627683,1.2153785430229846,1.3075341554083975,1.7371506963996874,1.8618849680191056
Nagaland,2037,Forecast,1.5109497497420388,1.197442590275689,1.2968012501374564,1.7297572224092377,1.855238686159205
Nagaland,2038,Forecast,1.5013463388239667,1.1884956231236226,1.2892262607721068,1.7204294396635975,1.850457342054634
Nagaland,2039,Forecast,1.4918068655650103,1.1774678689580589,1.2794550289683275,1.7147224583145606,1.8476364121193563
Nagaland,2040,Forecast,1.482396481206377,1.1697340668115142,1.269551666995574,1.7025072724700587,1.8400951736546134
Nagaland,2041,Forecast,1.4740579414653914,1.1587053876839633,1.2593521277350879,1.6949894182957872,1.8294783482676011
Nagaland,2042,Forecast,1.4655692222814263,1.1465754054203892,1.2501975849304945,1.6884748451976241,1.8236103300585047
Nagaland,2043,Forecast,1.4568864155372043,1.1389930517347686,1.2401145068952348,1.6807112766511907,1.8160274539172745
Nagaland,2044,Forecast,1.447897491401654,1.1290848632308255,1.2300102215268216,1.6766206757531246,1.8080651998946558
Nagaland,2045,Forecast,1.4387880902919292,1.1177299912398515,1.2211200436271485,1.663768703708557,1.8040256190524122
Nagaland,2046,Forecast,1.4304276915367027,1.1150210205863966,1.2117329035073205,1.6551332500172138,1.793412507906018
Nagaland,2047,Forecast,1.4226446282795826,1.1034015053420778,1.2044516044423734,1.6501244350217712,1.7946292251985352
Nagaland,2048,Forecast,1.414549876324512,1.1016265319353746,1.1958263037990924,1.6449187819759887,1.7840920268017222
Nagaland,2049,Forecast,1.4065168421383893,1.0888780727367735,1.1835734843358816,1.6327881785272589,1.7721088730890315
Nagaland,2050,Forecast,1.3981531224273323,1.0779213559859118,1.1761996694877777,1.6262537686171443,1.7714134146855742
Odisha,2024,Forecast,1.6967580681814638,1.5426259816291525,1.5963144705119983,1.8003674322462804,1.8555128405617625
Odisha,2025,Forecast,1.6770653763751227,1.5041866190124749,1.560644885232304,1.7971585670637593,1.8680052288067321
Odisha,2026,Forecast,1.6591243785739034,1.4664761566800752,1.5322351790100803,1.79003510052123,1.8690470226689246
Odisha,2027,Forecast,1.640567190556519,1.4365303164176781,1.499958216894722,1.7842042432766163,1.8721705292047504
Odisha,2028,Forecast,1.6228860934899614,1.401692051080796,1.4718270959662594,1.775853388449497,1.8652133380068128
Odisha,2029,Forecast,1.606671920999053,1.3755791087652278,1.4500418031598765,1.769595724321773,1.8580159480105434
Odisha,2030,Forecast,1.592235337767669,1.3531080655618908,1.4313266067659074,1.7585925553683508,1.8623055715620258
Odisha,2031,Forecast,1.5766514359487298,1.3260270722538416,1.4065835084420704,1.7507543720812795,1.8565813659355206
Odisha,2032,Forecast,1.5608891752840912,1.3005320935317732,1.3829885007212614,1.741732126818983,1.843357991484861
Odisha,2033,Forecast,1.5456702951519263,1.282419365309209,1.363551285112727,1.7290485639999098,1.8459214277735836
Odisha,2034,Forecast,1.532074385616921,1.2623815369691402,1.345668181182864,1.72219586950482,1.8395215821878608
Odisha,2035,Forecast,1.5196879931098835,1.244780353959815,1.3305721628500398,1.7169288372732112,1.8411511154173896
Odisha,2036,Forecast,1.5061738607945356,1.2259346286851354,1.3130017783739591,1.7087415878655257,1.8330259355265885
Odisha,2037,Forecast,1.4924401742119673,1.2070777837593747,1.3014098675877068,1.697775224462844,1.8267653833311328
Odisha,2038,Forecast,1.478610484475077,1.1907025421158617,1.2829430544613931,1.6871237140926152,1.8166493281085205
Odisha,2039,Forecast,1.4665409594864078,1.1732299824343921,1.26499768814235,1.6820284802048104,1.8126823691620704
Odisha,2040,Forecast,1.4537761973951904,1.1640733684701565,1.2546533590404896,1.6677801358863285,1.8037981497479845
Odisha,2041,Forecast,1.441973445578279,1.1470767565198552,1.2400844109455447,1.6578535215060453,1.7915025135793763
Odisha,2042,Forecast,1.4299002243296512,1.128299684174701,1.2216337092385403,1.6480428940697085,1.7778906213591106
Odisha,2043,Forecast,1.418651990272082,1.1156257290343605,1.2089537996939632,1.6355317784847319,1.781976346469487
Odisha,2044,Forecast,1.4074723440683685,1.10082471262389,1.1985701376805673,1.6275889309927274,1.7658113548832621
Odisha,2045,Forecast,1.3970907146654872,1.0889699919368538,1.184657684270136,1.6170679705439301,1.7642714630963021
Odisha,2046,Forecast,1.3877093918508947,1.0733091034220243,1.1737974275244807,1.6097461527817274,1.7532609492032238
Odisha,2047,Forecast,1.3782817813330446,1.0674719140398496,1.1618810313719083,1.6004105213981643,1.7424811019479103
Odisha,2048,Forecast,1.367542340011386,1.053743159447088,1.1553454911557706,1.5942351295192152,1.7360978018130782
Odisha,2049,Forecast,1.3582011685697817,1.044431625781295,1.1418005221600525,1.5854739636256225,1.732681245284572
Odisha,2050,Forecast,1.348523206940131,1.0304238585418233,1.1292839507234553,1.5746430789074783,1.718329543928972
Puducherry,2023,Forecast,1.5044378519654804,1.2538567884830718,1.3381312176759903,1.6778479277184046,1.7875487401105266
Puducherry,2024,Forecast,1.4899617995172,1.235959438581292,1.3138870459336545,1.6721107982465861,1.7764362112399115
Puducherry,2025,Forecast,1.4760621160378637,1.2128036926319767,1.2942667906063923,1.6672677438974164,1.7672530585480497
Puducherry,2026,Forecast,1.4622878414180651,1.1889655973382764,1.2774496009249638,1.6570412340431937,1.7726245096227278
Puducherry,2027,Forecast,1.4495879514366197,1.1706197260284026,1.2612569467891979,1.6467852415167241,1.7590064136395056
Puducherry,2028,Forecast,1.4353878472044954,1.1527631272846566,1.2453893975272328,1.633844290956281,1.7470712143575675
Puducherry,2029,Forecast,1.4225820948530352,1.1324674272495256,1.2264391080648576,1.6257580772021236,1.744320653724173
Puducherry,2030,Forecast,1.4106758518522193,1.1228179533108087,1.2124766652967303,1.6196264328035936,1.7481992087480454
Puducherry,2031,Forecast,1.3999717359075925,1.1087690807823956,1.1993806310927355,1.6131313165972083,1.7459697588548555
Puducherry,2032,Forecast,1.3884380756204753,1.0895795451006187,1.1844443216607048,1.6001631306296287,1.742430545090017
Puducherry,2033,Forecast,1.3773947242435924,1.0749255238260977,1.1707850450416948,1.5939413457267082,1.7398454844680205
Puducherry,2034,Forecast,1.365577294357249,1.0652690078288338,1.1594794025878212,1.5803218912425157,1.7288892516200276
Puducherry,2035,Forecast,1.3550937858550687,1.0544564387254287,1.1454562183619899,1.5769257828348189,1.7194087411618133
Puducherry,2036,Forecast,1.344832870706988,1.0399495930124878,1.1296022359059088,1.5716354336149758,1.7124511261571864
Puducherry,2037,Forecast,1.3349088790978454,1.0257654471459963,1.1182535053901077,1.559704763013673,1.695460293185346
Puducherry,2038,Forecast,1.325861145900462,1.014326472884038,1.1079028460236415,1.547701185324908,1.6933833467275725
Puducherry,2039,Forecast,1.315923216223349,1.0105426035615008,1.099012360600718,1.5421663216836434,1.6880366154214068
Puducherry,2040,Forecast,1.3065341233445675,0.9955605490109507,1.0935714429594003,1.5364159466600467,1.6785798915172396
Puducherry,2041,Forecast,1.298824360213194,0.9888845800450086,1.0822437154379578,1.5267889659457932,1.6734632961891807
Puducherry,2042,Forecast,1.2901561100165055,0.9826456980070349,1.0689610909833622,1.51944776399977,1.6683158275155172
Puducherry,2043,Forecast,1.2817651621151327,0.9633842481487922,1.0576793360065393,1.5108455918320494,1.6691585989838955
Puducherry,2044,Forecast,1.2730608437016167,0.9565706684566628,1.0496818860401,1.4986265249902921,1.6599882989472434
Puducherry,2045,Forecast,1.2649602974381622,0.9477753658370686,1.0434521774889296,1.4941369980463282,1.6510423492210105
Puducherry,2046,Forecast,1.255608488796123,0.9325736048300353,1.0343695732734715,1.4903260321380467,1.637405057108993
Puducherry,2047,Forecast,1.246932395557047,0.9258030147238547,1.0237031102803236,1.4810386304211955,1.6184796501288838
Puducherry,2048,Forecast,1.2391371680048588,0.9172785717036714,1.0176472722700296,1.4697516858880253,1.618532535165988
Puducherry,2049,Forecast,1.2322085021721236,0.908834523779388,1.0088876801427207,1.4639464037770153,1.6158105108600729
Puducherry,2050,Forecast,1.2263271956174728,0.9010148274645973,1.0025859783310813,1.4590556221693125,1.6039076320378995
Punjab,2024,Forecast,1.471566682748914,1.3309981725321338,1.378147227479425,1.5680198275650514,1.626594001839099
Punjab,2025,Forecast,1.4556746598621955,1.2864693672192673,1.3399072353292139,1.5714921764809853,1.635299972591059
Punjab,2026,Forecast,1.4408844328555697,1.256819790054258,1.3118928251848674,1.571772240444886,1.6406517187421321
Punjab,2027,Forecast,1.4262776434145972,1.2224917137628555,1.2929112268671017,1.5634643014137237,1.648955356802373
Punjab,2028,Forecast,1.4118853502925552,1.1945836350950374,1.2652406484517504,1.5617963700060131,1.6499965374199197
Punjab,2029,Forecast,1.3986783429473169,1.1704492722400877,1.2490889215115952,1.5590847404333614,1.653057022456974
Punjab,2030,Forecast,1.3844026072457052,1.1470144010056535,1.2250159950548287,1.5495948897613798,1.6547810899135391
Punjab,2031,Forecast,1.3725644382770787,1.1271870940895707,1.2070665727885748,1.5432966494654432,1.6586329348466644
Punjab,2032,Forecast,1.3612373148738677,1.1058514001807278,1.1855136885199884,1.540225088328751,1.6598477461118575
Punjab,2033,Forecast,1.348676677487898,1.0880161801135801,1.167621951032055,1.5339940353405384,1.650827435300698
Punjab,2034,Forecast,1.3365303755632905,1.0729262722051311,1.150268448781095,1.5264677348976479,1.6429623115979068
Punjab,2035,Forecast,1.3241560577331926,1.061510421085465,1.1380836705114776,1.5213182592772219,1.6340004620754618
Punjab,2036,Forecast,1.312875746837583,1.0445018150857628,1.1290340698170485,1.5117096486955286,1.6292381010642387
Punjab,2037,Forecast,1.303058426171941,1.0298200498120818,1.1127446298457433,1.5059212442845982,1.6266964879277954
Punjab,2038,Forecast,1.2920791171803923,1.0163269276482207,1.1025170413774992,1.4932355961041777,1.6215722953117262
Punjab,2039,Forecast,1.2809872258330284,1.001568429598674,1.0897749999552582,1.4848780311390921,1.6065526201059368
Punjab,2040,Forecast,1.2713757749732337,0.9876213639130875,1.0779508558504174,1.4760753745911,1.600676015029886
Punjab,2041,Forecast,1.2617619170914631,0.9808238418390347,1.068852265261692,1.4705289330494016,1.5979541752322375
Punjab,2042,Forecast,1.2528229326816898,0.9665300081095334,1.0530288052282866,1.458808677804044,1.5835835397853606
Punjab,2043,Forecast,1.2444394934236052,0.9557379534758842,1.0454825293886398,1.4510026182186464,1.5796870076072382
Punjab,2044,Forecast,1.2367837822609138,0.9454147085676907,1.03836658650636,1.4434958119221026,1.576000616556702
Punjab,2045,Forecast,1.2294797514209488,0.9368009767801467,1.027071642854063,1.4407601731681536,1.5753858042975424
Punjab,2046,Forecast,1.2219424110413053,0.926206833088241,1.0179317155051548,1.4341596031655615,1.5598633924265237
Punjab,2047,Forecast,1.2137806685384422,0.9113732406868693,1.0083186503940547,1.4290224331259356,1.560070464364997
Punjab,2048,Forecast,1.2053494127554083,0.8986225406905933,1.0003362744764694,1.4240349095271665,1.5531762424767988
Punjab,2049,Forecast,1.197467370321678,0.8901861081956851,0.9884653000189838,1.412222398114037,1.5498986313683423
Punjab,2050,Forecast,1.189840708730818,0.8876478008590692,0.9801484152587315,1.4101936127844783,1.542684602921527
Rajasthan,2024,Forecast,2.320238839757766,2.1335995548739213,2.1924299715366042,2.449571403252511,2.52631952943499
Rajasthan,2025,Forecast,2.2908558382958133,2.0794043059644056,2.144296635456303,2.4353040891708293,2.5198126840206188
Rajasthan,2026,Forecast,2.263577691883418,2.0281466875418235,2.104581668459074,2.429238065933592,2.517982689735697
Rajasthan,2027,Forecast,2.2367804921582737,1.978430567900322,2.065027063687312,2.415109299745343,2.5100305188262415
Rajasthan,2028,Forecast,2.20987565290919,1.940285277939677,2.0270441388207727,2.399847654616193,2.5105955492195307
Rajasthan,2029,Forecast,2.1844645671032032,1.8992466668880275,1.9885168090128533,2.388314333601107,2.5033518665327494
Rajasthan,2030,Forecast,2.1578796291839444,1.863498912867684,1.9577770305319973,2.371364298887144,2.4946820591026784
Rajasthan,2031,Forecast,2.1340743505295316,1.822257547740716,1.9224067111787941,2.3486273533767026,2.4832152282013884
Rajasthan,2032,Forecast,2.1099105776263425,1.7980481775234498,1.8968776939202163,2.32993430928277,2.465886181054556
Rajasthan,2033,Forecast,2.086941059014504,1.7597907906726935,1.8715156421378316,2.314785564957945,2.4575917993365444
Rajasthan,2034,Forecast,2.0622586418727624,1.7332730339801419,1.8415790213180279,2.299838115275011,2.430939108939932
Rajasthan,2035,Forecast,2.0387345101920413,1.7127182126113352,1.8077233144253753,2.276590023026234,2.4211556197251656
Rajasthan,2036,Forecast,2.0167246015704965,1.6761992910950383,1.7854681097609795,2.2560836943635487,2.3957106538796906
Rajasthan,2037,Forecast,1.9952398113197658,1.6404259499474623,1.7619911793755691,2.239745231096333,2.381115833282318
Rajasthan,2038,Forecast,1.9743041439617195,1.6160664126961672,1.73285248434875,2.226363986267763,2.3699060971636934
Rajasthan,2039,Forecast,1.9535928614469316,1.5913298170412462,1.7122722084845312,2.2051188416000906,2.3642905563317176
Rajasthan,2040,Forecast,1.9334066367073355,1.5691903222486678,1.6843777192023976,2.1902451960029805,2.344552316541116
Rajasthan,2041,Forecast,1.914374613159547,1.5439209485903913,1.6651071960998933,2.1713075333731373,2.3348786939216946
Rajasthan,2042,Forecast,1.894990105749957,1.5199795832485254,1.6438989397959842,2.1586580884249345,2.321653591033015
Rajasthan,2043,Forecast,1.8760344144023284,1.5037903051577655,1.6206605920423307,2.1430606169603053,2.2964261552949328
Rajasthan,2044,Forecast,1.8589242052908397,1.4834335621100374,1.5982233484973865,2.1296245088433334,2.2787309592579024
Rajasthan,2045,Forecast,1.8413427771060793,1.4698844361999774,1.5837181638490445,2.1112769193176133,2.270222349359305
Rajasthan,2046,Forecast,1.8239581687045314,1.4427854950902015,1.5613541053843942,2.094307150374591,2.254456133789889
Rajasthan,2047,Forecast,1.8059308196699455,1.4323429215984875,1.5438544757912882,2.074916572229591,2.245946157332707
Rajasthan,2048,Forecast,1.7903439834947499,1.4092148239527853,1.5259105575302332,2.067540481626498,2.2438397885743875
Rajasthan,2049,Forecast,1.7741485825579637,1.3901194505793621,1.5095675685140555,2.0551098623084503,2.220586284920225
Rajasthan,2050,Forecast,1.7577318904356176,1.3720845494204592,1.4921289387260632,2.035945694239676,2.194563301825479
Sikkim,2023,Forecast,1.2315044184815505,1.0279556348265981,1.0899642166818508,1.3839301208067702,1.4669743804587658
Sikkim,2024,Forecast,1.2239341214279726,1.014990649477252,1.0759781452454513,1.3785689006173072,1.4737143375513995
Sikkim,2025,Forecast,1.2154465353674844,0.9966828575099603,1.062961217926292,1.3788986790665116,1.467078744481588
Sikkim,2026,Forecast,1.2086543323999193,0.9821466614964384,1.048723451615829,1.3736113815403042,1.4662249223672226
Sikkim,2027,Forecast,1.2009447899359802,0.9676617730232084,1.0404592907959425,1.3677447738293829,1.4688000221540196
Sikkim,2028,Forecast,1.1939287691394431,0.9598216994491643,1.0308184005819248,1.365362706040749,1.4629078791101384
Sikkim,2029,Forecast,1.1870956031282438,0.9422265098807948,1.0228341740765252,1.3617870565678751,1.4626511802518403
Sikkim,2030,Forecast,1.1807547835785188,0.938841666097037,1.0110084332461196,1.3591213576000603,1.4630111350358554
Sikkim,2031,Forecast,1.1750269928599806,0.9239718033250689,1.0015902701244033,1.3569469911983982,1.4684217144200014
Sikkim,2032,Forecast,1.169331398444313,0.9169153858562439,0.9947088527312642,1.3519568091496441,1.4708202145919425
Sikkim,2033,Forecast,1.1638593730119084,0.9031532698646151,0.9834727612249722,1.3516015911377717,1.4757306723018768
Sikkim,2034,Forecast,1.1572652059032043,0.8943723680461181,0.9743982104536287,1.3520179023667929,1.4776706944455957
Sikkim,2035,Forecast,1.1506264790410614,0.8845059540448207,0.9641170011490663,1.3491046109222524,1.462978286175757
Sikkim,2036,Forecast,1.145953871016316,0.8744501520107824,0.9589110539828185,1.3418746934035437,1.4621283409101704
Sikkim,2037,Forecast,1.140203125913021,0.8593910870058621,0.9524942876156444,1.3385349218437637,1.4633075554492574
Sikkim,2038,Forecast,1.1342867768919471,0.854673792871804,0.945734809455739,1.329267280426739,1.464216532856036
Sikkim,2039,Forecast,1.1308908534339936,0.8515382524786653,0.9424244556043637,1.3289612195657619,1.4714280253694958
Sikkim,2040,Forecast,1.126964406752278,0.8429986462677833,0.9362496951949499,1.3321201267062495,1.4636907819353648
Sikkim,2041,Forecast,1.121914949527588,0.8432750565572983,0.9300934020305911,1.3236448192872616,1.4720451040244213
Sikkim,2042,Forecast,1.1162897442409705,0.8301228009802387,0.9239387869089566,1.3196183036601532,1.4591080366606881
Sikkim,2043,Forecast,1.1120826524006995,0.8289086972671241,0.9142187453788543,1.3157606078089759,1.4628202229059963
Sikkim,2044,Forecast,1.1079827098457733,0.8231469933456673,0.9094128926721473,1.3159403789051236,1.4500792817116763
Sikkim,2045,Forecast,1.1030990856644942,0.81742544665025485,0.9040001651082603,1.3086241042712776,1.4477269816410319
Sikkim,2046,Forecast,1.0982368880086735,0.8160967229628922,0.8982269806878076,1.302419880597724,1.4438211807963397
Sikkim,2047,Forecast,1.0936937969555673,0.8034344477199669,0.8944835909881558,1.3015766278995193,1.4491761196243544
Sikkim,2048,Forecast,1.0901994546016247,0.7994520024253196,0.8910718696449003,1.3027781220757713,1.4404085369973492
Sikkim,2049,Forecast,1.086173397102057,0.797240462442155,0.885218704552283,1.2980799348191794,1.4256949141397617
Sikkim,2050,Forecast,1.0828962783381486,0.7874386126730618,0.8809627048450074,1.298665787742345,1.4259515887131418
Tamil Nadu,2024,Forecast,1.3426418709243952,1.2201493241484072,1.2589160641903674,1.4280742751486903,1.4750878920103225
Tamil Nadu,2025,Forecast,1.3326742818821633,1.1877433801373158,1.2353528985438818,1.4355841780288203,1.4918176015995408
Tamil Nadu,2026,Forecast,1.3220877892636735,1.1535910747373963,1.213003861384667,1.4342228323829402,1.50773874562694
Tamil Nadu,2027,Forecast,1.3128416537448555,1.1319691196458586,1.1921548845870835,1.4375607379872568,1.5115701459222264
Tamil Nadu,2028,Forecast,1.302926800796745,1.111361624400764,1.174839491883422,1.4351651515422215,1.510627298083
Tamil Nadu,2029,Forecast,1.2951867368828651,1.0934497680713515,1.158583951496695,1.4328745316503,1.5140313958940732
Tamil Nadu,2030,Forecast,1.2873813519077315,1.0732453787110023,1.1449059245151805,1.4340942667754657,1.523254507238708
Tamil Nadu,2031,Forecast,1.2800797865061952,1.0594589792682367,1.1339806500725278,1.4335179221273058,1.5249789595656014
Tamil Nadu,2032,Forecast,1.2726052356456334,1.0481762982609308,1.1184373586849743,1.4337349631630538,1.5274454029667168
Tamil Nadu,2033,Forecast,1.2650668373264704,1.034698915506293,1.1047818072440567,1.4283996799400889,1.5306831342538396
Tamil Nadu,2034,Forecast,1.2566761431115763,1.0164506732141279,1.0933030782696225,1.429277563894472,1.5368412659187471
Tamil Nadu,2035,Forecast,1.2483573195045006,1.0054486953230957,1.0844293935693905,1.421100052978885,1.5258009994966615
Tamil Nadu,2036,Forecast,1.2404912240129118,0.9947466901709912,1.0736295945418393,1.4187476628000213,1.5246845941676554
Tamil Nadu,2037,Forecast,1.233490445752486,0.9855820334462458,1.0624380319403233,1.4158609179492745,1.523545776994783
Tamil Nadu,2038,Forecast,1.2264672937435566,0.9827759845472963,1.0531602882048685,1.4096116007413297,1.5240672117213019
Tamil Nadu,2039,Forecast,1.218958459941995,0.9663502154859203,1.0457785700488236,1.405759791904181,1.5146540704542246
Tamil Nadu,2040,Forecast,1.2132114885833032,0.961833696498754,1.0340740641971713,1.4031006555333478,1.5216074369350157
Tamil Nadu,2041,Forecast,1.206530443446325,0.9552892489841776,1.02633045156221,1.3964964556610915,1.5075764427305185
Tamil Nadu,2042,Forecast,1.2003786930270597,0.9455540609586088,1.0205223254065738,1.3951337946259548,1.507278278292465
Tamil Nadu,2043,Forecast,1.194433596527063,0.9369232668920892,1.0115725071767057,1.3895607472003166,1.5111403561115508
Tamil Nadu,2044,Forecast,1.188337232967221,0.9248001933108455,1.00501875970369,1.3847496722228883,1.508489648888686
Tamil Nadu,2045,Forecast,1.1827786881808857,0.9174719563202252,0.9988376083542497,1.384870635648678,1.5056084869861572
Tamil Nadu,2046,Forecast,1.1774972368094336,0.9132521359821623,0.9873081244155728,1.3826447153726096,1.504187810887308
Tamil Nadu,2047,Forecast,1.1727057257402966,0.8980786985487604,0.9828402819293351,1.373124608135195,1.5071148817012068
Tamil Nadu,2048,Forecast,1.1675753310819865,0.890612041566238,0.9754923664049142,1.3733536418940857,1.505846099316787
Tamil Nadu,2049,Forecast,1.1618665093551317,0.8877412297141175,0.9679480935021043,1.3733830831470255,1.4929652635769783
Tamil Nadu,2050,Forecast,1.1573891497090287,0.8781948480686469,0.9643413545388673,1.365866728875671,1.4936639189710874
Telangana,2024,Forecast,1.5152735133473978,1.3681344390172594,1.4181194867980802,1.6156911777217529,1.6780390939513081
Telangana,2025,Forecast,1.4987828984400622,1.3280647823053973,1.3846715136806578,1.6165099723031433,1.6825786532699054
Telangana,2026,Forecast,1.4823802548713672,1.2935793621721214,1.353430792080427,1.6142079127245281,1.698222904207038
Telangana,2027,Forecast,1.4638547370985124,1.2579971784709243,1.3256336409164167,1.6029323778027997,1.6948587020671508
Telangana,2028,Forecast,1.4486820563939073,1.2250974292423498,1.2990041078865686,1.6046752139971256,1.694039091094386
Telangana,2029,Forecast,1.4342761071399512,1.2045117391750473,1.2790436383693178,1.598069470003324,1.7003192116149561
Telangana,2030,Forecast,1.4172893577802046,1.1814349232724521,1.2551027893011526,1.5919989420022653,1.6890641531962256
Telangana,2031,Forecast,1.4028692661250248,1.159634371562842,1.2369628006742759,1.5832754490408256,1.6896874790135568
Telangana,2032,Forecast,1.3884010673227123,1.1379933349595714,1.2147307147221675,1.5726929130909484,1.6810283877532208
Telangana,2033,Forecast,1.3748575911859404,1.120295207912868,1.1987548432550483,1.5666175598372925,1.6802837104184982
Telangana,2034,Forecast,1.3631811918599257,1.100072642158078,1.180937482614657,1.5586111625197023,1.679508204902677
Telangana,2035,Forecast,1.351105050325052,1.0851395090771743,1.1657177737970728,1.5445890034109098,1.678822545862341
Telangana,2036,Forecast,1.340442622127884,1.0660614681564462,1.1503377662074614,1.540050866562416,1.6835660362770277
Telangana,2037,Forecast,1.3280972200750825,1.0507254440471028,1.1390451188039077,1.5317105939257163,1.665661208199977
Telangana,2038,Forecast,1.3163823786923297,1.0384303751341077,1.12193932672494,1.522336005523067,1.6620575139441776
Telangana,2039,Forecast,1.3049105488481536,1.022707060349074,1.110392451356236,1.5120326792048775,1.6341400933626138
Telangana,2040,Forecast,1.2946902869770271,1.011476910906628,1.0973708149764032,1.5054485571746963,1.6313360046387553
Telangana,2041,Forecast,1.2841205869417591,0.9950052655298748,1.0867778037036102,1.5026594874957206,1.6267166980039134
Telangana,2042,Forecast,1.2742328855468978,0.9847753128265496,1.072515524598396,1.4924732866444623,1.6304744772911781
Telangana,2043,Forecast,1.2638832312050923,0.9712019220298284,1.0614488127261512,1.4823279735198787,1.6358971255910086
Telangana,2044,Forecast,1.2557569694673902,0.9603701921278291,1.0470936609497568,1.478839995117632,1.62917075746419
Telangana,2045,Forecast,1.2474327387495416,0.9537888539613658,1.0412246432557468,1.4773604359509949,1.6143851672963847
Telangana,2046,Forecast,1.2387760991798562,0.9431107868329885,1.0307963591143126,1.4696872287588847,1.603107357802037
Telangana,2047,Forecast,1.2310644782737494,0.9323509184423935,1.0217830619133772,1.4591880034628264,1.6058970439252565
Telangana,2048,Forecast,1.222303539909879,0.9215347745069407,1.0093674422717183,1.454328490990068,1.59449502089732
Telangana,2049,Forecast,1.214422691843007,0.9173513304320331,1.0026978716733916,1.4476653888936966,1.5865559875827095
Telangana,2050,Forecast,1.2063793913266088,0.9117358366532411,0.9967078737479852,1.4371802952900004,1.579277737487266
Tripura,2023,Forecast,1.407113000916146,1.1900891054002543,1.2634020177143193,1.5591770463287484,1.6496057573471217
Tripura,2024,Forecast,1.3968555189152663,1.1734448157277746,1.2479309494961472,1.5592369195045102,1.6476412838887393
Tripura,2025,Forecast,1.3879780989398145,1.160272805857925,1.2361664796710088,1.5559737313327082,1.6561852866655413
Tripura,2026,Forecast,1.3777562934150596,1.140465473488531,1.2218054145220991,1.5441152219295275,1.6486615067142145
Tripura,2027,Forecast,1.3687212151028796,1.1291337925374068,1.212958124611252,1.540552716221326,1.6468815682994902
Tripura,2028,Forecast,1.3593787218438416,1.1202022351605694,1.1933796718221146,1.5349998456730138,1.6425918165594535
Tripura,2029,Forecast,1.3503006613728032,1.107099809996014,1.180389494594904,1.5274106603594781,1.6452480231228934
Tripura,2030,Forecast,1.3423737520963264,1.0890834102262243,1.1712509251308176,1.5253984764627566,1.6455811903801683
Tripura,2031,Forecast,1.3334672753837096,1.0748854197690292,1.158358242220873,1.519589588650686,1.6347519695277284
Tripura,2032,Forecast,1.3250852674564193,1.067073379884739,1.1453271323340837,1.514289697960274,1.630570252345733
Tripura,2033,Forecast,1.3169844647787992,1.0526424256895506,1.1356486490691176,1.5102763180500838,1.632745303805955
Tripura,2034,Forecast,1.3090166220233526,1.045545286331856,1.1266115543303057,1.5084463778868855,1.6220407822584846
Tripura,2035,Forecast,1.3018280287816444,1.029249042703005,1.1169041859071707,1.499316931731074,1.6207910841327657
Tripura,2036,Forecast,1.2946064915460263,1.0213929578007552,1.107561119149296,1.4983004628390608,1.612338578751166
Tripura,2037,Forecast,1.287062594552261,1.008982154419365,1.0980592808803338,1.4904708941966278,1.6160569971520755
Tripura,2038,Forecast,1.2799616099982805,0.9952037551834527,1.0888951156553108,1.485460704631339,1.6083379443604688
Tripura,2039,Forecast,1.2724122437215675,0.9890416550241634,1.080645303860423,1.4727444038299593,1.6039277760426813
Tripura,2040,Forecast,1.2651710421294273,0.9810143163666207,1.0734422368346102,1.475905591182246,1.6011212906369388
Tripura,2041,Forecast,1.258610465954186,0.9723316670055577,1.0632683090891637,1.4688908802836902,1.5823349445694337
Tripura,2042,Forecast,1.2517100669586232,0.9652232921017112,1.0503805015759655,1.4610450798983536,1.584811399340204
Tripura,2043,Forecast,1.245116127837286,0.9507286428213416,1.0483904835723037,1.4537023869351875,1.582384079281353
Tripura,2044,Forecast,1.2393303013142516,0.9440436597541517,1.0402997202078796,1.4475631120726413,1.590398445311303
Tripura,2045,Forecast,1.233557937663359,0.9394219510151383,1.0316965397749116,1.442864554423378,1.592069866906073
Tripura,2046,Forecast,1.2279601879511617,0.9334989162565549,1.0242199643377805,1.4401043433002902,1.5915026351437525
Tripura,2047,Forecast,1.221842999955546,0.9227416265098338,1.019360060592283,1.438940627888728,1.5849232151662387
Tripura,2048,Forecast,1.2173764248105585,0.9160044826954373,1.0125468646278413,1.4369993654007072,1.5834482423594425
Tripura,2049,Forecast,1.2112010293961193,0.9071586268088552,1.0049690319827385,1.4339042974345837,1.573558901270456
Tripura,2050,Forecast,1.2052959457719226,0.9055330908145717,1.0023831049221956,1.427449018871245,1.5610257268362615
Uttar Pradesh,2024,Forecast,2.5732000657941305,2.3607094506942508,2.4341060044218255,2.7135773933650658,2.7925560231546616
Uttar Pradesh,2025,Forecast,2.5374938465562664,2.291827745106284,2.3800756400001863,2.6981880868493247,2.7857714398526965
Uttar Pradesh,2026,Forecast,2.5025365404893165,2.2362237984436493,2.32845487290428,2.6835335015893516,2.775243796532814
Uttar Pradesh,2027,Forecast,2.4707642586425282,2.1764892971706113,2.2854632561353534,2.6581060851595573,2.764110358143818
Uttar Pradesh,2028,Forecast,2.4398812993278076,2.1400973705007518,2.241106046949416,2.6438187012462944,2.751276749677795
Uttar Pradesh,2029,Forecast,2.4096158961703544,2.096006788170544,2.1983139900921627,2.6238611081065444,2.7389562863335386
Uttar Pradesh,2030,Forecast,2.378882394852117,2.0494256503995674,2.161207371791703,2.6003969345271236,2.7193229488856847
Uttar Pradesh,2031,Forecast,2.3506186119985,2.016644255560765,2.119603159439393,2.579209468253059,2.70697509640402
Uttar Pradesh,2032,Forecast,2.3219628176997436,1.9840049117378187,2.0877374559804522,2.5581322754246076,2.6966467758224852
Uttar Pradesh,2033,Forecast,2.2935500130867954,1.9383475349188735,2.0544800496813007,2.5417014944152787,2.674877413814208
Uttar Pradesh,2034,Forecast,2.26739141812951,1.9037061826967032,2.025007183507211,2.521929831535397,2.648781933212804
Uttar Pradesh,2035,Forecast,2.240931977457959,1.8789501318462623,1.9929849297729474,2.503756718803064,2.6386137933947027
Uttar Pradesh,2036,Forecast,2.2143819004274032,1.8458179965881927,1.9617154988987004,2.475158837246874,2.6291916505750006
Uttar Pradesh,2037,Forecast,2.1877103163541203,1.8147303953016507,1.9321541297147442,2.4501759326717125,2.606563977985472
Uttar Pradesh,2038,Forecast,2.1629247922964536,1.7788469970383511,1.9042185996576204,2.428738304614856,2.589655552061097
Uttar Pradesh,2039,Forecast,2.1393690758400825,1.7547549676992698,1.8721632087776487,2.412163948786538,2.5895779657646334
Uttar Pradesh,2040,Forecast,2.115750941892285,1.7336250233000585,1.8545564206820653,2.393638084228426,2.5486178313195085
Uttar Pradesh,2041,Forecast,2.093327577469032,1.7014372048355364,1.8407113544133296,2.3732207397052707,2.5278107021278533
Uttar Pradesh,2042,Forecast,2.0715830689293697,1.679838253295011,1.8156756350696868,2.351258421146948,2.5102691217801434
Uttar Pradesh,2043,Forecast,2.0486732163623222,1.6551829079605924,1.787684385249728,2.332334101118731,2.4897148966541893
Uttar Pradesh,2044,Forecast,2.027958699015631,1.6246704564554963,1.7630745041399871,2.3117241398007202,2.4801034941599562
Uttar Pradesh,2045,Forecast,2.0067691335770097,1.6057200680798962,1.7359178866520668,2.2922444238649877,2.4643707103212122
Uttar Pradesh,2046,Forecast,1.9864362861786635,1.5811539949871753,1.7163064011480984,2.2729902254519514,2.44387784576006
Uttar Pradesh,2047,Forecast,1.965798714993617,1.5531460350096336,1.6915181798712535,2.252715885109569,2.425883509319722
Uttar Pradesh,2048,Forecast,1.948229722795425,1.5373425195924186,1.6715863212760098,2.238369137791692,2.4152055994994077
Uttar Pradesh,2049,Forecast,1.9298705087436674,1.516035683819033,1.6542831139429746,2.219457830914894,2.406763412491974
Uttar Pradesh,2050,Forecast,1.910974568892525,1.4956848419538717,1.6343935430534682,2.2005973433749277,2.3745402604557286
Uttarakhand,2024,Forecast,1.7249600281417037,1.571516641422069,1.6190720380663675,1.8300550527027668,1.884697805044903
Uttarakhand,2025,Forecast,1.7070291708715342,1.5293848419500737,1.588811891467024,1.8289138052010585,1.8938271738260428
Uttarakhand,2026,Forecast,1.6877370282250541,1.4989741119856126,1.5598702669828617,1.818965674446606,1.9000591709083439
Uttarakhand,2027,Forecast,1.6701813845485138,1.4648965144853607,1.5279532596102954,1.8125130183136007,1.898097818242597
Uttarakhand,2028,Forecast,1.6525975082404925,1.4294411556542124,1.5013639771850391,1.8087054480954248,1.8892892856394694
Uttarakhand,2029,Forecast,1.638345492049231,1.4027838590665365,1.4799835435205695,1.8022088587811909,1.8961473997292562
Uttarakhand,2030,Forecast,1.620604260751658,1.3765746903007843,1.4557937573588846,1.7980488753430939,1.8844403677345403
Uttarakhand,2031,Forecast,1.6037981663789527,1.3480343982127494,1.431910412962265,1.7823147107667965,1.8838239727615291
Uttarakhand,2032,Forecast,1.5869309112984005,1.3272630305598758,1.408436037192561,1.7703358615177471,1.877904963601609
Uttarakhand,2033,Forecast,1.5719474952877008,1.3034211161184663,1.3879868818571481,1.7638001631329265,1.8686199679256081
Uttarakhand,2034,Forecast,1.55780207769602,1.2777188418090362,1.3688792828555005,1.7588786079608503,1.865855849251548
Uttarakhand,2035,Forecast,1.543190980564456,1.262574066735921,1.3509325943633121,1.7410964850998238,1.8666735438430186
Uttarakhand,2036,Forecast,1.5292840825136846,1.2413112590708197,1.3348561609678034,1.7293042906893135,1.8529022302750997
Uttarakhand,2037,Forecast,1.515703124016233,1.226909741808616,1.3190517298073048,1.7184973637831442,1.8497007722140835
Uttarakhand,2038,Forecast,1.5021679987257328,1.2089167441133895,1.3017385180706529,1.7081081358198618,1.826504660227838
Uttarakhand,2039,Forecast,1.4904439147565192,1.1932947574795176,1.2866841058345428,1.7010481469307375,1.8270086878828948
Uttarakhand,2040,Forecast,1.4779240714165724,1.179095324034998,1.2727018417107772,1.6886116498539978,1.8279813242547747
Uttarakhand,2041,Forecast,1.4660769675281982,1.1622154193569603,1.2585724716022593,1.6827879129530583,1.8265079598410332
Uttarakhand,2042,Forecast,1.4551579764036056,1.1535975931025333,1.2467175047518724,1.6735704922334094,1.820684086329588
Uttarakhand,2043,Forecast,1.4436028998602644,1.1358019822464227,1.236727758505313,1.6660162196003676,1.8116278673403403
Uttarakhand,2044,Forecast,1.4323803596867715,1.119191262674849,1.2227491249359916,1.652556009962059,1.7907621116767138
Uttarakhand,2045,Forecast,1.4213078849065588,1.1114292586927794,1.2080763520601676,1.6455333593889023,1.7859941611042076
Uttarakhand,2046,Forecast,1.4104073569759046,1.0983359337863388,1.1969056770233943,1.6371473392029714,1.7811365408210804
Uttarakhand,2047,Forecast,1.4010474774239403,1.089727376766072,1.1878250129115808,1.6295357367364953,1.7711351935381927
Uttarakhand,2048,Forecast,1.3905775222608439,1.0822570637917384,1.176145537637532,1.6198539160438357,1.7586995810605057
Uttarakhand,2049,Forecast,1.3802008812164948,1.0652533179557473,1.165663381158482,1.6067259630552695,1.7528441032190574
Uttarakhand,2050,Forecast,1.369314699919156,1.0559719123748783,1.1532629673851789,1.5989669833384554,1.7468284135556047
West Bengal,2024,Forecast,1.3430665394529606,1.2142488256315238,1.256682370655312,1.4340414597356672,1.4842491560299553
West Bengal,2025,Forecast,1.330483384906561,1.180426540380241,1.2307920642089176,1.4375091724296443,1.5007217907376833
West Bengal,2026,Forecast,1.3179745034243213,1.1525504289886945,1.2048920477757845,1.436702087673445,1.5097022202311803
West Bengal,2027,Forecast,1.3065288917975608,1.1296309101555027,1.184809625106767,1.4387670535308286,1.5136223207433368
West Bengal,2028,Forecast,1.296656610850137,1.1052051203495425,1.164996797519362,1.4384226039528452,1.5200851971513407
West Bengal,2029,Forecast,1.285715573615124,1.082181589561132,1.1475521583483494,1.4346579714875856,1.5331670796736572
West Bengal,2030,Forecast,1.2757466613753505,1.0612643180786485,1.1324074036391618,1.4288130359561633,1.534986431394958
West Bengal,2031,Forecast,1.2660242078260724,1.0451269129766947,1.1176275173061472,1.426057801057984,1.5320008433552867
West Bengal,2032,Forecast,1.2564469718531122,1.023234867260383,1.1004085578728118,1.4231072092597354,1.5258872583083485
West Bengal,2033,Forecast,1.2473792911762156,1.0095958887305108,1.0828566857120765,1.418952702119912,1.5330843612229303
West Bengal,2034,Forecast,1.2399734447484676,1.0018097205588383,1.0715860937029809,1.418031115812141,1.5380713454572528
West Bengal,2035,Forecast,1.231298242577511,0.987019056911585,1.0599622443663799,1.4134367457735495,1.5371817663053973
West Bengal,2036,Forecast,1.2226148173242897,0.9668108169272079,1.048344811120227,1.4135687244155266,1.5226065160804967
West Bengal,2037,Forecast,1.2155032935659527,0.9514692347912823,1.0352076021866106,1.4079701353772553,1.524872565292267
West Bengal,2038,Forecast,1.2081947617975022,0.941601629836136,1.025645174366476,1.4052926073984617,1.5204369038353927
West Bengal,2039,Forecast,1.2006532074840013,0.9334655372676963,1.015664533134274,1.3948206829035754,1.5262246514944164
West Bengal,2040,Forecast,1.1929458288761163,0.9210762613131528,1.0058774607241372,1.3941339842609144,1.5268738789979301
West Bengal,2041,Forecast,1.1858190395184638,0.9130614372306588,0.9982931322398,1.3865680253804955,1.5104791630011145
West Bengal,2042,Forecast,1.179429431874077,0.9033873334215003,0.9911302273761823,1.3845271340858345,1.5088346882526615
West Bengal,2043,Forecast,1.1730371709372593,0.8943456965027115,0.9803980323969732,1.3764807186920012,1.5070324029484097
West Bengal,2044,Forecast,1.1666925117877485,0.887062918665606,0.9706787143914901,1.3720734389442775,1.4948898267728512
West Bengal,2045,Forecast,1.1616802239538067,0.8817861060737574,0.9647353137400827,1.370462031284253,1.4981504746768017
West Bengal,2046,Forecast,1.1562546157515536,0.8768408565844015,0.961639971090756,1.364276839253318,1.5019925025371543
West Bengal,2047,Forecast,1.1510932705318873,0.8735330503272108,0.9567293649164919,1.3612183445420187,1.502984653786389
West Bengal,2048,Forecast,1.1443811153384444,0.8669843400371748,0.9483091424260317,1.3525816562327437,1.4920991932709717
West Bengal,2049,Forecast,1.1399933550893757,0.8609527844011694,0.9416100361880013,1.3483503140105937,1.4853328818860692
West Bengal,2050,Forecast,1.1347774192856344,0.8542184935455996,0.9379774777782702,1.3425069824916,1.475648244478743
